Trade#,Symbol,Type,Side,Entry Time,Entry Price,Entry Fee,Exit Time,Exit Price,Exit Fee,Size,Gross P&L,Net P&L,Return %,Hold Hours,Exit Reason,Peak Price,Peak ROC
1,CORECHAIN-USD,roc_momentum,buy,2025-12-14 15:02:00+00:00,0.1634,0.25,2025-12-14 15:03:00+00:00,0.1617,0.24739902080783358,152.99877600979192,-0.2600979192166431,-0.7574969400244767,-1.0403916768665724,0.016666666666666666,roc_peak_drop,0.1634,0.4302397049784856
2,CORECHAIN-USD,roc_momentum,buy,2025-12-14 15:05:00+00:00,0.165,0.25,2025-12-14 15:09:00+00:00,0.1673,0.2534848484848485,151.5151515151515,0.34848484848484795,-0.15500000000000055,1.3939393939393918,0.06666666666666667,roc_peak_drop,0.1687,4.329004329004316
3,CORECHAIN-USD,roc_momentum,buy,2025-12-14 15:09:00+00:00,0.1673,0.25,2025-12-14 15:10:00+00:00,0.1669,0.24940227136879856,149.43215780035862,-0.05977286312014517,-0.5591751344889437,-0.23909145248058067,0.016666666666666666,roc_peak_drop,0.1673,2.4494794856093183
4,CORECHAIN-USD,roc_momentum,buy,2025-12-14 15:10:00+00:00,0.1669,0.25,2025-12-14 15:11:00+00:00,0.1682,0.25194727381665666,149.79029358897543,0.19472738166566742,-0.30721989215098927,0.7789095266626697,0.016666666666666666,roc_peak_drop,0.1682,1.1515151515151478
5,CORECHAIN-USD,roc_momentum,buy,2025-12-14 15:11:00+00:00,0.1682,0.25,2025-12-14 15:13:00+00:00,0.1686,0.2505945303210464,148.63258026159335,0.05945303210463904,-0.44114149821640736,0.23781212841855617,0.03333333333333333,roc_peak_drop,0.1714,1.8419489007724277
6,CORECHAIN-USD,roc_momentum,buy,2025-12-14 15:13:00+00:00,0.1686,0.25,2025-12-14 15:16:00+00:00,0.1708,0.25326215895610915,148.27995255041517,0.3262158956109145,-0.17704626334519463,1.304863582443658,0.05,roc_peak_drop,0.1725,3.355302576393049
7,CORECHAIN-USD,roc_momentum,buy,2025-12-14 15:16:00+00:00,0.1708,0.25,2025-12-14 15:17:00+00:00,0.1707,0.24985362997658078,146.37002341920373,-0.014637002341922825,-0.5144906323185036,-0.0585480093676913,0.016666666666666666,roc_peak_drop,0.1708,1.5457788347205792
8,CORECHAIN-USD,roc_momentum,buy,2025-12-14 15:17:00+00:00,0.1707,0.25,2025-12-14 15:19:00+00:00,0.1689,0.24736379613356768,146.4557703573521,-0.2636203866432332,-0.7609841827768008,-1.0544815465729327,0.03333333333333333,roc_peak_drop,0.1707,0.6524317912218303
9,CORECHAIN-USD,roc_momentum,buy,2025-12-14 15:19:00+00:00,0.1689,0.25,2025-12-14 15:20:00+00:00,0.1703,0.2520722320899941,148.01657785671995,0.20722320899940977,-0.2948490230905843,0.8288928359976391,0.016666666666666666,roc_reversal,0.1703,-1.2753623188405672
10,CORECHAIN-USD,roc_momentum,buy,2025-12-14 15:20:00+00:00,0.1703,0.25,2025-12-14 15:22:00+00:00,0.1708,0.2507339988256019,146.7997651203758,0.07339988256018797,-0.4273341162654139,0.29359953024075186,0.03333333333333333,roc_peak_drop,0.1713,0.29274004683841337
11,CORECHAIN-USD,roc_momentum,buy,2025-12-14 15:22:00+00:00,0.1708,0.25,2025-12-14 15:23:00+00:00,0.1691,0.24751170960187352,146.37002341920373,-0.2488290398126474,-0.7463407494145209,-0.9953161592505896,0.016666666666666666,roc_peak_drop,0.1708,0.05858230814295151
12,CORECHAIN-USD,roc_momentum,buy,2025-12-14 15:23:00+00:00,0.1691,0.25,2025-12-14 15:25:00+00:00,0.1709,0.2526611472501478,147.84151389710232,0.26611472501478356,-0.23654642223536426,1.0644589000591342,0.03333333333333333,roc_peak_drop,0.1709,1.1841326228537508
13,CORECHAIN-USD,roc_momentum,buy,2025-12-14 15:25:00+00:00,0.1709,0.25,2025-12-14 15:26:00+00:00,0.1711,0.25029256875365713,146.2843768285547,0.029256875365711782,-0.4710356933879453,0.11702750146284713,0.016666666666666666,roc_peak_drop,0.1711,0.35231943628890594
14,CORECHAIN-USD,roc_momentum,buy,2025-12-14 15:26:00+00:00,0.1711,0.25,2025-12-14 15:27:00+00:00,0.1707,0.2494155464640561,146.11338398597312,-0.05844535359439092,-0.557860900058447,-0.23378141437756367,0.016666666666666666,roc_reversal,0.1711,-0.058548009367687115
15,CORECHAIN-USD,roc_momentum,buy,2025-12-14 15:27:00+00:00,0.1707,0.25,2025-12-14 15:29:00+00:00,0.1708,0.2501464557703574,146.4557703573521,0.014645577035737661,-0.4855008787346197,0.058582308142950644,0.03333333333333333,roc_peak_drop,0.1709,1.0644589000591287
16,CORECHAIN-USD,roc_momentum,buy,2025-12-14 15:29:00+00:00,0.1708,0.25,2025-12-14 15:33:00+00:00,0.1727,0.25278103044496486,146.37002341920373,0.27810304449648493,-0.22467798594847993,1.1124121779859397,0.06666666666666667,roc_peak_drop,0.1737,1.7574692442882345
17,CORECHAIN-USD,roc_momentum,buy,2025-12-14 15:33:00+00:00,0.1727,0.25,2025-12-14 15:34:00+00:00,0.172,0.2489866821077012,144.7596988998263,-0.1013317892298793,-0.6003184713375805,-0.4053271569195172,0.016666666666666666,roc_peak_drop,0.1727,1.0532475131656005
18,CORECHAIN-USD,roc_momentum,buy,2025-12-14 15:34:00+00:00,0.172,0.25,2025-12-14 15:36:00+00:00,0.1725,0.2507267441860465,145.34883720930233,0.07267441860465124,-0.4280523255813953,0.29069767441860495,0.03333333333333333,roc_peak_drop,0.1725,0.7025761124121566
19,CORECHAIN-USD,roc_momentum,buy,2025-12-14 15:36:00+00:00,0.1725,0.25,2025-12-14 15:37:00+00:00,0.1727,0.25028985507246376,144.92753623188406,0.028985507246377645,-0.47130434782608616,0.11594202898551058,0.016666666666666666,roc_peak_drop,0.1727,0.11607661056296514
20,CORECHAIN-USD,roc_momentum,buy,2025-12-14 15:37:00+00:00,0.1727,0.25,2025-12-14 15:39:00+00:00,0.172,0.2489866821077012,144.7596988998263,-0.1013317892298793,-0.6003184713375805,-0.4053271569195172,0.03333333333333333,roc_peak_drop,0.1731,0.23161551823973614
21,CORECHAIN-USD,roc_momentum,buy,2025-12-14 15:39:00+00:00,0.172,0.25,2025-12-14 15:41:00+00:00,0.1729,0.25130813953488373,145.34883720930233,0.13081395348837382,-0.3704941860465099,0.5232558139534953,0.03333333333333333,roc_peak_drop,0.1736,0.6376811594202891
22,CORECHAIN-USD,roc_momentum,buy,2025-12-14 15:41:00+00:00,0.1729,0.25,2025-12-14 15:44:00+00:00,0.1721,0.24884326200115675,144.59224985540774,-0.1156737998843255,-0.6145170618854823,-0.462695199537302,0.05,roc_peak_drop,0.1739,0.46216060080876975
23,CORECHAIN-USD,roc_momentum,buy,2025-12-14 15:44:00+00:00,0.1721,0.25,2025-12-14 15:45:00+00:00,0.1731,0.2514526438117374,145.2643811737362,0.14526438117373633,-0.356188262638001,0.5810575246949453,0.016666666666666666,roc_peak_drop,0.1731,0.0581395348837388
24,CORECHAIN-USD,roc_momentum,buy,2025-12-14 15:45:00+00:00,0.1731,0.25,2025-12-14 15:52:00+00:00,0.1793,0.2589543616406701,144.42518775274408,0.8954361640670109,0.3864818024263407,3.5817446562680435,0.11666666666666667,take_profit,0.1793,3.2539221382916983
25,CORECHAIN-USD,roc_momentum,buy,2025-12-14 15:52:00+00:00,0.1793,0.25,2025-12-14 15:53:00+00:00,0.1777,0.2477691020635806,139.43112102621305,-0.22308979364193954,-0.7208588957055202,-0.8923591745677582,0.016666666666666666,roc_peak_drop,0.1793,0.9003939223410251
26,CORECHAIN-USD,roc_momentum,buy,2025-12-14 15:53:00+00:00,0.1777,0.25,2025-12-14 15:54:00+00:00,0.1776,0.24985931344963422,140.68655036578502,-0.014068655036576954,-0.5139279684862111,-0.05627462014630782,0.016666666666666666,roc_reversal,0.1777,
27,CORECHAIN-USD,roc_momentum,buy,2025-12-14 15:54:00+00:00,0.1776,0.25,2025-12-14 15:57:00+00:00,0.1785,0.2512668918918919,140.76576576576576,0.12668918918918695,-0.3745777027027049,0.5067567567567478,0.05,roc_peak_drop,0.1793,0.6172839506172867
28,CORECHAIN-USD,roc_momentum,buy,2025-12-14 15:57:00+00:00,0.1785,0.25,2025-12-14 15:59:00+00:00,0.1783,0.24971988795518207,140.0560224089636,-0.02801120448179352,-0.5277310924369756,-0.11204481792717408,0.03333333333333333,roc_peak_drop,0.1803,1.463140123804152
29,CORECHAIN-USD,roc_momentum,buy,2025-12-14 15:59:00+00:00,0.1783,0.25,2025-12-14 16:00:00+00:00,0.1791,0.25112170499158726,140.21312394840157,0.11217049915872448,-0.38895120583286275,0.44868199663489794,0.016666666666666666,roc_peak_drop,0.1791,0.39414414414413734
30,CORECHAIN-USD,roc_momentum,buy,2025-12-14 16:00:00+00:00,0.1791,0.25,2025-12-14 16:01:00+00:00,0.1789,0.24972082635399218,139.58682300390842,-0.027917364600782483,-0.5276381909547747,-0.11166945840312993,0.016666666666666666,roc_peak_drop,0.1791,0.22383883603804833
31,CORECHAIN-USD,roc_momentum,buy,2025-12-14 16:01:00+00:00,0.1789,0.25,2025-12-14 16:02:00+00:00,0.1729,0.2416154276131917,139.7428731134712,-0.838457238680828,-1.3300726662940197,-3.353828954723312,0.016666666666666666,roc_reversal,0.1789,-0.2230897936419285
32,CORECHAIN-USD,roc_momentum,buy,2025-12-14 16:02:00+00:00,0.1729,0.25,2025-12-14 16:03:00+00:00,0.1701,0.2459514170040486,144.59224985540774,-0.40485829959514125,-0.9008097165991898,-1.619433198380565,0.016666666666666666,roc_reversal,0.1729,-3.1372549019607843
33,CORECHAIN-USD,roc_momentum,buy,2025-12-14 16:03:00+00:00,0.1701,0.25,2025-12-14 16:04:00+00:00,0.1703,0.2502939447383892,146.9723691945914,0.029394473838919126,-0.47089947089947004,0.1175778953556765,0.016666666666666666,roc_reversal,0.1703,-4.486819966348843
34,CORECHAIN-USD,roc_momentum,buy,2025-12-14 16:04:00+00:00,0.1703,0.25,2025-12-14 16:05:00+00:00,0.1703,0.25,146.7997651203758,0.0,-0.5,0.0,0.016666666666666666,roc_reversal,0.1703,-4.486819966348843
35,CORECHAIN-USD,roc_momentum,buy,2025-12-14 16:05:00+00:00,0.1703,0.25,2025-12-14 16:06:00+00:00,0.1709,0.25088079859072226,146.7997651203758,0.08807985907222393,-0.41280093951849833,0.3523194362888957,0.016666666666666666,roc_reversal,0.1709,-4.471771939631086
36,CORECHAIN-USD,roc_momentum,buy,2025-12-14 16:06:00+00:00,0.1709,0.25,2025-12-14 16:07:00+00:00,0.1711,0.25029256875365713,146.2843768285547,0.029256875365711782,-0.4710356933879453,0.11702750146284713,0.016666666666666666,roc_reversal,0.1711,-1.0410641989589298
37,CORECHAIN-USD,roc_momentum,buy,2025-12-14 16:07:00+00:00,0.1711,0.25,2025-12-14 16:09:00+00:00,0.1711,0.25,146.11338398597312,0.0,-0.5,0.0,0.03333333333333333,roc_peak_drop,0.172,1.1169900058788818
38,CORECHAIN-USD,roc_momentum,buy,2025-12-14 16:09:00+00:00,0.1711,0.25,2025-12-14 16:11:00+00:00,0.1697,0.24795441262419635,146.11338398597312,-0.20455873758036416,-0.7025131502045605,-0.8182349503214567,0.03333333333333333,roc_peak_drop,0.1711,0.4697592483851931
39,CORECHAIN-USD,roc_momentum,buy,2025-12-14 16:11:00+00:00,0.1697,0.25,2025-12-14 16:12:00+00:00,0.1681,0.24764289923394225,147.31879787860933,-0.23571007660577348,-0.7333529758397157,-0.9428403064230939,0.016666666666666666,roc_reversal,0.1697,-0.702165008777067
40,CORECHAIN-USD,roc_momentum,buy,2025-12-14 16:12:00+00:00,0.1681,0.25,2025-12-14 16:13:00+00:00,0.1681,0.25,148.720999405116,0.0,-0.5,0.0,0.016666666666666666,roc_reversal,0.1681,-1.7533606078316777
41,CORECHAIN-USD,roc_momentum,buy,2025-12-14 16:13:00+00:00,0.1681,0.25,2025-12-14 16:14:00+00:00,0.1697,0.25237953599048185,148.720999405116,0.23795359904818417,-0.26442593694229766,0.9518143961927367,0.016666666666666666,roc_reversal,0.1697,-0.8182349503214614
42,CORECHAIN-USD,roc_momentum,buy,2025-12-14 16:14:00+00:00,0.1697,0.25,2025-12-14 16:15:00+00:00,0.1697,0.25,147.31879787860933,0.0,-0.5,0.0,0.016666666666666666,roc_reversal,0.1697,-0.8182349503214614
43,CORECHAIN-USD,roc_momentum,buy,2025-12-14 16:15:00+00:00,0.1697,0.25,2025-12-14 16:19:00+00:00,0.1697,0.25,147.31879787860933,0.0,-0.5,0.0,0.06666666666666667,roc_peak_drop,0.1697,0.9518143961927406
44,CORECHAIN-USD,roc_momentum,buy,2025-12-14 16:19:00+00:00,0.1697,0.25,2025-12-14 17:08:00+00:00,0.1687,0.2485268120212139,147.31879787860933,-0.14731879787860944,-0.6458456098998233,-0.5892751915144377,0.8166666666666667,roc_reversal,0.1697,
45,CORECHAIN-USD,roc_momentum,buy,2025-12-14 17:08:00+00:00,0.1687,0.25,2025-12-14 17:09:00+00:00,0.1685,0.24970361588618853,148.19205690574987,-0.029638411381146708,-0.5293420272673353,-0.11855364552458683,0.016666666666666666,roc_reversal,0.1687,-0.5892751915144379
46,CORECHAIN-USD,roc_momentum,buy,2025-12-14 17:09:00+00:00,0.1685,0.25,2025-12-14 17:10:00+00:00,0.1676,0.2486646884272997,148.3679525222552,-0.13353115727003143,-0.6321958456973311,-0.5341246290801257,0.016666666666666666,roc_reversal,0.1685,-0.7071302298173099
47,CORECHAIN-USD,roc_momentum,buy,2025-12-14 17:10:00+00:00,0.1676,0.25,2025-12-14 17:11:00+00:00,0.1673,0.24955250596658712,149.16467780429593,-0.044749403341288,-0.5443019093078751,-0.178997613365152,0.016666666666666666,roc_reversal,0.1676,-1.2374779021803173
48,CORECHAIN-USD,roc_momentum,buy,2025-12-14 17:11:00+00:00,0.1673,0.25,2025-12-14 17:12:00+00:00,0.1673,0.25,149.43215780035862,0.0,-0.5,0.0,0.016666666666666666,roc_reversal,0.1673,-1.414260459634642
49,CORECHAIN-USD,roc_momentum,buy,2025-12-14 17:12:00+00:00,0.1673,0.25,2025-12-14 17:13:00+00:00,0.1663,0.24850567842199642,149.43215780035862,-0.14943215780035876,-0.6479378362223551,-0.597728631201435,0.016666666666666666,roc_reversal,0.1673,-1.414260459634642
50,CORECHAIN-USD,roc_momentum,buy,2025-12-14 17:13:00+00:00,0.1663,0.25,2025-12-14 17:14:00+00:00,0.1671,0.25120264582080576,150.3307276007216,0.12026458208057654,-0.3809380637402292,0.48105832832230616,0.016666666666666666,roc_reversal,0.1671,-0.8308605341246333
51,CORECHAIN-USD,roc_momentum,buy,2025-12-14 17:14:00+00:00,0.1671,0.25,2025-12-14 17:15:00+00:00,0.1671,0.25,149.61101137043687,0.0,-0.5,0.0,0.016666666666666666,roc_reversal,0.1671,-0.2983293556085953
52,CORECHAIN-USD,roc_momentum,buy,2025-12-14 17:15:00+00:00,0.1671,0.25,2025-12-14 17:22:00+00:00,0.1691,0.25299222022740875,149.61101137043687,0.299222022740874,-0.20377019748653474,1.196888090963496,0.11666666666666667,roc_peak_drop,0.1693,1.1968880909634994
53,CORECHAIN-USD,roc_momentum,buy,2025-12-14 17:22:00+00:00,0.1691,0.25,2025-12-14 17:26:00+00:00,0.1697,0.2508870490833826,147.84151389710232,0.08870490833825982,-0.41218214074512277,0.3548196333530393,0.06666666666666667,roc_peak_drop,0.1707,1.187648456057011
54,CORECHAIN-USD,roc_momentum,buy,2025-12-14 17:26:00+00:00,0.1697,0.25,2025-12-14 17:28:00+00:00,0.1681,0.24764289923394225,147.31879787860933,-0.23571007660577348,-0.7333529758397157,-0.9428403064230939,0.03333333333333333,roc_peak_drop,0.1697,0.23654642223536193
55,CORECHAIN-USD,roc_momentum,buy,2025-12-14 17:28:00+00:00,0.1681,0.25,2025-12-14 17:29:00+00:00,0.1686,0.2507436049970256,148.720999405116,0.07436049970255806,-0.4263831052944675,0.29744199881023226,0.016666666666666666,roc_reversal,0.1686,-0.8259587020648995
56,CORECHAIN-USD,roc_momentum,buy,2025-12-14 17:29:00+00:00,0.1686,0.25,2025-12-14 17:30:00+00:00,0.1681,0.2492586002372479,148.27995255041517,-0.07413997627520766,-0.5733985765124556,-0.29655990510083063,0.016666666666666666,roc_reversal,0.1686,-1.0563380281690127
57,CORECHAIN-USD,roc_momentum,buy,2025-12-14 17:30:00+00:00,0.1681,0.25,2025-12-14 17:31:00+00:00,0.1686,0.2507436049970256,148.720999405116,0.07436049970255806,-0.4263831052944675,0.29744199881023226,0.016666666666666666,roc_reversal,0.1686,-0.6482027106658794
58,CORECHAIN-USD,roc_momentum,buy,2025-12-14 17:31:00+00:00,0.1686,0.25,2025-12-14 17:32:00+00:00,0.1685,0.2498517200474496,148.27995255041517,-0.014827995255039885,-0.5146797153024895,-0.05931198102015954,0.016666666666666666,roc_reversal,0.1686,-0.5899705014749235
59,CORECHAIN-USD,roc_momentum,buy,2025-12-14 17:32:00+00:00,0.1685,0.25,2025-12-14 17:34:00+00:00,0.1666,0.24718100890207714,148.3679525222552,-0.2818991097922868,-0.7790801186943639,-1.127596439169147,0.03333333333333333,roc_peak_drop,0.1689,0.4759071980963592
60,CORECHAIN-USD,roc_momentum,buy,2025-12-14 17:34:00+00:00,0.1666,0.25,2025-12-14 17:35:00+00:00,0.1669,0.2504501800720288,150.06002400960384,0.04501800720288036,-0.45543217286914844,0.18007202881152143,0.016666666666666666,roc_reversal,0.1669,-0.713860797144561
61,CORECHAIN-USD,roc_momentum,buy,2025-12-14 17:35:00+00:00,0.1669,0.25,2025-12-14 17:36:00+00:00,0.1668,0.24985020970641103,149.79029358897543,-0.014979029358895895,-0.514829239065307,-0.05991611743558358,0.016666666666666666,roc_reversal,0.1669,-0.713860797144561
62,CORECHAIN-USD,roc_momentum,buy,2025-12-14 17:36:00+00:00,0.1668,0.25,2025-12-14 17:37:00+00:00,0.1668,0.25,149.8800959232614,0.0,-0.5,0.0,0.016666666666666666,roc_reversal,0.1668,-1.0089020771513413
63,CORECHAIN-USD,roc_momentum,buy,2025-12-14 17:37:00+00:00,0.1668,0.25,2025-12-14 17:38:00+00:00,0.1669,0.25014988009592326,149.8800959232614,0.014988009592324488,-0.48516187050359877,0.05995203836929795,0.016666666666666666,roc_reversal,0.1669,-1.0089020771513413
64,CORECHAIN-USD,roc_momentum,buy,2025-12-14 17:38:00+00:00,0.1669,0.25,2025-12-14 17:39:00+00:00,0.1643,0.24610545236668666,149.79029358897543,-0.38945476333133483,-0.8855602156980215,-1.5578190533253393,0.016666666666666666,roc_reversal,0.1669,-1.1841326228537619
65,VTHO-USD,roc_momentum,buy,2025-12-21 07:37:00+00:00,0.001073,0.25,2025-12-21 07:40:00+00:00,0.001114,0.2595526561043803,23299.161230195714,0.9552656104380247,0.4457129543336445,3.821062441752099,0.05,take_profit,0.001114,8.365758754863805
66,VTHO-USD,roc_momentum,buy,2025-12-21 07:40:00+00:00,0.001114,0.25,2025-12-21 07:41:00+00:00,0.00111,0.24910233393177741,22441.65170556553,-0.08976660682225944,-0.5888689407540368,-0.35906642728903776,0.016666666666666666,roc_peak_drop,0.001114,8.365758754863805
67,VTHO-USD,roc_momentum,buy,2025-12-21 07:41:00+00:00,0.00111,0.25,2025-12-21 07:42:00+00:00,0.001098,0.24729729729729727,22522.522522522522,-0.27027027027027195,-0.7675675675675692,-1.0810810810810878,0.016666666666666666,roc_peak_drop,0.00111,5.4131054131054235
68,VTHO-USD,roc_momentum,buy,2025-12-21 07:42:00+00:00,0.001098,0.25,2025-12-21 07:43:00+00:00,0.001108,0.2522768670309654,22768.670309653917,0.22768670309653977,-0.27459016393442565,0.9107468123861591,0.016666666666666666,roc_peak_drop,0.001108,2.329916123019582
69,VTHO-USD,roc_momentum,buy,2025-12-21 07:43:00+00:00,0.001108,0.25,2025-12-21 07:45:00+00:00,0.001098,0.2477436823104693,22563.176895306857,-0.22563176895306916,-0.7233754512635385,-0.9025270758122766,0.03333333333333333,roc_peak_drop,0.001108,1.188299817184646
70,VTHO-USD,roc_momentum,buy,2025-12-21 07:45:00+00:00,0.001098,0.25,2025-12-21 07:46:00+00:00,0.001091,0.2484061930783242,22768.670309653917,-0.15938069216757883,-0.657786885245903,-0.6375227686703153,0.016666666666666666,roc_reversal,0.001098,-1.4362657091561926
71,VTHO-USD,roc_momentum,buy,2025-12-21 07:46:00+00:00,0.001091,0.25,2025-12-21 07:48:00+00:00,0.001083,0.24816681943171404,22914.757103574702,-0.18331805682859711,-0.6814848762603112,-0.7332722273143885,0.03333333333333333,roc_reversal,0.001098,
72,VTHO-USD,roc_momentum,buy,2025-12-21 07:49:00+00:00,0.001097,0.25,2025-12-21 07:52:00+00:00,0.001088,0.24794895168641748,22789.425706472193,-0.20510483135825228,-0.7030537830446697,-0.8204193254330091,0.05,roc_reversal,0.001098,
73,VTHO-USD,roc_momentum,buy,2025-12-21 08:00:00+00:00,0.001095,0.25,2025-12-21 08:03:00+00:00,0.001101,0.2513698630136986,22831.0502283105,0.1369863013698614,-0.36438356164383723,0.5479452054794456,0.05,roc_peak_drop,0.001122,6.451612903225801
74,VTHO-USD,roc_momentum,buy,2025-12-21 08:03:00+00:00,0.001101,0.25,2025-12-21 08:05:00+00:00,0.001104,0.2506811989100817,22706.63033605813,0.06811989100817359,-0.43256130790190817,0.27247956403269435,0.03333333333333333,roc_peak_drop,0.001106,3.2833020637898613
75,VTHO-USD,roc_momentum,buy,2025-12-21 08:05:00+00:00,0.001104,0.25,2025-12-21 08:07:00+00:00,0.001092,0.24728260869565222,22644.927536231884,-0.27173913043477943,-0.7690217391304316,-1.0869565217391177,0.03333333333333333,roc_peak_drop,0.001107,0.8219178082191636
76,VTHO-USD,roc_momentum,buy,2025-12-21 08:07:00+00:00,0.001092,0.25,2025-12-21 08:08:00+00:00,0.001099,0.25160256410256404,22893.772893772893,0.1602564102564067,-0.34134615384615735,0.6410256410256268,0.016666666666666666,roc_reversal,0.001099,-0.18165304268846771
77,VTHO-USD,roc_momentum,buy,2025-12-21 08:08:00+00:00,0.001099,0.25,2025-12-21 08:10:00+00:00,0.001106,0.2515923566878981,22747.952684258416,0.15923566878981033,-0.34235668789808776,0.6369426751592413,0.03333333333333333,roc_peak_drop,0.001112,0.5424954792043302
78,VTHO-USD,roc_momentum,buy,2025-12-21 08:10:00+00:00,0.001106,0.25,2025-12-21 08:11:00+00:00,0.001098,0.24819168173598555,22603.978300180832,-0.18083182640144616,-0.6790235081374317,-0.7233273056057846,0.016666666666666666,roc_peak_drop,0.001106,0.18115942028986698
79,VTHO-USD,roc_momentum,buy,2025-12-21 08:11:00+00:00,0.001098,0.25,2025-12-21 08:13:00+00:00,0.001098,0.25,22768.670309653917,0.0,-0.5,0.0,0.03333333333333333,roc_peak_drop,0.001112,1.831501831501825
80,VTHO-USD,roc_momentum,buy,2025-12-21 08:13:00+00:00,0.001098,0.25,2025-12-21 08:14:00+00:00,0.001086,0.2472677595628415,22768.670309653917,-0.2732240437158487,-0.7704918032786902,-1.0928961748633947,0.016666666666666666,roc_reversal,0.001098,-0.09099181073702889
81,VTHO-USD,roc_momentum,buy,2025-12-21 08:14:00+00:00,0.001086,0.25,2025-12-21 08:15:00+00:00,0.001077,0.24792817679558013,23020.257826887664,-0.2071823204419865,-0.7051104972375667,-0.828729281767946,0.016666666666666666,roc_reversal,0.001086,-2.3381294964028743
82,VTHO-USD,roc_momentum,buy,2025-12-21 08:15:00+00:00,0.001077,0.25,2025-12-21 08:16:00+00:00,0.001081,0.25092850510677805,23212.62766945218,0.09285051067780595,-0.40807799442897214,0.3714020427112238,0.016666666666666666,roc_reversal,0.001081,-1.5482695810564717
83,VTHO-USD,roc_momentum,buy,2025-12-21 10:45:00+00:00,0.001024,0.25,2025-12-21 10:50:00+00:00,0.001028,0.2509765625,24414.0625,0.09765625000000237,-0.40332031249999767,0.3906250000000095,0.08333333333333333,roc_peak_drop,0.001028,1.2807881773398977
84,VTHO-USD,roc_momentum,buy,2025-12-21 10:51:00+00:00,0.001027,0.25,2025-12-21 10:52:00+00:00,0.001025,0.24951314508276537,24342.745861733205,-0.048685491723462315,-0.5481986368062277,-0.19474196689384926,0.016666666666666666,roc_peak_drop,0.001027,0.3910068426197233
85,VTHO-USD,roc_momentum,buy,2025-12-21 10:52:00+00:00,0.001025,0.25,2025-12-21 10:53:00+00:00,0.001025,0.25,24390.243902439022,0.0,-0.5,0.0,0.016666666666666666,roc_reversal,0.001025,-0.19474196689385215
86,VTHO-USD,roc_momentum,buy,2025-12-21 10:53:00+00:00,0.001025,0.25,2025-12-21 10:54:00+00:00,0.001025,0.25,24390.243902439022,0.0,-0.5,0.0,0.016666666666666666,roc_reversal,0.001025,-0.29182879377431803
87,VTHO-USD,roc_momentum,buy,2025-12-21 10:54:00+00:00,0.001025,0.25,2025-12-21 10:55:00+00:00,0.00102,0.24878048780487805,24390.243902439022,-0.12195121951219544,-0.6207317073170735,-0.48780487804878175,0.016666666666666666,roc_reversal,0.001025,-0.29182879377431803
88,VTHO-USD,roc_momentum,buy,2025-12-21 10:55:00+00:00,0.00102,0.25,2025-12-21 10:56:00+00:00,0.00102,0.25,24509.803921568626,0.0,-0.5,0.0,0.016666666666666666,roc_reversal,0.00102,-0.6815968841285103
89,VTHO-USD,roc_momentum,buy,2025-12-21 10:56:00+00:00,0.00102,0.25,2025-12-21 10:57:00+00:00,0.001016,0.24901960784313723,24509.803921568626,-0.09803921568627688,-0.5970588235294141,-0.3921568627451075,0.016666666666666666,roc_reversal,0.00102,-0.6815968841285103
90,VTHO-USD,roc_momentum,buy,2025-12-21 10:57:00+00:00,0.001016,0.25,2025-12-21 10:58:00+00:00,0.001016,0.25,24606.299212598427,0.0,-0.5,0.0,0.016666666666666666,roc_reversal,0.001016,-0.8780487804878168
91,VTHO-USD,roc_momentum,buy,2025-12-21 10:58:00+00:00,0.001016,0.25,2025-12-21 10:59:00+00:00,0.001022,0.2514763779527559,24606.299212598427,0.14763779527558882,-0.35383858267716706,0.5905511811023553,0.016666666666666666,roc_reversal,0.001022,-0.29268292682929076
92,VTHO-USD,roc_momentum,buy,2025-12-21 10:59:00+00:00,0.001022,0.25,2025-12-21 11:02:00+00:00,0.001018,0.24902152641878672,24461.839530332683,-0.0978473581213278,-0.5968688845401146,-0.3913894324853112,0.05,roc_peak_drop,0.001027,0.6862745098038969
93,VTHO-USD,roc_momentum,buy,2025-12-21 11:02:00+00:00,0.001018,0.25,2025-12-21 11:03:00+00:00,0.001014,0.24901768172888014,24557.95677799607,-0.09823182711198666,-0.5972495088408668,-0.39292730844794665,0.016666666666666666,roc_peak_drop,0.001018,0.19685039370078705
94,VTHO-USD,roc_momentum,buy,2025-12-21 11:03:00+00:00,0.001014,0.25,2025-12-21 11:04:00+00:00,0.001014,0.25,24654.83234714004,0.0,-0.5,0.0,0.016666666666666666,roc_reversal,0.001014,-0.19685039370078705
95,VTHO-USD,roc_momentum,buy,2025-12-21 11:04:00+00:00,0.001014,0.25,2025-12-21 11:05:00+00:00,0.00101,0.24901380670611442,24654.83234714004,-0.09861932938855722,-0.5976331360946716,-0.3944773175542289,0.016666666666666666,roc_reversal,0.001014,-0.7827788649706457
96,VTHO-USD,roc_momentum,buy,2025-12-21 11:05:00+00:00,0.00101,0.25,2025-12-21 11:06:00+00:00,0.00101,0.25,24752.47524752475,0.0,-0.5,0.0,0.016666666666666666,roc_reversal,0.00101,-1.6553067185978487
97,VTHO-USD,roc_momentum,buy,2025-12-21 11:06:00+00:00,0.00101,0.25,2025-12-21 11:07:00+00:00,0.001016,0.2514851485148515,24752.47524752475,0.14851485148514676,-0.3529702970297047,0.594059405940587,0.016666666666666666,roc_reversal,0.001016,-0.19646365422397727
98,VTHO-USD,roc_momentum,buy,2025-12-21 11:07:00+00:00,0.001016,0.25,2025-12-21 11:12:00+00:00,0.001021,0.2512303149606299,24606.299212598427,0.12303149606299245,-0.37819881889763746,0.4921259842519698,0.08333333333333333,roc_peak_drop,0.001021,1.08910891089109
99,VTHO-USD,roc_momentum,buy,2025-12-21 11:12:00+00:00,0.001021,0.25,2025-12-21 11:14:00+00:00,0.001022,0.25024485798237023,24485.798237022525,0.02448579823702047,-0.4757590597453497,0.09794319294808188,0.03333333333333333,roc_peak_drop,0.001025,0.8858267716535639
100,VTHO-USD,roc_momentum,buy,2025-12-21 11:14:00+00:00,0.001022,0.25,2025-12-21 11:15:00+00:00,0.001021,0.24975538160469668,24461.839530332683,-0.024461839530330626,-0.5242172211350273,-0.0978473581213225,0.016666666666666666,roc_peak_drop,0.001022,0.5905511811023612
101,VTHO-USD,roc_momentum,buy,2025-12-21 11:15:00+00:00,0.001021,0.25,2025-12-21 11:18:00+00:00,0.001021,0.25,24485.798237022525,0.0,-0.5,0.0,0.05,roc_reversal,0.001021,
102,VTHO-USD,roc_momentum,buy,2025-12-21 11:18:00+00:00,0.001021,0.25,2025-12-21 11:19:00+00:00,0.001017,0.2490205680705191,24485.798237022525,-0.09794319294809249,-0.5969637610186116,-0.39177277179236997,0.016666666666666666,roc_reversal,0.001021,-0.39024390243903584
103,VTHO-USD,roc_momentum,buy,2025-12-21 11:19:00+00:00,0.001017,0.25,2025-12-21 11:21:00+00:00,0.001018,0.25024582104228127,24582.10422812193,0.024582104228125193,-0.47566371681415603,0.09832841691250077,0.03333333333333333,roc_reversal,0.001021,
104,VTHO-USD,roc_momentum,buy,2025-12-21 11:21:00+00:00,0.001018,0.25,2025-12-21 11:22:00+00:00,0.001017,0.24975442043222001,24557.95677799607,-0.02455795677799933,-0.5243123772102193,-0.09823182711199732,0.016666666666666666,roc_reversal,0.001018,-0.2938295788442624
105,VTHO-USD,roc_momentum,buy,2025-12-21 11:22:00+00:00,0.001017,0.25,2025-12-21 11:23:00+00:00,0.001017,0.25,24582.10422812193,0.0,-0.5,0.0,0.016666666666666666,roc_reversal,0.001017,-0.3917727717923647
106,VTHO-USD,roc_momentum,buy,2025-12-21 11:26:00+00:00,0.001018,0.25,2025-12-21 11:28:00+00:00,0.001015,0.24926326129666013,24557.95677799607,-0.07367387033398734,-0.5729371316306474,-0.29469548133594936,0.03333333333333333,roc_peak_drop,0.00102,0.2949852507374784
107,VTHO-USD,roc_momentum,buy,2025-12-21 11:38:00+00:00,0.001015,0.25,2025-12-21 11:42:00+00:00,0.001022,0.25172413793103443,24630.54187192118,0.17241379310344446,-0.32931034482759,0.6896551724137778,0.06666666666666667,roc_peak_drop,0.001032,1.8756169792694788
108,VTHO-USD,roc_momentum,buy,2025-12-21 11:42:00+00:00,0.001022,0.25,2025-12-21 11:44:00+00:00,0.001018,0.24902152641878672,24461.839530332683,-0.0978473581213278,-0.5968688845401146,-0.3913894324853112,0.03333333333333333,roc_peak_drop,0.001022,0.6896551724137723
109,VTHO-USD,roc_momentum,buy,2025-12-21 11:44:00+00:00,0.001018,0.25,2025-12-21 11:45:00+00:00,0.001018,0.25,24557.95677799607,0.0,-0.5,0.0,0.016666666666666666,roc_reversal,0.001018,-0.4887585532746819
110,VTHO-USD,roc_momentum,buy,2025-12-21 11:45:00+00:00,0.001018,0.25,2025-12-21 11:46:00+00:00,0.001018,0.25,24557.95677799607,0.0,-0.5,0.0,0.016666666666666666,roc_reversal,0.001018,-0.5859374999999889
111,ZKP-USD,roc_momentum,buy,2025-12-21 17:59:00+00:00,0.16018,0.25,2025-12-21 18:02:00+00:00,0.16799,0.26218941191159945,156.0744162816831,1.2189411911599468,0.7067517792483474,4.875764764639787,0.05,take_profit,0.16799,4.666666666666663
112,ZKP-USD,roc_momentum,buy,2025-12-21 18:02:00+00:00,0.16799,0.25,2025-12-21 18:05:00+00:00,0.16885,0.25127983808560034,148.8183820465504,0.12798380856003327,-0.37329602952556706,0.5119352342401331,0.05,roc_peak_drop,0.16885,5.206642527156968
113,ZKP-USD,roc_momentum,buy,2025-12-21 18:05:00+00:00,0.16885,0.25,2025-12-21 18:06:00+00:00,0.15646,0.2316553153686704,148.06040864672786,-1.83446846313296,-2.3161237785016304,-7.33787385253184,0.016666666666666666,stop_loss,0.16885,3.2216652402494272
114,ZKP-USD,roc_momentum,buy,2025-12-21 18:06:00+00:00,0.15646,0.25,2025-12-21 18:07:00+00:00,0.16088,0.25706250798926245,159.78524862584686,0.7062507989262443,0.1991882909369819,2.8250031957049773,0.016666666666666666,roc_reversal,0.16088,-4.232394785403892
115,ZKP-USD,roc_momentum,buy,2025-12-21 18:07:00+00:00,0.16088,0.25,2025-12-21 18:08:00+00:00,0.16287,0.2530923669816012,155.39532570860268,0.30923669816011806,-0.1938556688214831,1.2369467926404722,0.016666666666666666,roc_reversal,0.16287,-2.414619532654283
116,ZKP-USD,roc_momentum,buy,2025-12-21 18:08:00+00:00,0.16287,0.25,2025-12-21 18:09:00+00:00,0.16199,0.24864922944679807,153.49665377294775,-0.1350770553201928,-0.6337262847669909,-0.5403082212807712,0.016666666666666666,roc_reversal,0.16287,-2.414619532654283
117,ZKP-USD,roc_momentum,buy,2025-12-21 18:09:00+00:00,0.16199,0.25,2025-12-21 18:10:00+00:00,0.15974,0.24652756342984133,154.3305142292734,-0.3472436570158655,-0.8437712204457068,-1.388974628063462,0.016666666666666666,roc_reversal,0.16199,-3.874910989793501
118,ZKP-USD,roc_momentum,buy,2025-12-21 18:10:00+00:00,0.15974,0.25,2025-12-21 18:12:00+00:00,0.15923,0.249201827970452,156.50431951921874,-0.07981720295479884,-0.5790190309252509,-0.31926881181919536,0.03333333333333333,roc_peak_drop,0.16047,2.5629553879585876
119,ZKP-USD,roc_momentum,buy,2025-12-21 18:12:00+00:00,0.15923,0.25,2025-12-21 18:13:00+00:00,0.16099,0.25276329837342204,157.0055893989826,0.27632983734220684,-0.22643346103121526,1.1053193493688274,0.016666666666666666,roc_reversal,0.16099,-1.025609149676765
120,ZKP-USD,roc_momentum,buy,2025-12-21 18:13:00+00:00,0.16099,0.25,2025-12-21 18:14:00+00:00,0.16077,0.24965836387353252,155.28914839431022,-0.03416361264674793,-0.5338219765202804,-0.13665445058699172,0.016666666666666666,roc_reversal,0.16099,-0.7531329094388584
121,ZKP-USD,roc_momentum,buy,2025-12-21 18:14:00+00:00,0.16077,0.25,2025-12-21 18:15:00+00:00,0.15961,0.24819618087951734,155.50164831747216,-0.18038191204826684,-0.6785780929277841,-0.7215276481930674,0.016666666666666666,roc_reversal,0.16077,-0.08138224614998579
122,ZKP-USD,roc_momentum,buy,2025-12-21 18:15:00+00:00,0.15961,0.25,2025-12-21 18:16:00+00:00,0.15785,0.2472432804962095,156.631789988096,-0.27567195037905073,-0.7729152308752603,-1.102687801516203,0.016666666666666666,roc_reversal,0.15961,-0.08138224614998579
123,ZKP-USD,roc_momentum,buy,2025-12-21 18:16:00+00:00,0.15785,0.25,2025-12-21 18:17:00+00:00,0.1589,0.25166297117516634,158.37820715869498,0.1662971175166334,-0.33536585365853294,0.6651884700665336,0.016666666666666666,roc_reversal,0.1589,-0.2072473780066586
124,ZKP-USD,roc_momentum,buy,2025-12-21 18:17:00+00:00,0.1589,0.25,2025-12-21 18:18:00+00:00,0.15617,0.24570484581497795,157.33165512901195,-0.4295154185022042,-0.9252202643171822,-1.7180616740088168,0.016666666666666666,roc_reversal,0.1589,-0.2072473780066586
125,ZKP-USD,roc_momentum,buy,2025-12-21 18:18:00+00:00,0.15617,0.25,2025-12-21 18:19:00+00:00,0.15802,0.2529615162963437,160.08196196452585,0.2961516296343713,-0.20680988666197245,1.1846065185374852,0.016666666666666666,roc_reversal,0.15802,-1.7105181314922002
126,ZKP-USD,roc_momentum,buy,2025-12-21 18:19:00+00:00,0.15802,0.25,2025-12-21 18:20:00+00:00,0.16376,0.2590811289710163,158.20782179470953,0.908112897101632,0.39903176813061564,3.632451588406528,0.016666666666666666,take_profit,0.16376,2.6000877138023792
127,ZKP-USD,roc_momentum,buy,2025-12-21 18:20:00+00:00,0.16376,0.25,2025-12-21 18:24:00+00:00,0.16068,0.24529799706888128,152.66243282852957,-0.47020029311187095,-0.9654982901807523,-1.8808011724474838,0.06666666666666667,roc_peak_drop,0.16401,4.815265415892944
128,ZKP-USD,roc_momentum,buy,2025-12-21 18:24:00+00:00,0.16068,0.25,2025-12-21 18:25:00+00:00,0.16026,0.24934652725914866,155.58874782175755,-0.06534727408513442,-0.564693801344283,-0.2613890963405377,0.016666666666666666,roc_peak_drop,0.16068,1.683331223895701
129,ZKP-USD,roc_momentum,buy,2025-12-21 18:25:00+00:00,0.16026,0.25,2025-12-21 18:26:00+00:00,0.16005,0.2496724073380756,155.9965056782728,-0.03275926619243974,-0.5324316735305153,-0.13103706476975896,0.016666666666666666,roc_reversal,0.16026,-2.1372740595994033
130,ZKP-USD,roc_momentum,buy,2025-12-21 18:26:00+00:00,0.16005,0.25,2025-12-21 18:27:00+00:00,0.15688,0.24504842236801,156.20118712902217,-0.4951577631990013,-0.9902061855670112,-1.9806310527960052,0.016666666666666666,roc_reversal,0.16005,-2.4144869215291687
131,ZKP-USD,roc_momentum,buy,2025-12-21 18:27:00+00:00,0.15688,0.25,2025-12-21 18:28:00+00:00,0.15991,0.25482853136155026,159.3574706782254,0.48285313615502373,-0.02197539520652648,1.931412544620095,0.016666666666666666,roc_reversal,0.15991,-2.30924308143442
132,ZKP-USD,roc_momentum,buy,2025-12-21 18:28:00+00:00,0.15991,0.25,2025-12-21 18:33:00+00:00,0.16175,0.25287661809768,156.33794009130136,0.2876618097679958,-0.21521480832968415,1.1506472390719833,0.08333333333333333,roc_peak_drop,0.16212,3.3401325854156116
133,ZKP-USD,roc_momentum,buy,2025-12-21 18:33:00+00:00,0.16175,0.25,2025-12-21 18:34:00+00:00,0.1622,0.2506955177743431,154.5595054095827,0.06955177743431312,-0.43114374034003,0.2782071097372525,0.016666666666666666,roc_peak_drop,0.1622,1.150647239071989
134,ZKP-USD,roc_momentum,buy,2025-12-21 18:34:00+00:00,0.1622,0.25,2025-12-21 18:39:00+00:00,0.16398,0.2527435265104809,154.13070283600493,0.2743526510480851,-0.22839087546239578,1.0974106041923404,0.08333333333333333,roc_peak_drop,0.16426,1.7455584544663783
135,ZKP-USD,roc_momentum,buy,2025-12-21 18:39:00+00:00,0.16398,0.25,2025-12-21 18:40:00+00:00,0.16369,0.24955787291133066,152.45761678253447,-0.04421270886693267,-0.5437705817782633,-0.17685083546773067,0.016666666666666666,roc_peak_drop,0.16398,1.0974106041923504
136,ZKP-USD,roc_momentum,buy,2025-12-21 18:40:00+00:00,0.16369,0.25,2025-12-21 18:41:00+00:00,0.16125,0.2462734437045635,152.72771702608588,-0.3726556295436492,-0.8689290732482128,-1.490622518174597,0.016666666666666666,roc_reversal,0.16369,-0.061053788387566144
137,ZKP-USD,roc_momentum,buy,2025-12-21 18:41:00+00:00,0.16125,0.25,2025-12-21 18:42:00+00:00,0.16357,0.25359689922480616,155.03875968992247,0.3596899224806184,-0.1439069767441878,1.4387596899224735,0.016666666666666666,roc_reversal,0.16357,-0.42006574942164976
138,ZKP-USD,roc_momentum,buy,2025-12-21 18:42:00+00:00,0.16357,0.25,2025-12-21 18:43:00+00:00,0.16342,0.24977074035581098,152.83976279268816,-0.0229259644189007,-0.5226967047747116,-0.0917038576756028,0.016666666666666666,roc_reversal,0.16357,-0.3475821696444781
139,ZKP-USD,roc_momentum,buy,2025-12-21 18:43:00+00:00,0.16342,0.25,2025-12-21 18:45:00+00:00,0.16204,0.24788887529066206,152.98005140129726,-0.2111124709337933,-0.7090013462244553,-0.8444498837351732,0.03333333333333333,roc_peak_drop,0.16497,0.6037321624588587
140,ZKP-USD,roc_momentum,buy,2025-12-21 18:45:00+00:00,0.16204,0.25,2025-12-21 18:47:00+00:00,0.16302,0.25151197235250555,154.28289311281165,0.15119723525055676,-0.3503147371019488,0.604788941002227,0.03333333333333333,roc_peak_drop,0.16302,1.0852713178294504
141,ZKP-USD,roc_momentum,buy,2025-12-21 18:47:00+00:00,0.16302,0.25,2025-12-21 18:48:00+00:00,0.16239,0.24903386087596616,153.35541651331124,-0.09661391240338481,-0.5956477732793509,-0.38645564961353923,0.016666666666666666,roc_reversal,0.16302,-0.336247478143914
142,ZKP-USD,roc_momentum,buy,2025-12-21 18:48:00+00:00,0.16239,0.25,2025-12-21 18:49:00+00:00,0.16409,0.25261715622883185,153.95036640187203,0.26171562288318356,-0.2409015333456483,1.0468624915327343,0.016666666666666666,roc_reversal,0.16409,-0.5334303206643631
143,ZKP-USD,roc_momentum,buy,2025-12-21 18:49:00+00:00,0.16409,0.25,2025-12-21 18:51:00+00:00,0.16426,0.2502590042050094,152.35541471143884,0.025900420500940904,-0.4743585837040685,0.10360168200376361,0.03333333333333333,roc_peak_drop,0.16426,1.2651197235250766
144,ZKP-USD,roc_momentum,buy,2025-12-21 18:51:00+00:00,0.16426,0.25,2025-12-21 18:59:00+00:00,0.17,0.25873615000608796,152.19773529769878,0.8736150006087945,0.36487885060270653,3.494460002435178,0.13333333333333333,roc_peak_drop,0.17,2.3828386860869077
145,ZKP-USD,roc_momentum,buy,2025-12-21 18:59:00+00:00,0.17,0.25,2025-12-21 19:01:00+00:00,0.1674,0.24617647058823527,147.05882352941177,-0.38235294117647334,-0.8785294117647087,-1.5294117647058934,0.03333333333333333,roc_peak_drop,0.17092,1.7380952380952275
146,ZKP-USD,roc_momentum,buy,2025-12-21 19:01:00+00:00,0.1674,0.25,2025-12-21 19:02:00+00:00,0.16631,0.24837216248506575,149.34289127837516,-0.16278375149342592,-0.6611559139784916,-0.6511350059737037,0.016666666666666666,roc_reversal,0.1674,-0.357142857142867
147,ZKP-USD,roc_momentum,buy,2025-12-21 19:02:00+00:00,0.16631,0.25,2025-12-21 19:04:00+00:00,0.1712,0.2573507305634056,150.32168841320424,0.7350730563405654,0.22772232577715976,2.9402922253622616,0.03333333333333333,roc_peak_drop,0.1712,1.086571394826974
148,ZKP-USD,roc_momentum,buy,2025-12-21 19:04:00+00:00,0.1712,0.25,2025-12-21 19:05:00+00:00,0.17082,0.24944509345794394,146.02803738317758,-0.055490654205606234,-0.5549357476635501,-0.22196261682242494,0.016666666666666666,roc_peak_drop,0.1712,0.7058823529411562
149,ZKP-USD,roc_momentum,buy,2025-12-21 19:05:00+00:00,0.17082,0.25,2025-12-21 19:08:00+00:00,0.16783,0.2456240487062405,146.35288607891349,-0.43759512937595024,-0.9332191780821907,-1.750380517503801,0.05,roc_peak_drop,0.17082,1.3108051229631323
150,ZKP-USD,roc_momentum,buy,2025-12-21 19:08:00+00:00,0.16783,0.25,2025-12-21 19:09:00+00:00,0.17043,0.25387296669248643,148.9602574033248,0.38729666924864314,-0.11657629744384329,1.5491866769945726,0.016666666666666666,roc_reversal,0.17043,-0.4497663551401798
151,ZKP-USD,roc_momentum,buy,2025-12-21 19:09:00+00:00,0.17043,0.25,2025-12-21 19:10:00+00:00,0.16838,0.24699290031097812,146.68778970838468,-0.30070996890218804,-0.7977028692131661,-1.2028398756087522,0.016666666666666666,roc_reversal,0.17043,-0.4497663551401798
152,ZKP-USD,roc_momentum,buy,2025-12-21 19:10:00+00:00,0.16838,0.25,2025-12-21 19:11:00+00:00,0.16687,0.24775804727402304,148.47369046205012,-0.22419527259769736,-0.7219533198717204,-0.8967810903907895,0.016666666666666666,roc_reversal,0.16838,-1.4284041681301929
153,ZKP-USD,roc_momentum,buy,2025-12-21 19:11:00+00:00,0.16687,0.25,2025-12-21 19:14:00+00:00,0.16952,0.2539701564091808,149.8172229879547,0.397015640918082,-0.10695451549109884,1.588062563672328,0.05,roc_peak_drop,0.16969,1.1082643150807314
154,ZKP-USD,roc_momentum,buy,2025-12-21 19:14:00+00:00,0.16952,0.25,2025-12-21 19:15:00+00:00,0.16752,0.24705049551675318,147.47522416234074,-0.2949504483246817,-0.7920009438414349,-1.1798017932987268,0.016666666666666666,roc_reversal,0.16952,-0.5107494951894553
155,ZKP-USD,roc_momentum,buy,2025-12-21 19:15:00+00:00,0.16752,0.25,2025-12-21 19:17:00+00:00,0.16847,0.251417741165234,149.23591212989493,0.14177411652340113,-0.35964362464183286,0.5670964660936045,0.03333333333333333,roc_peak_drop,0.16847,0.958830227122931
156,ZKP-USD,roc_momentum,buy,2025-12-21 19:17:00+00:00,0.16847,0.25,2025-12-21 19:18:00+00:00,0.16847,0.25,148.3943728853802,0.0,-0.5,0.0,0.016666666666666666,roc_reversal,0.16847,-0.13041674076708087
157,ZKP-USD,roc_momentum,buy,2025-12-21 19:18:00+00:00,0.16847,0.25,2025-12-21 19:19:00+00:00,0.167,0.2478186027185849,148.3943728853802,-0.21813972814150873,-0.7159583308600936,-0.8725589125660349,0.016666666666666666,roc_reversal,0.16847,-0.718958100064826
158,ZKP-USD,roc_momentum,buy,2025-12-21 19:19:00+00:00,0.167,0.25,2025-12-21 19:21:00+00:00,0.16737,0.25055389221556884,149.7005988023952,0.05538922155688345,-0.44516467065868537,0.2215568862275338,0.03333333333333333,roc_peak_drop,0.16771,0.11341929321870836
159,ZKP-USD,roc_momentum,buy,2025-12-21 19:21:00+00:00,0.16737,0.25,2025-12-21 19:22:00+00:00,0.16349,0.24420445719065545,149.36966003465378,-0.5795542809344558,-1.0737587381251112,-2.3182171237378233,0.016666666666666666,roc_reversal,0.16737,-0.6529352406956845
160,ZKP-USD,roc_momentum,buy,2025-12-21 19:22:00+00:00,0.16349,0.25,2025-12-21 19:23:00+00:00,0.162,0.2477215731849043,152.91455134870634,-0.22784268150957113,-0.7255642546944754,-0.9113707260382845,0.016666666666666666,roc_reversal,0.16349,-2.9560159078767856
161,ZKP-USD,roc_momentum,buy,2025-12-21 19:23:00+00:00,0.162,0.25,2025-12-21 19:24:00+00:00,0.16054,0.2477469135802469,154.320987654321,-0.22530864197531122,-0.7230555555555581,-0.9012345679012449,0.016666666666666666,roc_reversal,0.162,-3.8404463702736424
162,ZKP-USD,roc_momentum,buy,2025-12-21 19:24:00+00:00,0.16054,0.25,2025-12-21 19:25:00+00:00,0.16254,0.25311448860097174,155.72443004858604,0.3114488600971723,-0.19166562850379937,1.2457954403886893,0.016666666666666666,roc_reversal,0.16254,-3.0827022837040197
163,ZKP-USD,roc_momentum,buy,2025-12-21 19:25:00+00:00,0.16254,0.25,2025-12-21 19:26:00+00:00,0.16147,0.24835425126122804,153.80829334317707,-0.16457487387719757,-0.6629291251384256,-0.6582994955087903,0.016666666666666666,roc_reversal,0.16254,-3.0827022837040197
164,ZKP-USD,roc_momentum,buy,2025-12-21 19:26:00+00:00,0.16147,0.25,2025-12-21 19:27:00+00:00,0.16259,0.2517340682479718,154.82752214033567,0.17340682479717748,-0.3283272434507943,0.6936272991887099,0.016666666666666666,roc_reversal,0.16259,-0.5504923848553278
165,ZKP-USD,roc_momentum,buy,2025-12-21 19:27:00+00:00,0.16259,0.25,2025-12-21 19:28:00+00:00,0.16167,0.24858539885601819,153.76099391106462,-0.1414601143981801,-0.6400455132541983,-0.5658404575927204,0.016666666666666666,roc_reversal,0.16259,-0.20370370370370594
166,ZKP-USD,roc_momentum,buy,2025-12-21 19:28:00+00:00,0.16167,0.25,2025-12-21 19:30:00+00:00,0.16251,0.25129894228984967,154.6359868868683,0.12989422898496622,-0.37140471330488345,0.5195769159398649,0.03333333333333333,roc_peak_drop,0.16251,1.2271085087828482
167,ZKP-USD,roc_momentum,buy,2025-12-21 19:30:00+00:00,0.16251,0.25,2025-12-21 19:31:00+00:00,0.16084,0.24743092732754912,153.83668697310935,-0.2569072672450891,-0.7543381945726382,-1.0276290689803564,0.016666666666666666,roc_reversal,0.16251,-0.018456995201188153
168,ZKP-USD,roc_momentum,buy,2025-12-21 19:31:00+00:00,0.16084,0.25,2025-12-21 19:33:00+00:00,0.16087,0.25004663019149465,155.43397164884357,0.004663019149465656,-0.495383611042029,0.018652076597862624,0.03333333333333333,roc_peak_drop,0.16295,0.22141583123194142
169,ZKP-USD,roc_momentum,buy,2025-12-21 19:33:00+00:00,0.16087,0.25,2025-12-21 19:34:00+00:00,0.1613,0.2506682414371853,155.40498539193135,0.0668241437185283,-0.433844097718657,0.2672965748741132,0.016666666666666666,roc_reversal,0.1613,-0.4948351580379762
170,ZKP-USD,roc_momentum,buy,2025-12-21 19:34:00+00:00,0.1613,0.25,2025-12-21 19:35:00+00:00,0.16105,0.24961252324860508,154.99070055796653,-0.038747675139491664,-0.5383601983880968,-0.15499070055796665,0.016666666666666666,roc_reversal,0.1613,-0.7445695649498374
171,ZKP-USD,roc_momentum,buy,2025-12-21 19:35:00+00:00,0.16105,0.25,2025-12-21 19:36:00+00:00,0.15985,0.24813722446445202,155.2312946289972,-0.18627755355479766,-0.6844147780192497,-0.7451102142191907,0.016666666666666666,roc_reversal,0.16105,-0.6155185277294306
172,ZKP-USD,roc_momentum,buy,2025-12-21 19:36:00+00:00,0.15985,0.25,2025-12-21 19:37:00+00:00,0.15985,0.25,156.3966218329684,0.0,-0.5,0.0,0.016666666666666666,roc_reversal,0.15985,-0.6155185277294306
173,ZKP-USD,roc_momentum,buy,2025-12-21 19:37:00+00:00,0.15985,0.25,2025-12-21 19:38:00+00:00,0.15909,0.24881138567406946,156.3966218329684,-0.11886143259305332,-0.6176728182671228,-0.47544573037221327,0.016666666666666666,roc_reversal,0.15985,-1.1064834959905512
174,ZKP-USD,roc_momentum,buy,2025-12-21 19:38:00+00:00,0.15909,0.25,2025-12-21 19:39:00+00:00,0.15865,0.24930856747752844,157.14375510717204,-0.06914325224715506,-0.5684518197246835,-0.27657300898862025,0.016666666666666666,roc_reversal,0.15909,-1.1064834959905512
175,ZKP-USD,roc_momentum,buy,2025-12-21 19:39:00+00:00,0.15865,0.25,2025-12-21 19:40:00+00:00,0.15918,0.25083517176173964,157.5795776867318,0.0835171761739639,-0.4173179955877757,0.3340687046958556,0.016666666666666666,roc_reversal,0.15918,-1.1611300838249017
176,ZKP-USD,roc_momentum,buy,2025-12-21 19:40:00+00:00,0.15918,0.25,2025-12-21 19:41:00+00:00,0.15918,0.25,157.0549063952758,0.0,-0.5,0.0,0.016666666666666666,roc_reversal,0.15918,-0.41914294651236306
177,ZKP-USD,roc_momentum,buy,2025-12-21 19:41:00+00:00,0.15918,0.25,2025-12-21 19:42:00+00:00,0.15918,0.25,157.0549063952758,0.0,-0.5,0.0,0.016666666666666666,roc_reversal,0.15918,-0.41914294651236306
178,ZKP-USD,roc_momentum,buy,2025-12-21 19:42:00+00:00,0.15918,0.25,2025-12-21 19:45:00+00:00,0.15918,0.25,157.0549063952758,0.0,-0.5,0.0,0.05,roc_peak_drop,0.15918,0.3340687046958557
179,ZKP-USD,roc_momentum,buy,2025-12-21 19:45:00+00:00,0.15918,0.25,2025-12-21 20:31:00+00:00,0.14774,0.23203291870838047,157.0549063952758,-1.7967081291619518,-2.2787410478703323,-7.186832516647807,0.7666666666666667,stop_loss,0.15918,
180,ZKP-USD,roc_momentum,buy,2025-12-21 20:31:00+00:00,0.14774,0.25,2025-12-21 20:32:00+00:00,0.14786,0.2502030594287261,169.21619060511708,0.020305942872610873,-0.4798971165561152,0.08122377149044349,0.016666666666666666,roc_reversal,0.14786,-7.111446161578083
181,ZKP-USD,roc_momentum,buy,2025-12-21 20:32:00+00:00,0.14786,0.25,2025-12-21 20:33:00+00:00,0.14715,0.24879954010550523,169.07885837954822,-0.12004598944947728,-0.6188455295549825,-0.4801839577979091,0.016666666666666666,roc_reversal,0.14786,-7.111446161578083
182,ZKP-USD,roc_momentum,buy,2025-12-21 20:33:00+00:00,0.14715,0.25,2025-12-21 20:34:00+00:00,0.1456,0.24736663268773362,169.89466530750934,-0.26333673122663875,-0.7607033639143724,-1.053346924906555,0.016666666666666666,roc_reversal,0.14715,-7.557482095740664
183,ZKP-USD,roc_momentum,buy,2025-12-21 20:34:00+00:00,0.1456,0.25,2025-12-21 20:35:00+00:00,0.13904,0.23873626373626372,171.7032967032967,-1.1263736263736281,-1.6151098901098917,-4.505494505494513,0.016666666666666666,stop_loss,0.1456,-8.531222515391368
184,ZKP-USD,roc_momentum,buy,2025-12-21 20:35:00+00:00,0.13904,0.25,2025-12-21 20:36:00+00:00,0.14103,0.2535781070195627,179.80437284234753,0.3578107019562701,-0.14576740506329258,1.4312428078250805,0.016666666666666666,roc_reversal,0.14103,-4.5417625558413555
185,ZKP-USD,roc_momentum,buy,2025-12-21 20:36:00+00:00,0.14103,0.25,2025-12-21 20:37:00+00:00,0.13915,0.24666737573565908,177.26724810324046,-0.33326242643409076,-0.8299298021697499,-1.333049705736363,0.016666666666666666,roc_reversal,0.14103,-4.5417625558413555
186,ZKP-USD,roc_momentum,buy,2025-12-21 20:37:00+00:00,0.13915,0.25,2025-12-21 20:38:00+00:00,0.14204,0.2551922385914481,179.6622349982034,0.5192238591448084,0.014031620553360352,2.0768954365792336,0.016666666666666666,roc_reversal,0.14204,-3.4726469588854947
187,ZKP-USD,roc_momentum,buy,2025-12-21 20:38:00+00:00,0.14204,0.25,2025-12-21 20:43:00+00:00,0.1485,0.2613700366094058,176.00675865953252,1.137003660940579,0.6256336243311732,4.548014643762316,0.08333333333333333,take_profit,0.1485,5.21739130434784
188,ZKP-USD,roc_momentum,buy,2025-12-21 20:43:00+00:00,0.1485,0.25,2025-12-21 20:44:00+00:00,0.14716,0.24774410774410777,168.35016835016836,-0.22558922558922226,-0.72333333333333,-0.902356902356889,0.016666666666666666,roc_peak_drop,0.1485,4.54801464376231
189,ZKP-USD,roc_momentum,buy,2025-12-21 20:44:00+00:00,0.14716,0.25,2025-12-21 20:45:00+00:00,0.14591,0.24787646099483554,169.88312041315572,-0.21235390051644484,-0.7102303615112804,-0.8494156020657794,0.016666666666666666,roc_peak_drop,0.14716,0.21109976166155953
190,ZKP-USD,roc_momentum,buy,2025-12-21 20:45:00+00:00,0.14591,0.25,2025-12-21 20:46:00+00:00,0.14591,0.25,171.33849633335618,0.0,-0.5,0.0,0.016666666666666666,roc_reversal,0.14591,-0.25975801490190076
191,ZKP-USD,roc_momentum,buy,2025-12-21 20:46:00+00:00,0.14591,0.25,2025-12-21 20:47:00+00:00,0.14607,0.25027414159413336,171.33849633335618,0.02741415941333587,-0.4728599821807975,0.10965663765334348,0.016666666666666666,roc_reversal,0.14607,-0.23222457482412473
192,ZKP-USD,roc_momentum,buy,2025-12-21 20:47:00+00:00,0.14607,0.25,2025-12-21 20:48:00+00:00,0.14607,0.25,171.15081810091053,0.0,-0.5,0.0,0.016666666666666666,roc_reversal,0.14607,-0.23222457482412473
193,ZKP-USD,roc_momentum,buy,2025-12-21 20:48:00+00:00,0.14607,0.25,2025-12-21 20:50:00+00:00,0.14598,0.24984596426370917,171.15081810091053,-0.0154035736290831,-0.5152495378927923,-0.0616142945163324,0.03333333333333333,roc_peak_drop,0.14768,0.35335689045936647
194,ZKP-USD,roc_momentum,buy,2025-12-21 20:50:00+00:00,0.14598,0.25,2025-12-21 20:54:00+00:00,0.1467,0.25123304562268806,171.25633648444992,0.12330456226880368,-0.37792848335388435,0.4932182490752147,0.06666666666666667,roc_peak_drop,0.14745,0.9447525159170134
195,ZKP-USD,roc_momentum,buy,2025-12-21 20:54:00+00:00,0.1467,0.25,2025-12-21 20:56:00+00:00,0.1468,0.2501704158145876,170.41581458759373,0.017041581458762226,-0.4831288343558254,0.0681663258350489,0.03333333333333333,roc_peak_drop,0.1468,0.5617207836690064
196,ZKP-USD,roc_momentum,buy,2025-12-21 20:56:00+00:00,0.1468,0.25,2025-12-21 20:57:00+00:00,0.14584,0.2483651226158038,170.29972752043597,-0.1634877384196213,-0.6618528610354251,-0.6539509536784852,0.016666666666666666,roc_peak_drop,0.1468,0.11593807542795709
197,ZKP-USD,roc_momentum,buy,2025-12-21 20:57:00+00:00,0.14584,0.25,2025-12-21 20:58:00+00:00,0.14491,0.24840578716401537,171.4207350521119,-0.15942128359846175,-0.6578270707624772,-0.637685134393847,0.016666666666666666,roc_reversal,0.14584,-0.5387710564004777
198,ZKP-USD,roc_momentum,buy,2025-12-21 21:03:00+00:00,0.14256,0.25,2025-12-21 21:04:00+00:00,0.14336,0.2514029180695847,175.36475869809203,0.1402918069584728,-0.36111111111111194,0.5611672278338912,0.016666666666666666,roc_reversal,0.14336,-1.0696294251604566
199,SYRUP-USD,roc_momentum,buy,2025-12-21 21:05:00+00:00,0.3508,0.25,2025-12-21 21:09:00+00:00,0.3518,0.2507126567844926,71.26567844925884,0.0712656784492589,-0.4294469783352337,0.2850627137970356,0.06666666666666667,roc_peak_drop,0.3533,1.6105838366407887
200,SYRUP-USD,roc_momentum,buy,2025-12-21 21:09:00+00:00,0.3518,0.25,2025-12-21 21:10:00+00:00,0.3505,0.24907617964752699,71.0631040363843,-0.09238203524730126,-0.5914582148948282,-0.36952814098920506,0.016666666666666666,roc_peak_drop,0.3518,1.0919540229885172
201,SYRUP-USD,roc_momentum,buy,2025-12-21 21:10:00+00:00,0.3505,0.25,2025-12-21 21:12:00+00:00,0.3519,0.25099857346647647,71.32667617689016,0.0998573466476471,-0.40114122681882936,0.3994293865905884,0.03333333333333333,roc_peak_drop,0.3519,0.1138627953316318
202,SYRUP-USD,roc_momentum,buy,2025-12-21 21:12:00+00:00,0.3519,0.25,2025-12-21 21:13:00+00:00,0.3513,0.24957374254049447,71.04290991759022,-0.042625745950553386,-0.5421994884910478,-0.17050298380221354,0.016666666666666666,roc_reversal,0.3519,-0.25510204081633514
203,SYRUP-USD,roc_momentum,buy,2025-12-21 21:16:00+00:00,0.353,0.25,2025-12-21 21:17:00+00:00,0.3527,0.2497875354107649,70.8215297450425,-0.02124645892351041,-0.5210339943342753,-0.08498583569404164,0.016666666666666666,roc_peak_drop,0.353,0.36963321012224437
204,SYRUP-USD,roc_momentum,buy,2025-12-21 21:17:00+00:00,0.3527,0.25,2025-12-21 21:21:00+00:00,0.3555,0.25198468953785086,70.88176920895945,0.19846895378508428,-0.3035157357527666,0.7938758151403371,0.06666666666666667,roc_peak_drop,0.3556,1.39720558882237
205,SYRUP-USD,roc_momentum,buy,2025-12-21 21:21:00+00:00,0.3555,0.25,2025-12-21 21:25:00+00:00,0.3555,0.25,70.32348804500704,0.0,-0.5,0.0,0.06666666666666667,roc_peak_drop,0.3561,0.7088176920895917
206,SYRUP-USD,roc_momentum,buy,2025-12-21 21:25:00+00:00,0.3555,0.25,2025-12-21 21:26:00+00:00,0.3554,0.249929676511955,70.32348804500704,-0.007032348804499929,-0.506962025316455,-0.028129395217999717,0.016666666666666666,roc_reversal,0.3555,-0.02812148481441401
207,SYRUP-USD,roc_momentum,buy,2025-12-21 21:26:00+00:00,0.3554,0.25,2025-12-21 21:27:00+00:00,0.3551,0.24978897017445134,70.34327518289251,-0.02110298255486543,-0.5208919527293168,-0.08441193021946172,0.016666666666666666,roc_reversal,0.3554,-0.02812939521800173
208,SYRUP-USD,roc_momentum,buy,2025-12-21 21:27:00+00:00,0.3551,0.25,2025-12-21 21:28:00+00:00,0.3543,0.24943677837228947,70.40270346381301,-0.056322162771052016,-0.5557589411433415,-0.22528865108420806,0.016666666666666666,roc_reversal,0.3551,-0.028153153153154253
209,SYRUP-USD,roc_momentum,buy,2025-12-21 21:28:00+00:00,0.3543,0.25,2025-12-21 21:29:00+00:00,0.3545,0.2501411233418007,70.56167090036692,0.01411233418007183,-0.48602878916172887,0.05644933672028732,0.016666666666666666,roc_reversal,0.3545,-0.2533783783783772
210,SYRUP-USD,roc_momentum,buy,2025-12-21 21:29:00+00:00,0.3545,0.25,2025-12-21 21:31:00+00:00,0.3544,0.24992947813822286,70.52186177715092,-0.007052186177714316,-0.5069816643159372,-0.028208744710857263,0.03333333333333333,roc_peak_drop,0.3566,0.3094233473980301
211,SYRUP-USD,roc_momentum,buy,2025-12-21 21:31:00+00:00,0.3544,0.25,2025-12-21 21:35:00+00:00,0.357,0.251834085778781,70.54176072234763,0.18340857787810322,-0.3184255079006778,0.7336343115124129,0.06666666666666667,roc_peak_drop,0.3574,0.8749647191645504
212,SYRUP-USD,roc_momentum,buy,2025-12-21 21:35:00+00:00,0.357,0.25,2025-12-21 21:37:00+00:00,0.3586,0.2511204481792717,70.0280112044818,0.11204481792717019,-0.3890756302521015,0.44817927170868077,0.03333333333333333,roc_peak_drop,0.3589,1.2697516930022523
213,SYRUP-USD,roc_momentum,buy,2025-12-21 21:37:00+00:00,0.3586,0.25,2025-12-21 21:41:00+00:00,0.3594,0.25055772448410485,69.71556051310652,0.05577244841048682,-0.44478527607361806,0.22308979364194728,0.06666666666666667,roc_peak_drop,0.3594,0.6172839506172867
214,SYRUP-USD,roc_momentum,buy,2025-12-21 21:41:00+00:00,0.3594,0.25,2025-12-21 21:42:00+00:00,0.3574,0.24860879243183082,69.56037840845855,-0.1391207568169172,-0.637729549248748,-0.5564830272676689,0.016666666666666666,roc_peak_drop,0.3594,0.13931457230427213
215,SYRUP-USD,roc_momentum,buy,2025-12-21 21:42:00+00:00,0.3574,0.25,2025-12-21 21:43:00+00:00,0.3574,0.25,69.94963626189144,0.0,-0.5,0.0,0.016666666666666666,roc_reversal,0.3574,-0.3346346904629094
216,SYRUP-USD,roc_momentum,buy,2025-12-21 21:43:00+00:00,0.3574,0.25,2025-12-21 21:44:00+00:00,0.3566,0.24944040290990485,69.94963626189144,-0.05595970900951475,-0.5554001119194196,-0.223838836038059,0.016666666666666666,roc_reversal,0.3574,-0.4456824512534818
217,SYRUP-USD,roc_momentum,buy,2025-12-21 21:44:00+00:00,0.3566,0.25,2025-12-21 21:45:00+00:00,0.3555,0.2492288278182838,70.10656197420079,-0.07711721817162016,-0.5763460459899039,-0.30846887268648066,0.016666666666666666,roc_reversal,0.3566,-0.7238307349666018
218,SYRUP-USD,roc_momentum,buy,2025-12-21 21:45:00+00:00,0.3555,0.25,2025-12-21 21:46:00+00:00,0.357,0.2510548523206751,70.32348804500704,0.10548523206751065,-0.39556962025316444,0.4219409282700426,0.016666666666666666,roc_reversal,0.357,-0.6677796327212104
219,SYRUP-USD,roc_momentum,buy,2025-12-21 21:46:00+00:00,0.357,0.25,2025-12-21 21:48:00+00:00,0.357,0.25,70.0280112044818,0.0,-0.5,0.0,0.03333333333333333,roc_peak_drop,0.3578,0.11191941801902416
220,SYRUP-USD,roc_momentum,buy,2025-12-21 21:48:00+00:00,0.357,0.25,2025-12-21 21:51:00+00:00,0.356,0.24929971988795518,70.0280112044818,-0.07002801120448186,-0.5693277310924371,-0.28011204481792745,0.05,roc_peak_drop,0.357,0.25316455696202667
221,SYRUP-USD,roc_momentum,buy,2025-12-21 21:51:00+00:00,0.356,0.25,2025-12-21 21:52:00+00:00,0.3535,0.2482443820224719,70.2247191011236,-0.17556179775280914,-0.673806179775281,-0.7022471910112366,0.016666666666666666,roc_reversal,0.356,-0.2801120448179262
222,SYRUP-USD,roc_momentum,buy,2025-12-21 21:52:00+00:00,0.3535,0.25,2025-12-21 21:53:00+00:00,0.3521,0.24900990099009904,70.72135785007073,-0.09900990099009596,-0.598019801980195,-0.39603960396038385,0.016666666666666666,roc_reversal,0.3535,-1.2017887087758639
223,SYRUP-USD,roc_momentum,buy,2025-12-21 21:53:00+00:00,0.3521,0.25,2025-12-21 21:54:00+00:00,0.3491,0.24786992331723942,71.0025560920193,-0.2130076682760581,-0.7108775915932976,-0.8520306731042324,0.016666666666666666,roc_reversal,0.3521,-1.3725490196078272
224,SYRUP-USD,roc_momentum,buy,2025-12-21 21:54:00+00:00,0.3491,0.25,2025-12-21 21:55:00+00:00,0.3499,0.2505729017473503,71.61271841879118,0.057290174735030605,-0.4432827270123197,0.22916069894012242,0.016666666666666666,roc_reversal,0.3499,-1.8237934904601572
225,SYRUP-USD,roc_momentum,buy,2025-12-21 21:55:00+00:00,0.3499,0.25,2025-12-21 21:56:00+00:00,0.3485,0.24899971420405828,71.44898542440697,-0.10002857959417065,-0.599028293798229,-0.4001143183766826,0.016666666666666666,roc_reversal,0.3499,-1.8237934904601572
226,SYRUP-USD,roc_momentum,buy,2025-12-21 21:56:00+00:00,0.3485,0.25,2025-12-21 21:57:00+00:00,0.3447,0.24727403156384506,71.73601147776183,-0.27259684361549286,-0.7698708751793379,-1.0903873744619714,0.016666666666666666,roc_reversal,0.3485,-2.1067415730337102
227,ZKP-USD,roc_momentum,buy,2025-12-21 22:02:00+00:00,0.165,0.25,2025-12-21 22:03:00+00:00,0.16287,0.24677272727272725,151.5151515151515,-0.32272727272727586,-0.8195000000000031,-1.2909090909091034,0.016666666666666666,roc_peak_drop,0.165,4.715364599860394
228,SYRUP-USD,roc_momentum,buy,2025-12-21 22:01:00+00:00,0.3487,0.25,2025-12-21 22:04:00+00:00,0.3489,0.2501433897332951,71.69486664754804,0.014338973329508028,-0.4858044164037871,0.05735589331803211,0.05,roc_peak_drop,0.3494,1.305483028720622
229,SYRUP-USD,roc_momentum,buy,2025-12-21 22:04:00+00:00,0.3489,0.25,2025-12-21 22:05:00+00:00,0.3492,0.25021496130696474,71.65376898824879,0.021496130696476247,-0.47871883061048853,0.08598452278590499,0.016666666666666666,roc_peak_drop,0.3492,0.5765350245027445
230,SYRUP-USD,roc_momentum,buy,2025-12-21 22:05:00+00:00,0.3492,0.25,2025-12-21 22:07:00+00:00,0.3492,0.25,71.5922107674685,0.0,-0.5,0.0,0.03333333333333333,roc_peak_drop,0.35,0.37281330656724343
231,SYRUP-USD,roc_momentum,buy,2025-12-21 22:07:00+00:00,0.3492,0.25,2025-12-21 22:08:00+00:00,0.349,0.24985681557846504,71.5922107674685,-0.014318442153496097,-0.5141752577319612,-0.05727376861398439,0.016666666666666666,roc_reversal,0.3492,
232,SYRUP-USD,roc_momentum,buy,2025-12-21 22:08:00+00:00,0.349,0.25,2025-12-21 22:11:00+00:00,0.3516,0.2518624641833811,71.63323782234957,0.18624641833811223,-0.31561604584526887,0.7449856733524489,0.05,roc_peak_drop,0.3522,0.8591065292096189
233,SYRUP-USD,roc_momentum,buy,2025-12-21 22:11:00+00:00,0.3516,0.25,2025-12-21 22:15:00+00:00,0.3554,0.25270193401592717,71.10352673492605,0.2701934015927169,-0.23250853242321032,1.0807736063708675,0.06666666666666667,roc_peak_drop,0.3554,1.3467048710601892
234,SYRUP-USD,roc_momentum,buy,2025-12-21 22:15:00+00:00,0.3554,0.25,2025-12-21 22:17:00+00:00,0.3534,0.24859313449634216,70.34327518289251,-0.14068655036578515,-0.6392796848621273,-0.5627462014631406,0.03333333333333333,roc_peak_drop,0.3554,0.9085746734809774
235,SYRUP-USD,roc_momentum,buy,2025-12-21 22:17:00+00:00,0.3534,0.25,2025-12-21 22:18:00+00:00,0.3543,0.25063667232597625,70.74136955291455,0.06366723259762393,-0.4369694397283523,0.2546689303904957,0.016666666666666666,roc_peak_drop,0.3543,0.4262574595055524
236,SYRUP-USD,roc_momentum,buy,2025-12-21 22:18:00+00:00,0.3543,0.25,2025-12-21 22:19:00+00:00,0.3547,0.2502822466836015,70.56167090036692,0.028224668360147576,-0.4720575783234539,0.1128986734405903,0.016666666666666666,roc_peak_drop,0.3547,0.16963528413909135
237,SYRUP-USD,roc_momentum,buy,2025-12-21 22:19:00+00:00,0.3547,0.25,2025-12-21 22:20:00+00:00,0.3548,0.25007048209754723,70.482097547223,0.007048209754721524,-0.4930222723428257,0.028192839018886095,0.016666666666666666,roc_reversal,0.3548,-0.16882386043893804
238,SYRUP-USD,roc_momentum,buy,2025-12-21 22:20:00+00:00,0.3548,0.25,2025-12-21 22:23:00+00:00,0.3544,0.24971815107102593,70.46223224351748,-0.028184892897407797,-0.5279030439684337,-0.11273957158963119,0.05,roc_peak_drop,0.3548,0.28296547821164975
239,SYRUP-USD,roc_momentum,buy,2025-12-21 22:23:00+00:00,0.3544,0.25,2025-12-21 22:24:00+00:00,0.3545,0.25007054176072235,70.54176072234763,0.007054176072233986,-0.49301636568848833,0.028216704288935943,0.016666666666666666,roc_peak_drop,0.3545,0.028224668360143923
240,SYRUP-USD,roc_momentum,buy,2025-12-21 22:24:00+00:00,0.3545,0.25,2025-12-21 22:25:00+00:00,0.3544,0.24992947813822286,70.52186177715092,-0.007052186177714316,-0.5069816643159372,-0.028208744710857263,0.016666666666666666,roc_reversal,0.3545,-0.056385678037784714
241,ZKP-USD,roc_momentum,buy,2025-12-21 22:26:00+00:00,0.1584,0.25,2025-12-21 22:27:00+00:00,0.1584,0.25,157.82828282828282,0.0,-0.5,0.0,0.016666666666666666,roc_peak_drop,0.1584,0.2658564375237482
242,SYRUP-USD,roc_momentum,buy,2025-12-21 22:25:00+00:00,0.3544,0.25,2025-12-21 22:28:00+00:00,0.353,0.24901241534988713,70.54176072234763,-0.09875846501128756,-0.5977708803611747,-0.39503386004515023,0.05,roc_reversal,0.3544,
243,ZKP-USD,roc_momentum,buy,2025-12-21 22:27:00+00:00,0.1584,0.25,2025-12-21 22:28:00+00:00,0.15746,0.2485164141414141,157.82828282828282,-0.14835858585858966,-0.6468750000000038,-0.5934343434343586,0.016666666666666666,roc_reversal,0.1584,-0.3796026825256371
244,SYRUP-USD,roc_momentum,buy,2025-12-21 22:28:00+00:00,0.353,0.25,2025-12-21 22:29:00+00:00,0.3529,0.24992917847025498,70.8215297450425,-0.00708215297450347,-0.5070113314447584,-0.02832861189801388,0.016666666666666666,roc_reversal,0.353,-0.3950338600451464
245,SYRUP-USD,roc_momentum,buy,2025-12-21 22:29:00+00:00,0.3529,0.25,2025-12-21 22:30:00+00:00,0.3522,0.24950410881269483,70.84159818645509,-0.04958911873051703,-0.5490932275432119,-0.19835647492206812,0.016666666666666666,roc_reversal,0.3529,-0.4513399153737607
246,ZKP-USD,roc_momentum,buy,2025-12-21 22:28:00+00:00,0.15746,0.25,2025-12-21 22:31:00+00:00,0.1591,0.25260383589483043,158.77048139209958,0.26038358948304374,-0.2422202464117867,1.041534357932175,0.05,roc_peak_drop,0.16007,2.5695245418428714
247,SYRUP-USD,roc_momentum,buy,2025-12-21 22:30:00+00:00,0.3522,0.25,2025-12-21 22:31:00+00:00,0.3511,0.2492191936399773,70.9823963657013,-0.07808063600227072,-0.577299829642248,-0.3123225440090829,0.016666666666666666,roc_reversal,0.3522,-0.6207674943566555
248,SYRUP-USD,roc_momentum,buy,2025-12-21 22:31:00+00:00,0.3511,0.25,2025-12-21 22:32:00+00:00,0.3508,0.24978638564511532,71.20478496154941,-0.021361435488466425,-0.5211478211335817,-0.0854457419538657,0.016666666666666666,roc_reversal,0.3511,-0.9311512415349776
249,ZKP-USD,roc_momentum,buy,2025-12-21 22:31:00+00:00,0.1591,0.25,2025-12-21 22:32:00+00:00,0.15769,0.24778441231929604,157.13387806411063,-0.22155876807039515,-0.7193431803896911,-0.8862350722815806,0.016666666666666666,roc_peak_drop,0.1591,0.4419191919191823
250,SYRUP-USD,roc_momentum,buy,2025-12-21 22:32:00+00:00,0.3508,0.25,2025-12-21 22:33:00+00:00,0.3482,0.2481470923603193,71.26567844925884,-0.18529076396807234,-0.6834378563283916,-0.7411630558722894,0.016666666666666666,roc_reversal,0.3508,-1.0158013544018019
251,SYRUP-USD,roc_momentum,buy,2025-12-21 22:33:00+00:00,0.3482,0.25,2025-12-21 22:34:00+00:00,0.3482,0.25,71.79781734635267,0.0,-0.5,0.0,0.016666666666666666,roc_reversal,0.3482,-1.331822045905351
252,ZKP-USD,roc_momentum,buy,2025-12-21 22:32:00+00:00,0.15769,0.25,2025-12-21 22:35:00+00:00,0.15895,0.2519975902086372,158.5389054473968,0.19975902086372171,-0.3022385693449155,0.7990360834548869,0.05,roc_peak_drop,0.15907,0.5499367888748274
253,SYRUP-USD,roc_momentum,buy,2025-12-21 22:34:00+00:00,0.3482,0.25,2025-12-21 22:35:00+00:00,0.3481,0.24992820218265366,71.79781734635267,-0.007179781734634476,-0.5071079839172882,-0.028719126938537905,0.016666666666666666,roc_reversal,0.3482,-1.1641113003974968
254,SYRUP-USD,roc_momentum,buy,2025-12-21 22:37:00+00:00,0.3501,0.25,2025-12-21 22:39:00+00:00,0.3475,0.24814338760354182,71.4081690945444,-0.1856612396458188,-0.6838046272493606,-0.7426449585832752,0.03333333333333333,roc_peak_drop,0.3501,0.20103388856977933
255,ZKP-USD,roc_momentum,buy,2025-12-21 22:35:00+00:00,0.15895,0.25,2025-12-21 22:41:00+00:00,0.16279,0.256039635105379,157.28216420257942,0.6039635105379022,0.09792387543252316,2.415854042151609,0.1,roc_peak_drop,0.16404,3.513222144714301
256,SYRUP-USD,roc_momentum,buy,2025-12-21 22:45:00+00:00,0.3478,0.25,2025-12-21 22:49:00+00:00,0.3469,0.24935307648073604,71.8803910293272,-0.06469235192639533,-0.5640454284071313,-0.2587694077055813,0.06666666666666667,roc_peak_drop,0.3479,0.5491329479768714
257,SYRUP-USD,roc_momentum,buy,2025-12-21 22:50:00+00:00,0.3469,0.25,2025-12-21 22:51:00+00:00,0.3464,0.24963966560968578,72.06687806284232,-0.03603343903142119,-0.535673104641107,-0.14413375612568477,0.016666666666666666,roc_reversal,0.3469,-0.25876940770558354
258,SYRUP-USD,roc_momentum,buy,2025-12-21 22:51:00+00:00,0.3464,0.25,2025-12-21 22:52:00+00:00,0.3452,0.24913394919168594,72.17090069284065,-0.08660508083140725,-0.5857390300230931,-0.346420323325629,0.016666666666666666,roc_reversal,0.3464,-0.3165467625899199
259,SYRUP-USD,roc_momentum,buy,2025-12-21 23:02:00+00:00,0.3466,0.25,2025-12-21 23:05:00+00:00,0.3473,0.25050490478938253,72.12925562608193,0.0504904789382558,-0.4500144258511268,0.2019619157530232,0.05,roc_peak_drop,0.3473,1.404330017554134
260,SYRUP-USD,roc_momentum,buy,2025-12-21 23:05:00+00:00,0.3473,0.25,2025-12-21 23:07:00+00:00,0.3472,0.24992801612438814,71.98387561186294,-0.007198387561185501,-0.5071264036855736,-0.028793550244742006,0.03333333333333333,roc_peak_drop,0.3473,0.8127721335268623
261,SYRUP-USD,roc_momentum,buy,2025-12-21 23:07:00+00:00,0.3472,0.25,2025-12-21 23:09:00+00:00,0.3479,0.2505040322580645,72.00460829493088,0.050403225806450055,-0.45010080645161443,0.20161290322580022,0.03333333333333333,roc_peak_drop,0.3479,0.4620271440947121
262,SYRUP-USD,roc_momentum,buy,2025-12-21 23:09:00+00:00,0.3479,0.25,2025-12-21 23:12:00+00:00,0.3478,0.24992814027019258,71.85972980741593,-0.007185972980740802,-0.5071141132509334,-0.028743891922963206,0.05,roc_peak_drop,0.3485,0.3455226029369429
263,SYRUP-USD,roc_momentum,buy,2025-12-21 23:14:00+00:00,0.3483,0.25,2025-12-21 23:16:00+00:00,0.3479,0.2497128911857594,71.7772035601493,-0.02871088142406054,-0.52842377260982,-0.11484352569624216,0.03333333333333333,roc_peak_drop,0.3499,0.4017216642754784
264,ZKP-USD,roc_momentum,buy,2025-12-22 01:07:00+00:00,0.172,0.25,2025-12-22 01:12:00+00:00,0.173,0.251453488372093,145.34883720930233,0.14534883720930247,-0.35610465116279055,0.5813953488372099,0.08333333333333333,roc_peak_drop,0.17586,5.939759036144565
265,ZKP-USD,roc_momentum,buy,2025-12-22 01:12:00+00:00,0.173,0.25,2025-12-22 01:13:00+00:00,0.17198,0.24852601156069365,144.50867052023122,-0.14739884393063485,-0.6459248554913285,-0.5895953757225394,0.016666666666666666,roc_peak_drop,0.173,0.5813953488372103
266,ZKP-USD,roc_momentum,buy,2025-12-22 01:13:00+00:00,0.17198,0.25,2025-12-22 01:14:00+00:00,0.17272,0.2510757064774974,145.36574020234912,0.10757064774974102,-0.3935050587277564,0.4302825909989641,0.016666666666666666,roc_reversal,0.17272,-0.5895953757225403
267,ZKP-USD,roc_momentum,buy,2025-12-22 01:14:00+00:00,0.17272,0.25,2025-12-22 01:15:00+00:00,0.17086,0.24730778138026865,144.74293654469662,-0.26922186197313575,-0.7665296433534045,-1.076887447892543,0.016666666666666666,roc_reversal,0.17272,-1.7650779049042664
268,ZKP-USD,roc_momentum,buy,2025-12-22 01:15:00+00:00,0.17086,0.25,2025-12-22 01:16:00+00:00,0.1675,0.24508369425260446,146.31862343439073,-0.4916305747395531,-0.9867142689921575,-1.9665222989582123,0.016666666666666666,roc_reversal,0.17086,-1.7650779049042664
269,ZKP-USD,roc_momentum,buy,2025-12-22 01:16:00+00:00,0.1675,0.25,2025-12-22 01:17:00+00:00,0.16701,0.24926865671641787,149.25373134328356,-0.07313432835821167,-0.5724029850746295,-0.29253731343284667,0.016666666666666666,roc_reversal,0.1675,-3.4624277456647423
270,ZKP-USD,roc_momentum,buy,2025-12-22 01:19:00+00:00,0.1687,0.25,2025-12-22 01:20:00+00:00,0.16883,0.25019264967397753,148.19205690574987,0.019264967397750295,-0.48092768227622723,0.07705986959100118,0.016666666666666666,roc_reversal,0.16883,-1.1881072222872602
271,ZKP-USD,roc_momentum,buy,2025-12-22 01:20:00+00:00,0.16883,0.25,2025-12-22 01:22:00+00:00,0.16602,0.24583900965468222,148.07794823194928,-0.41609903453177854,-0.9119380441864607,-1.6643961381271142,0.03333333333333333,roc_peak_drop,0.16965,1.2835820895522376
272,ZKP-USD,roc_momentum,buy,2025-12-22 01:22:00+00:00,0.16602,0.25,2025-12-22 01:23:00+00:00,0.1638,0.2466570292735815,150.58426695578845,-0.3342970726418503,-0.8309541019154318,-1.3371882905674013,0.016666666666666666,roc_reversal,0.16602,-0.5927788755164309
273,ZKP-USD,roc_momentum,buy,2025-12-22 01:23:00+00:00,0.1638,0.25,2025-12-22 01:24:00+00:00,0.16294,0.2486874236874237,152.62515262515262,-0.1312576312576312,-0.6299450549450549,-0.5250305250305248,0.016666666666666666,roc_reversal,0.1638,-1.916167664670665
274,ZKP-USD,roc_momentum,buy,2025-12-22 01:24:00+00:00,0.16294,0.25,2025-12-22 01:25:00+00:00,0.1615,0.24779059776604886,153.43071069105193,-0.22094022339511427,-0.7187308211611632,-0.8837608935804571,0.016666666666666666,roc_reversal,0.16294,-3.4143449911084645
275,ZKP-USD,roc_momentum,buy,2025-12-22 01:25:00+00:00,0.1615,0.25,2025-12-22 01:26:00+00:00,0.16031,0.2481578947368421,154.7987616099071,-0.18421052631578894,-0.6823684210526311,-0.7368421052631557,0.016666666666666666,roc_reversal,0.1615,-4.3416454421607575
276,ZKP-USD,roc_momentum,buy,2025-12-22 01:26:00+00:00,0.16031,0.25,2025-12-22 01:27:00+00:00,0.16294,0.2541014284823155,155.94785103861267,0.41014284823155034,-0.09395858025076517,1.6405713929262014,0.016666666666666666,roc_reversal,0.16294,-1.8551981688953112
277,ZKP-USD,roc_momentum,buy,2025-12-22 01:27:00+00:00,0.16294,0.25,2025-12-22 01:28:00+00:00,0.1615,0.24779059776604886,153.43071069105193,-0.22094022339511427,-0.7187308211611632,-0.8837608935804571,0.016666666666666666,roc_reversal,0.16294,-1.4041514041513992
278,ZKP-USD,roc_momentum,buy,2025-12-22 01:28:00+00:00,0.1615,0.25,2025-12-22 01:29:00+00:00,0.16001,0.24769349845201238,154.7987616099071,-0.23065015479876025,-0.7283436532507727,-0.922600619195041,0.016666666666666666,roc_reversal,0.1615,-1.4041514041513992
279,ZKP-USD,roc_momentum,buy,2025-12-22 01:29:00+00:00,0.16001,0.25,2025-12-22 01:32:00+00:00,0.16365,0.25568714455346536,156.2402349853134,0.5687144553465371,0.06302731079307176,2.2748578213861483,0.05,roc_peak_drop,0.16365,2.083463289875853
280,ZKP-USD,roc_momentum,buy,2025-12-22 01:32:00+00:00,0.16365,0.25,2025-12-22 01:35:00+00:00,0.16365,0.25,152.7650473571647,0.0,-0.5,0.0,0.05,roc_peak_drop,0.16365,2.274857821386145
281,ZKP-USD,roc_momentum,buy,2025-12-22 01:35:00+00:00,0.16365,0.25,2025-12-22 02:27:00+00:00,0.1672,0.25542315918117936,152.7650473571647,0.5423159181179343,0.03689275893675494,2.1692636724717373,0.8666666666666667,roc_peak_drop,0.1674,2.2914757103574823
282,ZKP-USD,roc_momentum,buy,2025-12-22 02:27:00+00:00,0.1672,0.25,2025-12-22 02:28:00+00:00,0.16619,0.2484898325358852,149.52153110047848,-0.15101674641148075,-0.649506578947366,-0.604066985645923,0.016666666666666666,roc_peak_drop,0.1672,0.9905774341628204
283,ZKP-USD,roc_momentum,buy,2025-12-22 02:28:00+00:00,0.16619,0.25,2025-12-22 02:29:00+00:00,0.1643,0.24715686864432276,150.43023045911306,-0.2843131355677241,-0.7814700042120468,-1.1372525422708963,0.016666666666666666,roc_peak_drop,0.16619,0.3805266972698673
284,ZKP-USD,roc_momentum,buy,2025-12-22 02:29:00+00:00,0.1643,0.25,2025-12-22 02:30:00+00:00,0.16267,0.2475197808886184,152.16068167985392,-0.24802191113816077,-0.7455416920267791,-0.9920876445526431,0.016666666666666666,roc_reversal,0.1643,-0.7610533945397457
285,ZKP-USD,roc_momentum,buy,2025-12-22 02:30:00+00:00,0.16267,0.25,2025-12-22 02:31:00+00:00,0.16267,0.25,153.68537529968648,0.0,-0.5,0.0,0.016666666666666666,roc_reversal,0.16267,-2.709330143540656
286,ZKP-USD,roc_momentum,buy,2025-12-22 02:31:00+00:00,0.16267,0.25,2025-12-22 02:32:00+00:00,0.16472,0.2531505501936436,153.68537529968648,0.3150550193643567,-0.18809553082928687,1.2602200774574268,0.016666666666666666,roc_reversal,0.16472,-1.4832535885167308
287,ZKP-USD,roc_momentum,buy,2025-12-22 02:32:00+00:00,0.16472,0.25,2025-12-22 02:33:00+00:00,0.16398,0.24887688198154442,151.77270519669742,-0.11231180184555889,-0.6111886838271033,-0.44924720738223556,0.016666666666666666,roc_reversal,0.16472,-1.3298032372585755
288,ZKP-USD,roc_momentum,buy,2025-12-22 02:33:00+00:00,0.16398,0.25,2025-12-22 02:34:00+00:00,0.16247,0.24769788998658376,152.45761678253447,-0.23021100134162453,-0.7279088913282084,-0.9208440053664981,0.016666666666666666,roc_reversal,0.16398,-1.1138161898965326
289,ZKP-USD,roc_momentum,buy,2025-12-22 02:34:00+00:00,0.16247,0.25,2025-12-22 02:35:00+00:00,0.16247,0.25,153.87456145749985,0.0,-0.5,0.0,0.016666666666666666,roc_reversal,0.16247,-0.12294830023975578
290,ZKP-USD,roc_momentum,buy,2025-12-22 02:35:00+00:00,0.16247,0.25,2025-12-22 02:36:00+00:00,0.15959,0.24556841263002402,153.87456145749985,-0.44315873699759856,-0.9387271496276226,-1.7726349479903942,0.016666666666666666,roc_reversal,0.16247,-0.12294830023975578
291,ZKP-USD,roc_momentum,buy,2025-12-22 02:36:00+00:00,0.15959,0.25,2025-12-22 02:37:00+00:00,0.15959,0.25,156.6514192618585,0.0,-0.5,0.0,0.016666666666666666,roc_reversal,0.15959,-1.8934038236921413
292,ZKP-USD,roc_momentum,buy,2025-12-22 08:53:00+00:00,0.16145,0.25,2025-12-22 08:54:00+00:00,0.16145,0.25,154.8467017652524,0.0,-0.5,0.0,0.016666666666666666,roc_reversal,0.16145,-0.3825507496760583
293,ZKP-USD,roc_momentum,buy,2025-12-22 08:54:00+00:00,0.16145,0.25,2025-12-22 08:55:00+00:00,0.16049,0.24851347166305354,154.8467017652524,-0.14865283369464483,-0.6471663053576984,-0.5946113347785793,0.016666666666666666,roc_reversal,0.16145,-0.3825507496760583
294,ZKP-USD,roc_momentum,buy,2025-12-22 08:57:00+00:00,0.16209,0.25,2025-12-22 08:59:00+00:00,0.16014,0.24699241162317231,154.23530137577887,-0.30075883768276995,-0.7977512493059422,-1.2030353507310798,0.03333333333333333,roc_peak_drop,0.16209,0.4461795872838792
295,ZKP-USD,roc_momentum,buy,2025-12-22 08:59:00+00:00,0.16014,0.25,2025-12-22 09:02:00+00:00,0.15837,0.24723679280629451,156.11340077432246,-0.2763207193705498,-0.7735575121768443,-1.1052828774821992,0.05,roc_peak_drop,0.16239,1.1838743846968702
296,ZKP-USD,roc_momentum,buy,2025-12-22 09:02:00+00:00,0.15837,0.25,2025-12-22 09:03:00+00:00,0.15837,0.25,157.85818021089852,0.0,-0.5,0.0,0.016666666666666666,roc_reversal,0.15837,-2.295021284471588
297,ZKP-USD,roc_momentum,buy,2025-12-22 09:03:00+00:00,0.15837,0.25,2025-12-22 09:04:00+00:00,0.15837,0.25,157.85818021089852,0.0,-0.5,0.0,0.016666666666666666,roc_reversal,0.15837,-1.1052828774821943
298,ZKP-USD,roc_momentum,buy,2025-12-22 09:04:00+00:00,0.15837,0.25,2025-12-22 09:05:00+00:00,0.15714,0.24805834438340593,157.85818021089852,-0.19416556165940657,-0.6922239060428125,-0.7766622466376263,0.016666666666666666,roc_reversal,0.15837,-1.1052828774821943
299,ZKP-USD,roc_momentum,buy,2025-12-22 09:06:00+00:00,0.15998,0.25,2025-12-22 09:11:00+00:00,0.16265,0.25417239654956864,156.26953369171144,0.41723965495686616,-0.08693274159270253,1.6689586198274646,0.08333333333333333,roc_peak_drop,0.1641,4.429171439480717
300,ZKP-USD,roc_momentum,buy,2025-12-22 09:11:00+00:00,0.16265,0.25,2025-12-22 09:15:00+00:00,0.16366,0.25155241315708576,153.70427297878882,0.15524131570857838,-0.3463110974485074,0.6209652628343135,0.06666666666666667,roc_peak_drop,0.16366,1.6689586198274542
301,ZKP-USD,roc_momentum,buy,2025-12-22 09:15:00+00:00,0.16366,0.25,2025-12-22 09:17:00+00:00,0.16208,0.24758645973359403,152.7557130636686,-0.24135402664059608,-0.7389404863741901,-0.9654161065623843,0.03333333333333333,roc_peak_drop,0.16366,0.6209652628343054
302,ZKP-USD,roc_momentum,buy,2025-12-22 09:17:00+00:00,0.16208,0.25,2025-12-22 09:18:00+00:00,0.16127,0.24875061697926948,154.24481737413623,-0.12493830207305114,-0.6236889190523206,-0.49975320829220454,0.016666666666666666,roc_reversal,0.16208,-0.3504457423916252
303,ZKP-USD,roc_momentum,buy,2025-12-22 09:18:00+00:00,0.16127,0.25,2025-12-22 09:19:00+00:00,0.16114,0.2497984746078006,155.0195324610901,-0.020152539219940355,-0.519951013827741,-0.08061015687976142,0.016666666666666666,roc_reversal,0.16127,-0.8484475868429042
304,ZKP-USD,roc_momentum,buy,2025-12-22 09:19:00+00:00,0.16114,0.25,2025-12-22 09:20:00+00:00,0.16114,0.25,155.14459476231846,0.0,-0.5,0.0,0.016666666666666666,roc_reversal,0.16114,-1.5397775876817787
305,ZKP-USD,roc_momentum,buy,2025-12-22 09:20:00+00:00,0.16114,0.25,2025-12-22 09:25:00+00:00,0.15918,0.24695916594265854,155.14459476231846,-0.3040834057341469,-0.8010425716768054,-1.2163336229365875,0.08333333333333333,roc_peak_drop,0.1655,2.705721732654842
306,ZKP-USD,roc_momentum,buy,2025-12-22 09:26:00+00:00,0.16239,0.25,2025-12-22 09:27:00+00:00,0.16255,0.25024632058624297,153.95036640187203,0.02463205862429852,-0.47561426196194445,0.09852823449719408,0.016666666666666666,roc_reversal,0.16255,-0.9696304427369018
307,ZKP-USD,roc_momentum,buy,2025-12-22 09:27:00+00:00,0.16255,0.25,2025-12-22 09:28:00+00:00,0.16363,0.25166102737619195,153.79883112888342,0.16610273761919372,-0.3355582897569982,0.6644109504767749,0.016666666666666666,roc_reversal,0.16363,-1.1299093655589232
308,ZKP-USD,roc_momentum,buy,2025-12-22 09:28:00+00:00,0.16363,0.25,2025-12-22 09:29:00+00:00,0.16363,0.25,152.78371936686426,0.0,-0.5,0.0,0.016666666666666666,roc_reversal,0.16363,-1.1299093655589232
309,ZKP-USD,roc_momentum,buy,2025-12-22 09:29:00+00:00,0.16363,0.25,2025-12-22 09:31:00+00:00,0.16408,0.2506875267371509,152.78371936686426,0.06875267371508983,-0.4319348530220611,0.27501069486035934,0.03333333333333333,roc_peak_drop,0.16408,2.8395527076265914
310,ZKP-USD,roc_momentum,buy,2025-12-22 09:31:00+00:00,0.16408,0.25,2025-12-22 09:33:00+00:00,0.16408,0.25,152.3647001462701,0.0,-0.5,0.0,0.03333333333333333,roc_peak_drop,0.16408,1.0407044768766527
311,ZKP-USD,roc_momentum,buy,2025-12-22 09:33:00+00:00,0.16408,0.25,2025-12-22 09:34:00+00:00,0.16206,0.24692223305704536,152.3647001462701,-0.3077766942954647,-0.80469892735251,-1.231106777181859,0.016666666666666666,roc_peak_drop,0.16408,0.2750106948603559
312,ZKP-USD,roc_momentum,buy,2025-12-22 09:51:00+00:00,0.17478,0.25,2025-12-22 09:53:00+00:00,0.17092,0.2444787733150246,143.03696075065798,-0.5521226684975401,-1.0466014418125646,-2.2084906739901604,0.03333333333333333,roc_peak_drop,0.17478,6.977598237238336
313,ZKP-USD,roc_momentum,buy,2025-12-22 09:55:00+00:00,0.17348,0.25,2025-12-22 09:56:00+00:00,0.174,0.25074936592114366,144.108830989163,0.07493659211436372,-0.4258127738067799,0.2997463684574549,0.016666666666666666,roc_peak_drop,0.174,3.255758585798474
314,ZKP-USD,roc_momentum,buy,2025-12-22 09:56:00+00:00,0.174,0.25,2025-12-22 09:57:00+00:00,0.17088,0.24551724137931036,143.67816091954023,-0.44827586206896325,-0.9437931034482736,-1.793103448275853,0.016666666666666666,roc_reversal,0.174,-0.36151603498543183
315,ZKP-USD,roc_momentum,buy,2025-12-22 10:03:00+00:00,0.17385,0.25,2025-12-22 10:08:00+00:00,0.17863,0.2568737417313776,143.80212827149842,0.6873741731377634,0.18050043140638572,2.7494966925510536,0.08333333333333333,roc_peak_drop,0.17863,4.286051173210703
316,ZKP-USD,roc_momentum,buy,2025-12-22 10:08:00+00:00,0.17863,0.25,2025-12-22 10:09:00+00:00,0.17727,0.24809662430722723,139.95409505682136,-0.19033756927727705,-0.6884341935845043,-0.7613502771091082,0.016666666666666666,roc_peak_drop,0.17863,2.7494966925510456
317,ZKP-USD,roc_momentum,buy,2025-12-22 10:09:00+00:00,0.17727,0.25,2025-12-22 10:10:00+00:00,0.17565,0.24771534946691487,141.02781068426694,-0.22846505330851388,-0.7261804027754287,-0.9138602132340555,0.016666666666666666,roc_peak_drop,0.17727,0.8361774744027217
318,ZKP-USD,roc_momentum,buy,2025-12-22 10:10:00+00:00,0.17565,0.25,2025-12-22 10:11:00+00:00,0.17565,0.25,142.32849416453175,0.0,-0.5,0.0,0.016666666666666666,roc_reversal,0.17565,-0.7010006218553855
319,ZKP-USD,roc_momentum,buy,2025-12-22 10:11:00+00:00,0.17565,0.25,2025-12-22 10:15:00+00:00,0.18351,0.26118701964133223,142.32849416453175,1.1187019641332203,0.6075149444918881,4.474807856532881,0.06666666666666667,take_profit,0.18351,4.474807856532892
320,ZKP-USD,roc_momentum,buy,2025-12-22 10:15:00+00:00,0.18351,0.25,2025-12-22 10:17:00+00:00,0.18079,0.2462944798648575,136.2323579096507,-0.37055201351424993,-0.8668464933791075,-1.4822080540569997,0.03333333333333333,roc_peak_drop,0.18351,4.474807856532892
321,ZKP-USD,roc_momentum,buy,2025-12-22 10:17:00+00:00,0.18079,0.25,2025-12-22 10:18:00+00:00,0.18079,0.25,138.28198462304331,0.0,-0.5,0.0,0.016666666666666666,roc_peak_drop,0.18079,1.2885875959437465
322,ZKP-USD,roc_momentum,buy,2025-12-22 10:18:00+00:00,0.18079,0.25,2025-12-22 10:25:00+00:00,0.18625,0.25755019636041815,138.28198462304331,0.7550196360418154,0.24746943968139729,3.0200785441672617,0.11666666666666667,roc_peak_drop,0.18671,2.5333259582941636
323,ZKP-USD,roc_momentum,buy,2025-12-22 10:25:00+00:00,0.18625,0.25,2025-12-22 10:26:00+00:00,0.1844,0.24751677852348994,134.2281879194631,-0.24832214765100544,-0.7458389261744954,-0.9932885906040217,0.016666666666666666,roc_peak_drop,0.18625,0.6756756756756799
324,ZKP-USD,roc_momentum,buy,2025-12-22 10:26:00+00:00,0.1844,0.25,2025-12-22 10:27:00+00:00,0.1844,0.25,135.57483731019522,0.0,-0.5,0.0,0.016666666666666666,roc_reversal,0.1844,-0.12998266897746857
325,ZKP-USD,roc_momentum,buy,2025-12-22 10:27:00+00:00,0.1844,0.25,2025-12-22 10:28:00+00:00,0.18476,0.2504880694143167,135.57483731019522,0.04880694143167017,-0.45168112798264654,0.19522776572668069,0.016666666666666666,roc_reversal,0.18476,-0.12998266897746857
326,ZKP-USD,roc_momentum,buy,2025-12-22 10:28:00+00:00,0.18476,0.25,2025-12-22 10:29:00+00:00,0.18476,0.25,135.31067330591037,0.0,-0.5,0.0,0.016666666666666666,roc_reversal,0.18476,-0.3290715865566174
327,ZKP-USD,roc_momentum,buy,2025-12-22 10:29:00+00:00,0.18476,0.25,2025-12-22 10:30:00+00:00,0.1857,0.2512719203290755,135.31067330591037,0.12719203290755526,-0.3740798874215203,0.508768131630221,0.016666666666666666,roc_reversal,0.1857,-0.2953020134228157
328,ZKP-USD,roc_momentum,buy,2025-12-22 10:30:00+00:00,0.1857,0.25,2025-12-22 10:31:00+00:00,0.1839,0.2475767366720517,134.62574044157242,-0.24232633279482985,-0.7399030694668816,-0.9693053311793194,0.016666666666666666,roc_reversal,0.1857,-0.27114967462038564
329,ZKP-USD,roc_momentum,buy,2025-12-22 10:31:00+00:00,0.1839,0.25,2025-12-22 10:32:00+00:00,0.1839,0.25,135.94344752582924,0.0,-0.5,0.0,0.016666666666666666,roc_reversal,0.1839,-0.27114967462038564
330,ZKP-USD,roc_momentum,buy,2025-12-22 10:32:00+00:00,0.1839,0.25,2025-12-22 10:33:00+00:00,0.1839,0.25,135.94344752582924,0.0,-0.5,0.0,0.016666666666666666,roc_reversal,0.1839,-0.27114967462038564
331,ZKP-USD,roc_momentum,buy,2025-12-22 10:33:00+00:00,0.1839,0.25,2025-12-22 10:34:00+00:00,0.18171,0.24702283849918436,135.94344752582924,-0.2977161500815657,-0.7947389885807501,-1.1908646003262628,0.016666666666666666,roc_reversal,0.1839,-0.46546871617233476
332,ZKP-USD,roc_momentum,buy,2025-12-22 10:34:00+00:00,0.18171,0.25,2025-12-22 10:35:00+00:00,0.18063,0.2485141158989599,137.5818612074184,-0.14858841010401155,-0.6471025260029715,-0.5943536404160462,0.016666666666666666,roc_reversal,0.18171,-1.6507902143321096
333,ZKP-USD,roc_momentum,buy,2025-12-22 10:35:00+00:00,0.18063,0.25,2025-12-22 10:36:00+00:00,0.18226,0.25225599291369094,138.40447323257487,0.225599291369096,-0.27665670154459493,0.902397165476384,0.016666666666666666,roc_reversal,0.18226,-0.8917890157694397
334,ZKP-USD,roc_momentum,buy,2025-12-22 10:36:00+00:00,0.18226,0.25,2025-12-22 10:39:00+00:00,0.19109,0.26211181828157576,137.166684955558,1.2111818281575777,0.6990700098760019,4.844727312630311,0.05,take_profit,0.19109,5.162071432502335
335,ZKP-USD,roc_momentum,buy,2025-12-22 10:39:00+00:00,0.19109,0.25,2025-12-22 10:42:00+00:00,0.1921,0.25132136689518025,130.8284054633942,0.13213668951802593,-0.3691846773771543,0.5285467580721037,0.05,roc_peak_drop,0.19249,5.995681780435125
336,ZKP-USD,roc_momentum,buy,2025-12-22 10:42:00+00:00,0.1921,0.25,2025-12-22 10:43:00+00:00,0.1921,0.25,130.14055179593961,0.0,-0.5,0.0,0.016666666666666666,roc_peak_drop,0.1921,3.725701943844495
337,ZKP-USD,roc_momentum,buy,2025-12-22 10:43:00+00:00,0.1921,0.25,2025-12-22 10:45:00+00:00,0.19485,0.2535788651743883,130.14055179593961,0.35788651743883426,-0.14569234773555406,1.431546069755337,0.03333333333333333,roc_peak_drop,0.19617,2.6584331990161747
338,ZKP-USD,roc_momentum,buy,2025-12-22 10:45:00+00:00,0.19485,0.25,2025-12-22 10:46:00+00:00,0.19458,0.24965357967667437,128.30382345393892,-0.03464203233256254,-0.5342956120092369,-0.13856812933025017,0.016666666666666666,roc_peak_drop,0.19485,1.770604826073341
339,ZKP-USD,roc_momentum,buy,2025-12-22 10:46:00+00:00,0.19458,0.25,2025-12-22 10:49:00+00:00,0.1925,0.24732757734607874,128.48185836159934,-0.2672422653921264,-0.7645698427382052,-1.0689690615685057,0.05,roc_peak_drop,0.19631,2.1915668922436238
340,ZKP-USD,roc_momentum,buy,2025-12-22 10:49:00+00:00,0.1925,0.25,2025-12-22 10:52:00+00:00,0.19647,0.25515584415584414,129.87012987012986,0.5155844155844157,0.010428571428571584,2.062337662337663,0.05,roc_peak_drop,0.19647,0.9610443005447777
341,ZKP-USD,roc_momentum,buy,2025-12-22 10:52:00+00:00,0.19647,0.25,2025-12-22 10:55:00+00:00,0.19531,0.24852394767649005,127.24588995775436,-0.14760523235099435,-0.6461291800274844,-0.5904209294039774,0.05,roc_peak_drop,0.19895,1.962894628946299
342,ZKP-USD,roc_momentum,buy,2025-12-22 10:55:00+00:00,0.19531,0.25,2025-12-22 10:56:00+00:00,0.19531,0.25,128.00163842097177,0.0,-0.5,0.0,0.016666666666666666,roc_reversal,0.19531,-0.5803003308729959
343,ZKP-USD,roc_momentum,buy,2025-12-22 10:56:00+00:00,0.19531,0.25,2025-12-22 10:57:00+00:00,0.19344,0.2476063693615278,128.00163842097177,-0.2393630638472186,-0.7369694332087464,-0.9574522553888744,0.016666666666666666,roc_reversal,0.19531,-0.5803003308729959
344,ZKP-USD,roc_momentum,buy,2025-12-22 10:57:00+00:00,0.19344,0.25,2025-12-22 10:58:00+00:00,0.19568,0.2528949545078577,129.2390405293631,0.2894954507857723,-0.21339950372208538,1.1579818031430893,0.016666666666666666,roc_reversal,0.19568,-1.5422201862879903
345,ZKP-USD,roc_momentum,buy,2025-12-22 10:58:00+00:00,0.19568,0.25,2025-12-22 11:03:00+00:00,0.196,0.250408830744072,127.7596075224857,0.0408830744071973,-0.45952575633687465,0.1635322976287892,0.08333333333333333,roc_peak_drop,0.19978,3.2775020678246447
346,ZKP-USD,roc_momentum,buy,2025-12-22 11:03:00+00:00,0.196,0.25,2025-12-22 11:04:00+00:00,0.1958,0.24974489795918367,127.55102040816325,-0.025510204081633382,-0.525255102040817,-0.10204081632653353,0.016666666666666666,roc_peak_drop,0.196,0.16353229762879895
347,ZKP-USD,roc_momentum,buy,2025-12-22 11:04:00+00:00,0.1958,0.25,2025-12-22 11:05:00+00:00,0.19331,0.24682073544433095,127.68130745658836,-0.317926455566904,-0.8147471910112349,-1.271705822267616,0.016666666666666666,roc_reversal,0.1958,-1.4743621999698031
348,ZKP-USD,roc_momentum,buy,2025-12-22 11:05:00+00:00,0.19331,0.25,2025-12-22 11:06:00+00:00,0.193,0.24959908954528995,129.32595313227458,-0.040091045471005726,-0.5396901350162957,-0.1603641818840229,0.016666666666666666,roc_reversal,0.19331,-2.7021576930832847
349,ZKP-USD,roc_momentum,buy,2025-12-22 11:06:00+00:00,0.193,0.25,2025-12-22 11:07:00+00:00,0.19131,0.24781088082901553,129.5336787564767,-0.2189119170984452,-0.7167227979274607,-0.8756476683937808,0.016666666666666666,roc_reversal,0.193,-2.7021576930832847
350,ZKP-USD,roc_momentum,buy,2025-12-22 11:07:00+00:00,0.19131,0.25,2025-12-22 11:08:00+00:00,0.19351,0.25287491505932774,130.6779572421724,0.2874915059327766,-0.21538340912655116,1.1499660237311065,0.016666666666666666,roc_reversal,0.19351,-1.270408163265313
351,ZKP-USD,roc_momentum,buy,2025-12-22 11:08:00+00:00,0.19351,0.25,2025-12-22 11:09:00+00:00,0.19281,0.249095653971371,129.1922898041445,-0.09043460286289835,-0.5895302568342694,-0.3617384114515934,0.016666666666666666,roc_reversal,0.19351,-1.270408163265313
352,ZKP-USD,roc_momentum,buy,2025-12-22 11:09:00+00:00,0.19281,0.25,2025-12-22 11:10:00+00:00,0.19274,0.2499092370727659,129.6613246200923,-0.009076292723408342,-0.5089855297961743,-0.036305170893633366,0.016666666666666666,roc_reversal,0.19281,-0.2948631731415907
353,ZKP-USD,roc_momentum,buy,2025-12-22 11:10:00+00:00,0.19274,0.25,2025-12-22 11:13:00+00:00,0.19613,0.25439711528483966,129.70841548199647,0.4397115284839686,-0.0646855868008711,1.7588461139358744,0.05,roc_peak_drop,0.198,3.3192201139511823
354,ZKP-USD,roc_momentum,buy,2025-12-22 11:13:00+00:00,0.19613,0.25,2025-12-22 11:16:00+00:00,0.2,0.25493295263345744,127.4664763167287,0.49329526334574164,-0.011637689287715773,1.9731810533829666,0.05,roc_peak_drop,0.2,3.325723772958389
355,ZKP-USD,roc_momentum,buy,2025-12-22 11:16:00+00:00,0.2,0.25,2025-12-22 11:20:00+00:00,0.20042,0.25052499999999994,125.0,0.052499999999996994,-0.448025000000003,0.20999999999998797,0.06666666666666667,roc_peak_drop,0.20042,1.534696374853417
356,ZKP-USD,roc_momentum,buy,2025-12-22 11:20:00+00:00,0.20042,0.25,2025-12-22 11:21:00+00:00,0.19997,0.24943867877457343,124.73805009480093,-0.056132122542657696,-0.5555708013172311,-0.22452849017063078,0.016666666666666666,roc_peak_drop,0.20042,0.6377102686417224
357,ZKP-USD,roc_momentum,buy,2025-12-22 11:21:00+00:00,0.19997,0.25,2025-12-22 11:22:00+00:00,0.19244,0.24058608791318697,125.01875281292193,-0.9413912086813032,-1.4319772965944901,-3.765564834725213,0.016666666666666666,roc_reversal,0.19997,-0.014999999999998348
358,ZKP-USD,roc_momentum,buy,2025-12-22 11:22:00+00:00,0.19244,0.25,2025-12-22 11:23:00+00:00,0.18778,0.24394616503845354,129.9106214924132,-0.6053834961546453,-1.0993296611930987,-2.421533984618581,0.016666666666666666,roc_reversal,0.19244,-3.7800000000000056
359,ZKP-USD,roc_momentum,buy,2025-12-22 11:23:00+00:00,0.18778,0.25,2025-12-22 11:24:00+00:00,0.19148,0.2549259772073703,133.13451911811694,0.4925977207370339,-0.01232825647033647,1.9703908829481356,0.016666666666666666,roc_reversal,0.19148,-3.8465401225268647
360,ZKP-USD,roc_momentum,buy,2025-12-22 11:24:00+00:00,0.19148,0.25,2025-12-22 11:25:00+00:00,0.186,0.2428452057656152,130.56193858366407,-0.7154794234384808,-1.2083246292040961,-2.8619176937539232,0.016666666666666666,roc_reversal,0.19148,-3.8465401225268647
361,ZKP-USD,roc_momentum,buy,2025-12-22 11:25:00+00:00,0.186,0.25,2025-12-22 11:26:00+00:00,0.18966,0.2549193548387097,134.40860215053763,0.4919354838709673,-0.012983870967742386,1.9677419354838692,0.016666666666666666,roc_reversal,0.18966,-5.155773366004912
362,ZKP-USD,roc_momentum,buy,2025-12-22 11:26:00+00:00,0.18966,0.25,2025-12-22 11:27:00+00:00,0.18983,0.25022408520510386,131.81482653168828,0.022408520510387466,-0.4778155646947164,0.08963408204154986,0.016666666666666666,roc_reversal,0.18983,-1.3562668883807971
363,ZKP-USD,roc_momentum,buy,2025-12-22 11:27:00+00:00,0.18983,0.25,2025-12-22 11:29:00+00:00,0.188,0.24758994890164884,131.69678133066427,-0.24100510983511542,-0.7385950587367642,-0.9640204393404617,0.03333333333333333,roc_peak_drop,0.19304,2.8011502822451684
364,ZKP-USD,roc_momentum,buy,2025-12-22 11:29:00+00:00,0.188,0.25,2025-12-22 11:31:00+00:00,0.1869,0.2485372340425532,132.9787234042553,-0.1462765957446795,-0.6448138297872327,-0.585106382978718,0.03333333333333333,roc_peak_drop,0.18909,1.6612903225806441
365,ZKP-USD,roc_momentum,buy,2025-12-22 11:31:00+00:00,0.1869,0.25,2025-12-22 11:33:00+00:00,0.19051,0.25482878544676296,133.7613697164259,0.48287854467629776,-0.02195024077046524,1.931514178705191,0.03333333333333333,roc_peak_drop,0.19051,0.3582152452194176
366,ZKP-USD,roc_momentum,buy,2025-12-22 11:33:00+00:00,0.19051,0.25,2025-12-22 11:34:00+00:00,0.18321,0.24042045037005932,131.22670725946145,-0.9579549629940686,-1.448375413364128,-3.8318198519762743,0.016666666666666666,roc_reversal,0.19051,-1.3106092001657577
367,ZKP-USD,roc_momentum,buy,2025-12-22 11:34:00+00:00,0.18321,0.25,2025-12-22 11:35:00+00:00,0.18492,0.2523333879155068,136.45543365536815,0.23333879155067808,-0.2689945963648287,0.9333551662027123,0.016666666666666666,roc_reversal,0.18492,-2.2052990639378156
368,ZKP-USD,roc_momentum,buy,2025-12-22 11:35:00+00:00,0.18492,0.25,2025-12-22 11:36:00+00:00,0.18358,0.24818840579710144,135.19359723123512,-0.18115942028985613,-0.6793478260869575,-0.7246376811594245,0.016666666666666666,roc_reversal,0.18492,-1.7763509898341412
369,ZKP-USD,roc_momentum,buy,2025-12-22 11:36:00+00:00,0.18358,0.25,2025-12-22 11:37:00+00:00,0.18518,0.25217888658895304,136.18041180956533,0.21788865889530698,-0.2842902276936461,0.8715546355812279,0.016666666666666666,roc_reversal,0.18518,-1.7763509898341412
370,ZKP-USD,roc_momentum,buy,2025-12-22 11:37:00+00:00,0.18518,0.25,2025-12-22 11:38:00+00:00,0.18579,0.25082352305864564,135.00378010584296,0.08235230586456413,-0.41847121719408154,0.3294092234582565,0.016666666666666666,roc_reversal,0.18579,-2.477560233058629
371,ZKP-USD,roc_momentum,buy,2025-12-22 11:38:00+00:00,0.18579,0.25,2025-12-22 11:40:00+00:00,0.18505,0.24900425211260022,134.56052532429086,-0.09957478873997772,-0.598579040852578,-0.39829915495991086,0.03333333333333333,roc_peak_drop,0.18579,1.0043119917034993
372,ZKP-USD,roc_momentum,buy,2025-12-22 11:40:00+00:00,0.18505,0.25,2025-12-22 11:42:00+00:00,0.1883,0.25439070521480683,135.09862199405566,0.4390705214806813,-0.06532018373412551,1.7562820859227253,0.03333333333333333,roc_peak_drop,0.1883,2.5710861749645986
373,ZKP-USD,roc_momentum,buy,2025-12-22 11:42:00+00:00,0.1883,0.25,2025-12-22 11:45:00+00:00,0.19495,0.2588289962825279,132.7668613913967,0.8828996282527903,0.37407063197026247,3.5315985130111613,0.05,take_profit,0.19495,5.349905430964608
374,ZKP-USD,roc_momentum,buy,2025-12-22 11:45:00+00:00,0.19495,0.25,2025-12-22 11:48:00+00:00,0.196,0.2513464991023339,128.23800974608872,0.13464991023339257,-0.36669658886894135,0.5385996409335703,0.05,roc_peak_drop,0.19708,5.349905430964608
375,ZKP-USD,roc_momentum,buy,2025-12-22 11:48:00+00:00,0.196,0.25,2025-12-22 11:49:00+00:00,0.19425,0.24776785714285715,127.55102040816325,-0.2232142857142859,-0.720982142857143,-0.8928571428571436,0.016666666666666666,roc_peak_drop,0.196,1.8975825318430006
376,ZKP-USD,roc_momentum,buy,2025-12-22 11:49:00+00:00,0.19425,0.25,2025-12-22 11:50:00+00:00,0.19437,0.2501544401544401,128.7001287001287,0.015444015444013028,-0.4847104247104271,0.06177606177605211,0.016666666666666666,roc_peak_drop,0.19437,1.019293775027319
377,ZKP-USD,roc_momentum,buy,2025-12-22 11:50:00+00:00,0.19437,0.25,2025-12-22 11:51:00+00:00,0.19515,0.25100324124093226,128.6206719143901,0.10032412409322465,-0.4006791171477076,0.4012964963728986,0.016666666666666666,roc_reversal,0.19515,-0.29751218261093726
378,ZKP-USD,roc_momentum,buy,2025-12-22 11:51:00+00:00,0.19515,0.25,2025-12-22 11:52:00+00:00,0.19403,0.24856520625160136,128.1065846784525,-0.14347937483986448,-0.6420445810914659,-0.5739174993594579,0.016666666666666666,roc_reversal,0.19515,-0.9792977471077768
379,ZKP-USD,roc_momentum,buy,2025-12-22 11:52:00+00:00,0.19403,0.25,2025-12-22 11:53:00+00:00,0.19459,0.2507215379065093,128.84605473380404,0.0721537906509309,-0.4285677472555784,0.2886151626037236,0.016666666666666666,roc_reversal,0.19459,-0.7193877551020411
380,ZKP-USD,roc_momentum,buy,2025-12-22 11:53:00+00:00,0.19459,0.25,2025-12-22 11:54:00+00:00,0.18334,0.23554653373760212,128.47525566575877,-1.4453466262397874,-1.9308931599773895,-5.7813865049591495,0.016666666666666666,stop_loss,0.19459,-0.7193877551020411
381,ZKP-USD,roc_momentum,buy,2025-12-22 11:54:00+00:00,0.18334,0.25,2025-12-22 11:55:00+00:00,0.18662,0.2544725646340133,136.3586778662594,0.44725646340133157,-0.05721610123268176,1.7890258536053263,0.016666666666666666,roc_reversal,0.18662,-3.9872408293460837
382,ZKP-USD,roc_momentum,buy,2025-12-22 11:55:00+00:00,0.18662,0.25,2025-12-22 11:56:00+00:00,0.18585,0.24896849212303074,133.96206194405744,-0.103150787696927,-0.6021192798199577,-0.412603150787708,0.016666666666666666,roc_reversal,0.18662,-3.9872408293460837
383,ZKP-USD,roc_momentum,buy,2025-12-22 11:56:00+00:00,0.18585,0.25,2025-12-22 11:57:00+00:00,0.18585,0.25,134.51708366962606,0.0,-0.5,0.0,0.016666666666666666,roc_reversal,0.18585,-4.2158429108900775
384,ZKP-USD,roc_momentum,buy,2025-12-22 11:57:00+00:00,0.18585,0.25,2025-12-22 11:58:00+00:00,0.1861,0.25033629270917407,134.51708366962606,0.03362927091740654,-0.46670702179176754,0.13451708366962617,0.016666666666666666,roc_reversal,0.1861,-4.2158429108900775
385,ZKP-USD,roc_momentum,buy,2025-12-22 11:58:00+00:00,0.1861,0.25,2025-12-22 12:03:00+00:00,0.18863,0.2533987103707684,134.3363782912413,0.339871037076841,-0.16352767329392737,1.359484148307364,0.08333333333333333,roc_peak_drop,0.1921,3.362927091740664
386,ZKP-USD,roc_momentum,buy,2025-12-22 12:03:00+00:00,0.18863,0.25,2025-12-22 12:05:00+00:00,0.1835,0.24320097545459365,132.53459152838892,-0.6799024545406346,-1.1731034299952283,-2.7196098181625383,0.03333333333333333,roc_peak_drop,0.18863,1.359484148307355
387,ZKP-USD,roc_momentum,buy,2025-12-22 12:05:00+00:00,0.1835,0.25,2025-12-22 12:06:00+00:00,0.18581,0.2531471389645777,136.23978201634878,0.31471389645776654,-0.1884332425068111,1.2588555858310662,0.016666666666666666,roc_reversal,0.18581,-2.9767884523872468
388,ZKP-USD,roc_momentum,buy,2025-12-22 12:06:00+00:00,0.18581,0.25,2025-12-22 12:07:00+00:00,0.18581,0.25,134.5460416554545,0.0,-0.5,0.0,0.016666666666666666,roc_reversal,0.18581,-3.173527879103688
389,ZKP-USD,roc_momentum,buy,2025-12-22 12:07:00+00:00,0.18581,0.25,2025-12-22 12:08:00+00:00,0.18805,0.2530138313330822,134.5460416554545,0.301383133308217,-0.2016306980248652,1.205532533232868,0.016666666666666666,roc_reversal,0.18805,-0.30748025234585974
390,ZKP-USD,roc_momentum,buy,2025-12-22 12:08:00+00:00,0.18805,0.25,2025-12-22 12:09:00+00:00,0.18805,0.25,132.94336612603033,0.0,-0.5,0.0,0.016666666666666666,roc_reversal,0.18805,-0.30748025234585974
391,ZKP-USD,roc_momentum,buy,2025-12-22 12:09:00+00:00,0.18805,0.25,2025-12-22 12:13:00+00:00,0.19565,0.2601036958255783,132.94336612603033,1.0103695825578298,0.5002658867322515,4.041478330231319,0.06666666666666667,take_profit,0.19565,4.676820407943594
392,ZKP-USD,roc_momentum,buy,2025-12-22 12:13:00+00:00,0.19565,0.25,2025-12-22 12:15:00+00:00,0.19581,0.25020444671607467,127.77919754663941,0.02044467160746502,-0.4797597751086096,0.08177868642986008,0.03333333333333333,roc_peak_drop,0.19581,4.041478330231318
393,ZKP-USD,roc_momentum,buy,2025-12-22 12:15:00+00:00,0.19581,0.25,2025-12-22 12:16:00+00:00,0.19581,0.25,127.67478678310606,0.0,-0.5,0.0,0.016666666666666666,roc_peak_drop,0.19581,2.7496457994437895
394,ZKP-USD,roc_momentum,buy,2025-12-22 12:16:00+00:00,0.19581,0.25,2025-12-22 12:17:00+00:00,0.19213,0.24530156784638169,127.67478678310606,-0.46984321536183243,-0.9651447832082141,-1.8793728614473297,0.016666666666666666,roc_peak_drop,0.19581,0.6735218508997498
395,ZKP-USD,roc_momentum,buy,2025-12-22 12:17:00+00:00,0.19213,0.25,2025-12-22 12:18:00+00:00,0.19309,0.2512491542184979,130.12023109353044,0.12491542184979135,-0.3763337323687066,0.4996616873991654,0.016666666666666666,roc_reversal,0.19309,-1.2185089974293128
396,ZKP-USD,roc_momentum,buy,2025-12-22 12:18:00+00:00,0.19309,0.25,2025-12-22 12:19:00+00:00,0.19392,0.25107462841162154,129.47330260500283,0.10746284116215202,-0.3936117872494695,0.42985136464860807,0.016666666666666666,roc_reversal,0.19392,-0.35967526461821997
397,ZKP-USD,roc_momentum,buy,2025-12-22 12:19:00+00:00,0.19392,0.25,2025-12-22 12:20:00+00:00,0.19501,0.25140521864686466,128.9191419141914,0.14052186468646605,-0.3608833539603986,0.5620874587458642,0.016666666666666666,roc_reversal,0.19501,-0.35967526461821997
398,ZKP-USD,roc_momentum,buy,2025-12-22 12:20:00+00:00,0.19501,0.25,2025-12-22 12:21:00+00:00,0.19437,0.24917952925491,128.19855392031178,-0.08204707450899976,-0.5812266037639098,-0.328188298035999,0.016666666666666666,roc_reversal,0.19501,-0.40855931770594767
399,ZKP-USD,roc_momentum,buy,2025-12-22 12:21:00+00:00,0.19437,0.25,2025-12-22 12:23:00+00:00,0.191,0.24566548335648508,128.6206719143901,-0.43345166435149257,-0.9291171477079776,-1.7338066574059703,0.03333333333333333,roc_peak_drop,0.19437,0.4944568781554137
400,ZKP-USD,roc_momentum,buy,2025-12-22 12:23:00+00:00,0.191,0.25,2025-12-22 12:25:00+00:00,0.19587,0.2563743455497382,130.89005235602093,0.6374345549738201,0.13106020942408186,2.5497382198952803,0.03333333333333333,roc_peak_drop,0.19587,0.8972772277227703
401,ZKP-USD,roc_momentum,buy,2025-12-22 12:25:00+00:00,0.19587,0.25,2025-12-22 12:26:00+00:00,0.19457,0.24834073620258335,127.635676724358,-0.16592637974166483,-0.6642671159442481,-0.6637055189666593,0.016666666666666666,roc_peak_drop,0.19587,0.44100302548586434
402,ZKP-USD,roc_momentum,buy,2025-12-22 12:26:00+00:00,0.19457,0.25,2025-12-22 12:29:00+00:00,0.194,0.24926761576810405,128.4884617361361,-0.07323842318959593,-0.5725060389577,-0.29295369275838373,0.05,roc_peak_drop,0.19482,2.0000000000000018
403,ZKP-USD,roc_momentum,buy,2025-12-22 12:29:00+00:00,0.194,0.25,2025-12-22 12:31:00+00:00,0.19407,0.250090206185567,128.86597938144328,0.009020618556699321,-0.49106958762886765,0.036082474226797286,0.03333333333333333,roc_peak_drop,0.196,0.06637055189666619
404,ZKP-USD,roc_momentum,buy,2025-12-22 12:31:00+00:00,0.19407,0.25,2025-12-22 12:32:00+00:00,0.19216,0.24753954758592261,128.81949811923533,-0.24604524140773884,-0.7435847889936614,-0.9841809656309554,0.016666666666666666,roc_reversal,0.19407,-0.2569769234722741
405,ZKP-USD,roc_momentum,buy,2025-12-22 12:32:00+00:00,0.19216,0.25,2025-12-22 12:33:00+00:00,0.19216,0.25,130.0999167360533,0.0,-0.5,0.0,0.016666666666666666,roc_reversal,0.19216,-1.365362899086331
406,ZKP-USD,roc_momentum,buy,2025-12-22 12:33:00+00:00,0.19216,0.25,2025-12-22 12:35:00+00:00,0.19033,0.24761917152373022,130.0999167360533,-0.2380828476269773,-0.7357020191507075,-0.9523313905079092,0.03333333333333333,roc_peak_drop,0.19491,0.4690721649484475
407,ZKP-USD,roc_momentum,buy,2025-12-22 12:35:00+00:00,0.19033,0.25,2025-12-22 12:36:00+00:00,0.19,0.24956654232123154,131.3508117480166,-0.04334576787684508,-0.5429123101980766,-0.17338307150738033,0.016666666666666666,roc_reversal,0.19033,-2.0971814293811453
408,ZKP-USD,roc_momentum,buy,2025-12-22 12:36:00+00:00,0.19,0.25,2025-12-22 12:37:00+00:00,0.18885,0.24848684210526314,131.57894736842104,-0.1513157894736858,-0.6498026315789489,-0.6052631578947432,0.016666666666666666,roc_reversal,0.19,-1.7225228975853546
409,ZKP-USD,roc_momentum,buy,2025-12-22 12:37:00+00:00,0.18885,0.25,2025-12-22 12:38:00+00:00,0.19197,0.25413026211278794,132.38019592268998,0.41302621127879424,-0.09110405083399369,1.652104845115177,0.016666666666666666,roc_reversal,0.19197,-0.09887593671940031
410,ZKP-USD,roc_momentum,buy,2025-12-22 12:38:00+00:00,0.19197,0.25,2025-12-22 12:39:00+00:00,0.19197,0.25,130.22868156482784,0.0,-0.5,0.0,0.016666666666666666,roc_reversal,0.19197,-0.09887593671940031
411,ZKP-USD,roc_momentum,buy,2025-12-22 12:39:00+00:00,0.19197,0.25,2025-12-22 12:40:00+00:00,0.19006,0.2475126321821118,130.22868156482784,-0.24873678178882053,-0.7462494139709324,-0.9949471271552821,0.016666666666666666,roc_reversal,0.19197,-0.14185887668785035
412,ZKP-USD,roc_momentum,buy,2025-12-22 12:40:00+00:00,0.19006,0.25,2025-12-22 12:43:00+00:00,0.19639,0.25832631800484057,131.5374092391876,0.8326318004840579,0.32430548247921737,3.3305272019362318,0.05,roc_peak_drop,0.19639,3.7701879798782256
413,ZKP-USD,roc_momentum,buy,2025-12-22 12:43:00+00:00,0.19639,0.25,2025-12-22 12:44:00+00:00,0.19471,0.24786139823819947,127.29772391669637,-0.21386017618005176,-0.7117215744182512,-0.8554407047202071,0.016666666666666666,roc_peak_drop,0.19639,2.302443090066153
414,ZKP-USD,roc_momentum,buy,2025-12-22 12:44:00+00:00,0.19471,0.25,2025-12-22 12:46:00+00:00,0.19502,0.25039802783626935,128.39607621591085,0.039802783626932965,-0.46059524420933634,0.15921113450773186,0.03333333333333333,roc_peak_drop,0.19599,3.1200673471535323
415,ZKP-USD,roc_momentum,buy,2025-12-22 12:46:00+00:00,0.19502,0.25,2025-12-22 12:47:00+00:00,0.19405,0.2487565377909958,128.19198030971182,-0.1243462209004203,-0.6231027586914161,-0.4973848836016812,0.016666666666666666,roc_reversal,0.19502,-0.4847680767464446
416,ZKP-USD,roc_momentum,buy,2025-12-22 12:47:00+00:00,0.19405,0.25,2025-12-22 12:48:00+00:00,0.19024,0.24509147127029116,128.83277505797474,-0.4908528729708848,-0.9859443442411759,-1.9634114918835393,0.016666666666666666,roc_reversal,0.19405,-0.9797417972138622
417,ZKP-USD,roc_momentum,buy,2025-12-22 12:48:00+00:00,0.19024,0.25,2025-12-22 12:49:00+00:00,0.19136,0.25147182506307825,131.41295206055509,0.147182506307823,-0.3542893187552552,0.588730025231292,0.016666666666666666,roc_reversal,0.19136,-1.7205074212932048
418,ZKP-USD,roc_momentum,buy,2025-12-22 12:49:00+00:00,0.19136,0.25,2025-12-22 12:50:00+00:00,0.19249,0.25147627508361203,130.6438127090301,0.14762750836120297,-0.35384876672240906,0.5905100334448119,0.016666666666666666,roc_reversal,0.19249,-1.7205074212932048
419,ZKP-USD,roc_momentum,buy,2025-12-22 12:50:00+00:00,0.19249,0.25,2025-12-22 12:51:00+00:00,0.19391,0.25184425164943636,129.8768767208686,0.18442516494363403,-0.3174190867058023,0.7377006597745361,0.016666666666666666,roc_reversal,0.19391,-0.5691723925751235
420,ZKP-USD,roc_momentum,buy,2025-12-22 12:51:00+00:00,0.19391,0.25,2025-12-22 12:52:00+00:00,0.193,0.24882677530813266,128.92579031509464,-0.11732246918673536,-0.616149244494868,-0.46928987674694145,0.016666666666666666,roc_reversal,0.19391,-0.5410976552434943
421,ZKP-USD,roc_momentum,buy,2025-12-22 12:52:00+00:00,0.193,0.25,2025-12-22 12:54:00+00:00,0.19248,0.24932642487046633,129.5336787564767,-0.06735751295336692,-0.5666839378238333,-0.2694300518134677,0.03333333333333333,roc_peak_drop,0.193,1.4507989907485364
422,ZKP-USD,roc_momentum,buy,2025-12-22 12:54:00+00:00,0.19248,0.25,2025-12-22 12:55:00+00:00,0.19177,0.24907782626766414,129.8836242726517,-0.09221737323358481,-0.591295199501249,-0.36886949293433924,0.016666666666666666,roc_peak_drop,0.19248,0.5852842809364489
423,ZKP-USD,roc_momentum,buy,2025-12-22 12:55:00+00:00,0.19177,0.25,2025-12-22 12:58:00+00:00,0.19412,0.25306356572978045,130.3644991395943,0.30635657297804547,-0.196706992751735,1.2254262919121819,0.05,roc_peak_drop,0.195,1.0259067357512919
424,ZKP-USD,roc_momentum,buy,2025-12-22 12:58:00+00:00,0.19412,0.25,2025-12-22 13:01:00+00:00,0.19325,0.24887955903564807,128.78631774160314,-0.1120440964351924,-0.6109236554708405,-0.4481763857407696,0.05,roc_peak_drop,0.195,1.6843093288835709
425,ZKP-USD,roc_momentum,buy,2025-12-22 13:01:00+00:00,0.19325,0.25,2025-12-22 13:02:00+00:00,0.19156,0.2478137128072445,129.36610608020698,-0.21862871927554942,-0.7164424320827939,-0.8745148771021977,0.016666666666666666,roc_reversal,0.19325,-0.8974358974358942
426,ZKP-USD,roc_momentum,buy,2025-12-22 13:02:00+00:00,0.19156,0.25,2025-12-22 13:04:00+00:00,0.19499,0.2544764042597619,130.50741282104823,0.44764042597619397,-0.056835978283568,1.7905617039047759,0.03333333333333333,roc_peak_drop,0.19499,0.23696682464455776
427,ZKP-USD,roc_momentum,buy,2025-12-22 13:04:00+00:00,0.19499,0.25,2025-12-22 13:05:00+00:00,0.194,0.2487307041386738,128.21170316426483,-0.126929586132621,-0.6256602902712948,-0.507718344530484,0.016666666666666666,roc_reversal,0.19499,-0.005128205128213104
428,ZKP-USD,roc_momentum,buy,2025-12-22 13:05:00+00:00,0.194,0.25,2025-12-22 13:08:00+00:00,0.19175,0.24710051546391754,128.86597938144328,-0.28994845360824767,-0.7870489690721651,-1.1597938144329907,0.05,roc_peak_drop,0.194,0.9396533723115441
429,ZKP-USD,roc_momentum,buy,2025-12-22 13:08:00+00:00,0.19175,0.25,2025-12-22 13:09:00+00:00,0.19175,0.25,130.3780964797914,0.0,-0.5,0.0,0.016666666666666666,roc_reversal,0.19175,-1.4544146366533006
430,ZKP-USD,roc_momentum,buy,2025-12-22 13:09:00+00:00,0.19175,0.25,2025-12-22 13:10:00+00:00,0.19263,0.25114732724902217,130.3780964797914,0.11473272490221537,-0.3864146023468068,0.45893089960886146,0.016666666666666666,roc_reversal,0.19263,-0.706185567010309
431,THQ-USD,roc_momentum,buy,2025-12-23 07:01:00+00:00,0.06936,0.25,2025-12-23 07:02:00+00:00,0.06935,0.24996395617070355,360.4382929642445,-0.0036043829296460495,-0.5035683391003496,-0.014417531718584198,0.016666666666666666,roc_reversal,0.06936,-0.7016036655211999
432,THQ-USD,roc_momentum,buy,2025-12-23 07:02:00+00:00,0.06935,0.25,2025-12-23 07:03:00+00:00,0.06901,0.2487743330930065,360.49026676279743,-0.12256669069934864,-0.6213410237923551,-0.49026676279739456,0.016666666666666666,roc_reversal,0.06935,-0.38972286374132636
433,THQ-USD,roc_momentum,buy,2025-12-23 07:03:00+00:00,0.06901,0.25,2025-12-23 07:04:00+00:00,0.06901,0.25,362.26633821185334,0.0,-0.5,0.0,0.016666666666666666,roc_reversal,0.06901,-0.38972286374132636
434,THQ-USD,roc_momentum,buy,2025-12-23 07:04:00+00:00,0.06901,0.25,2025-12-23 07:05:00+00:00,0.06904,0.25010867990146357,362.26633821185334,0.010867990146356414,-0.48924068975510715,0.043471960585425656,0.016666666666666666,roc_reversal,0.06904,-0.34642032332562467
435,THQ-USD,roc_momentum,buy,2025-12-23 07:05:00+00:00,0.06904,0.25,2025-12-23 07:06:00+00:00,0.06904,0.25,362.108922363847,0.0,-0.5,0.0,0.016666666666666666,roc_reversal,0.06904,-0.34642032332562467
436,THQ-USD,roc_momentum,buy,2025-12-23 07:06:00+00:00,0.06904,0.25,2025-12-23 07:15:00+00:00,0.07131,0.2582198725376593,362.108922363847,0.8219872537659306,0.31376738122827136,3.2879490150637225,0.15,roc_peak_drop,0.07131,3.0417149478563
437,THQ-USD,roc_momentum,buy,2025-12-23 07:15:00+00:00,0.07131,0.25,2025-12-23 07:16:00+00:00,0.0705,0.2471602860748843,350.5819660636657,-0.283971392511571,-0.7811316785864553,-1.135885570046284,0.016666666666666666,roc_peak_drop,0.07131,0.2389654202979985
438,THQ-USD,roc_momentum,buy,2025-12-23 07:16:00+00:00,0.0705,0.25,2025-12-23 07:17:00+00:00,0.0705,0.25,354.6099290780142,0.0,-0.5,0.0,0.016666666666666666,roc_reversal,0.0705,-0.7601351351351537
439,THQ-USD,roc_momentum,buy,2025-12-23 07:17:00+00:00,0.0705,0.25,2025-12-23 07:18:00+00:00,0.069,0.24468085106382984,354.6099290780142,-0.5319148936170168,-1.0265957446808467,-2.1276595744680673,0.016666666666666666,roc_reversal,0.0705,-1.13588557004628
440,THQ-USD,roc_momentum,buy,2025-12-23 07:18:00+00:00,0.069,0.25,2025-12-23 07:19:00+00:00,0.0683,0.247463768115942,362.3188405797101,-0.25362318840579934,-0.7510869565217413,-1.0144927536231974,0.016666666666666666,roc_reversal,0.069,-3.2393773664282643
441,THQ-USD,roc_momentum,buy,2025-12-23 07:19:00+00:00,0.0683,0.25,2025-12-23 07:20:00+00:00,0.0683,0.25,366.03221083455344,0.0,-0.5,0.0,0.016666666666666666,roc_reversal,0.0683,-4.22100687140653
442,THQ-USD,roc_momentum,buy,2025-12-23 07:20:00+00:00,0.0683,0.25,2025-12-23 07:21:00+00:00,0.0682,0.24963396778916544,366.03221083455344,-0.03660322108345639,-0.5362371888726218,-0.14641288433382557,0.016666666666666666,roc_reversal,0.0683,-3.262411347517724
443,THQ-USD,roc_momentum,buy,2025-12-23 07:21:00+00:00,0.0682,0.25,2025-12-23 07:22:00+00:00,0.0682,0.25,366.5689149560117,0.0,-0.5,0.0,0.016666666666666666,roc_reversal,0.0682,-3.262411347517724
444,THQ-USD,roc_momentum,buy,2025-12-23 07:22:00+00:00,0.0682,0.25,2025-12-23 07:23:00+00:00,0.06811,0.2496700879765396,366.5689149560117,-0.03299120234603844,-0.532661290322578,-0.13196480938415375,0.016666666666666666,roc_reversal,0.0682,-1.2898550724637747
445,THQ-USD,roc_momentum,buy,2025-12-23 07:23:00+00:00,0.06811,0.25,2025-12-23 07:24:00+00:00,0.06811,0.25,367.0532961385993,0.0,-0.5,0.0,0.016666666666666666,roc_reversal,0.06811,-0.2781844802342559
446,THQ-USD,roc_momentum,buy,2025-12-23 07:24:00+00:00,0.06811,0.25,2025-12-23 07:25:00+00:00,0.06811,0.25,367.0532961385993,0.0,-0.5,0.0,0.016666666666666666,roc_reversal,0.06811,-0.2781844802342559
447,THQ-USD,roc_momentum,buy,2025-12-23 07:25:00+00:00,0.06811,0.25,2025-12-23 07:26:00+00:00,0.06783,0.24897225077081192,367.0532961385993,-0.10277492291880871,-0.6017471736896206,-0.41109969167523486,0.016666666666666666,roc_reversal,0.06811,-0.2781844802342559
448,THQ-USD,roc_momentum,buy,2025-12-23 07:26:00+00:00,0.06783,0.25,2025-12-23 07:27:00+00:00,0.06775,0.24970514521598114,368.5684800235884,-0.029485478401885867,-0.5291906236178671,-0.11794191360754347,0.016666666666666666,roc_reversal,0.06783,-0.5425219941348924
449,THQ-USD,roc_momentum,buy,2025-12-23 07:27:00+00:00,0.06775,0.25,2025-12-23 07:28:00+00:00,0.06775,0.25,369.00369003690037,0.0,-0.5,0.0,0.016666666666666666,roc_reversal,0.06775,-0.5285567464395791
450,THQ-USD,roc_momentum,buy,2025-12-23 07:28:00+00:00,0.06775,0.25,2025-12-23 07:29:00+00:00,0.06775,0.25,369.00369003690037,0.0,-0.5,0.0,0.016666666666666666,roc_reversal,0.06775,-0.5285567464395791
451,THQ-USD,roc_momentum,buy,2025-12-23 07:29:00+00:00,0.06775,0.25,2025-12-23 07:30:00+00:00,0.06796,0.2507749077490775,369.00369003690037,0.07749077490774975,-0.42328413284132776,0.309963099630999,0.016666666666666666,roc_reversal,0.06796,-0.22023197768316072
452,THQ-USD,roc_momentum,buy,2025-12-23 07:30:00+00:00,0.06796,0.25,2025-12-23 07:36:00+00:00,0.0687,0.25272218952324893,367.8634490876986,0.2722189523248935,-0.2305032371983554,1.088875809299574,0.1,roc_peak_drop,0.0687,1.1217712177121753
453,THQ-USD,roc_momentum,buy,2025-12-23 07:36:00+00:00,0.0687,0.25,2025-12-23 07:41:00+00:00,0.0689,0.2507278020378457,363.901018922853,0.07278020378457269,-0.42794759825327305,0.29112081513829074,0.08333333333333333,roc_peak_drop,0.0689,0.7479102507699009
454,THQ-USD,roc_momentum,buy,2025-12-23 07:41:00+00:00,0.0689,0.25,2025-12-23 07:43:00+00:00,0.06917,0.2509796806966618,362.84470246734395,0.09796806966618014,-0.40301161103048166,0.3918722786647206,0.03333333333333333,roc_peak_drop,0.06917,0.6841339155749582
455,THQ-USD,roc_momentum,buy,2025-12-23 07:43:00+00:00,0.06917,0.25,2025-12-23 07:47:00+00:00,0.0698,0.2522769986988579,361.42836489807723,0.22769986988579066,-0.27457712881306723,0.9107994795431626,0.06666666666666667,roc_peak_drop,0.0699,1.4513788098693858
456,THQ-USD,roc_momentum,buy,2025-12-23 10:49:00+00:00,0.071,0.25,2025-12-23 10:50:00+00:00,0.06961,0.24510563380281694,352.11267605633805,-0.4894366197183058,-0.9845422535211228,-1.9577464788732233,0.016666666666666666,roc_peak_drop,0.071,5.185185185185159
457,THQ-USD,roc_momentum,buy,2025-12-23 10:51:00+00:00,0.0697,0.25,2025-12-23 10:54:00+00:00,0.0718,0.257532281205165,358.6800573888092,0.753228120516501,0.24569583931133596,3.012912482066004,0.05,roc_peak_drop,0.0718,2.8111273792093883
458,THQ-USD,roc_momentum,buy,2025-12-23 10:54:00+00:00,0.0718,0.25,2025-12-23 10:58:00+00:00,0.07289,0.2537952646239554,348.1894150417827,0.379526462395541,-0.12426880222841442,1.518105849582164,0.06666666666666667,roc_peak_drop,0.07347,5.3084648493543884
459,THQ-USD,roc_momentum,buy,2025-12-23 10:58:00+00:00,0.07289,0.25,2025-12-23 10:59:00+00:00,0.07141,0.24492385786802032,342.9825764851146,-0.507614213197968,-1.0025380710659881,-2.030456852791872,0.016666666666666666,roc_peak_drop,0.07289,3.2436260623229574
460,THQ-USD,roc_momentum,buy,2025-12-23 10:59:00+00:00,0.07141,0.25,2025-12-23 11:00:00+00:00,0.0721,0.2524156280632964,350.0910236661532,0.24156280632964436,-0.2608528217336521,0.9662512253185774,0.016666666666666666,roc_reversal,0.0721,-0.5431754874651862
461,THQ-USD,roc_momentum,buy,2025-12-23 11:00:00+00:00,0.0721,0.25,2025-12-23 11:01:00+00:00,0.072,0.24965325936199723,346.74063800277395,-0.03467406380027839,-0.5343273231622756,-0.13869625520111356,0.016666666666666666,roc_reversal,0.0721,-1.0973936899862924
462,THQ-USD,roc_momentum,buy,2025-12-23 11:01:00+00:00,0.072,0.25,2025-12-23 11:02:00+00:00,0.0717,0.24895833333333336,347.22222222222223,-0.10416666666666484,-0.6031249999999982,-0.41666666666665936,0.016666666666666666,roc_reversal,0.072,-1.9073569482289
463,THQ-USD,roc_momentum,buy,2025-12-23 11:02:00+00:00,0.0717,0.25,2025-12-23 11:03:00+00:00,0.0719,0.25069735006973504,348.6750348675035,0.0697350069735027,-0.4309623430962323,0.2789400278940108,0.016666666666666666,roc_reversal,0.0719,-1.358211002881038
464,THQ-USD,roc_momentum,buy,2025-12-23 11:03:00+00:00,0.0719,0.25,2025-12-23 11:05:00+00:00,0.07285,0.2533031988873435,347.7051460361613,0.33031988873435064,-0.17298331015299287,1.3212795549374026,0.03333333333333333,roc_peak_drop,0.0731,2.3666153199831896
465,THQ-USD,roc_momentum,buy,2025-12-23 11:05:00+00:00,0.07285,0.25,2025-12-23 11:08:00+00:00,0.0726,0.2491420727522306,343.17089910775564,-0.085792724776939,-0.5849347975291697,-0.343170899107756,0.05,roc_peak_drop,0.0736,2.2222222222222365
466,THQ-USD,roc_momentum,buy,2025-12-23 11:08:00+00:00,0.0726,0.25,2025-12-23 11:09:00+00:00,0.07299,0.2513429752066116,344.3526170798898,0.13429752066115752,-0.36704545454545406,0.5371900826446301,0.016666666666666666,roc_peak_drop,0.07299,0.9735744089012455
467,THQ-USD,roc_momentum,buy,2025-12-23 11:09:00+00:00,0.07299,0.25,2025-12-23 11:11:00+00:00,0.073,0.2500342512672969,342.51267296889984,0.0034251267296876707,-0.4966091245376092,0.013700506918750683,0.03333333333333333,roc_peak_drop,0.073,0.20590253946464188
468,THQ-USD,roc_momentum,buy,2025-12-23 11:11:00+00:00,0.073,0.25,2025-12-23 11:14:00+00:00,0.073,0.25,342.4657534246576,0.0,-0.5,0.0,0.05,roc_peak_drop,0.0737,1.5151515151515138
469,THQ-USD,roc_momentum,buy,2025-12-23 11:14:00+00:00,0.073,0.25,2025-12-23 11:15:00+00:00,0.07265,0.24880136986301374,342.4657534246576,-0.11986301369862645,-0.6186643835616402,-0.4794520547945058,0.016666666666666666,roc_peak_drop,0.073,0.013700506918756794
470,THQ-USD,roc_momentum,buy,2025-12-23 11:20:00+00:00,0.07282,0.25,2025-12-23 11:25:00+00:00,0.07315,0.2511329305135952,343.3122768470201,0.11329305135952035,-0.38783987915407486,0.4531722054380814,0.08333333333333333,roc_peak_drop,0.07391,2.783216783216802
471,THQ-USD,roc_momentum,buy,2025-12-23 11:25:00+00:00,0.07315,0.25,2025-12-23 11:26:00+00:00,0.07334,0.2506493506493506,341.76349965823647,0.06493506493506347,-0.43571428571428716,0.2597402597402539,0.016666666666666666,roc_peak_drop,0.07334,0.45317220543807935
472,THQ-USD,roc_momentum,buy,2025-12-23 11:26:00+00:00,0.07334,0.25,2025-12-23 11:27:00+00:00,0.07319,0.24948868284701392,340.8781019907281,-0.05113171529860831,-0.5506203981456222,-0.20452686119443325,0.016666666666666666,roc_reversal,0.07334,-0.6367700853542879
473,THQ-USD,roc_momentum,buy,2025-12-23 11:27:00+00:00,0.07319,0.25,2025-12-23 11:28:00+00:00,0.07306,0.24955595026642982,341.5767181308922,-0.04440497335701773,-0.5439609236234475,-0.1776198934280709,0.016666666666666666,roc_reversal,0.07319,-0.9741577594371553
474,THQ-USD,roc_momentum,buy,2025-12-23 11:28:00+00:00,0.07306,0.25,2025-12-23 11:29:00+00:00,0.07306,0.25,342.1845058855735,0.0,-0.5,0.0,0.016666666666666666,roc_reversal,0.07306,-0.5851136209008012
475,THQ-USD,roc_momentum,buy,2025-12-23 11:29:00+00:00,0.07306,0.25,2025-12-23 11:30:00+00:00,0.07302,0.24986312619764578,342.1845058855735,-0.013687380235422382,-0.5135505064330682,-0.05474952094168953,0.016666666666666666,roc_reversal,0.07306,-0.17771701982228771
476,THQ-USD,roc_momentum,buy,2025-12-23 11:30:00+00:00,0.07302,0.25,2025-12-23 11:31:00+00:00,0.0726,0.2485620377978636,342.37195288961925,-0.14379622021364136,-0.6423582580115049,-0.5751848808545654,0.016666666666666666,roc_reversal,0.07302,-0.17771701982228771
477,THQ-USD,roc_momentum,buy,2025-12-23 11:31:00+00:00,0.0726,0.25,2025-12-23 11:32:00+00:00,0.07227,0.24886363636363637,344.3526170798898,-0.11363636363636259,-0.6124999999999989,-0.45454545454545037,0.016666666666666666,roc_reversal,0.0726,-1.0089991818925559
478,THQ-USD,roc_momentum,buy,2025-12-23 11:32:00+00:00,0.07227,0.25,2025-12-23 11:33:00+00:00,0.07276,0.25169503251695036,345.92500345925004,0.169503251695034,-0.3321917808219163,0.678013006780136,0.016666666666666666,roc_reversal,0.07276,-0.41062140706268346
479,THQ-USD,roc_momentum,buy,2025-12-23 11:33:00+00:00,0.07276,0.25,2025-12-23 11:34:00+00:00,0.0724,0.24876305662451897,343.59538207806486,-0.12369433754810308,-0.622457394172622,-0.4947773501924123,0.016666666666666666,roc_reversal,0.07276,-0.41062140706268346
480,THQ-USD,roc_momentum,buy,2025-12-23 11:34:00+00:00,0.0724,0.25,2025-12-23 11:35:00+00:00,0.072,0.2486187845303867,345.3038674033149,-0.13812154696132992,-0.6367403314917166,-0.5524861878453197,0.016666666666666666,roc_reversal,0.0724,-0.9033670955379103
481,THQ-USD,roc_momentum,buy,2025-12-23 11:36:00+00:00,0.0723,0.25,2025-12-23 11:38:00+00:00,0.0726,0.25103734439834025,345.7814661134163,0.10373443983402307,-0.39730290456431716,0.4149377593360923,0.03333333333333333,roc_peak_drop,0.07273,0.6365020063650251
482,THQ-USD,roc_momentum,buy,2025-12-23 11:39:00+00:00,0.07289,0.25,2025-12-23 11:45:00+00:00,0.07618,0.26128412676636026,342.9825764851146,1.1284126766360274,0.6171285498696671,4.51365070654411,0.1,take_profit,0.07618,3.900709219858167
483,THQ-USD,roc_momentum,buy,2025-12-23 11:45:00+00:00,0.07618,0.25,2025-12-23 11:47:00+00:00,0.07596,0.2492780257285377,328.1701233919664,-0.07219742714623194,-0.5714754528747696,-0.28878970858492775,0.03333333333333333,roc_peak_drop,0.0762,3.900709219858167
484,THQ-USD,roc_momentum,buy,2025-12-23 11:47:00+00:00,0.07596,0.25,2025-12-23 11:49:00+00:00,0.0766,0.2521063717746182,329.1205897840969,0.21063717746182256,-0.29146919431279567,0.8425487098472902,0.03333333333333333,roc_peak_drop,0.0766,2.3857662757784004
485,THQ-USD,roc_momentum,buy,2025-12-23 11:49:00+00:00,0.0766,0.25,2025-12-23 11:50:00+00:00,0.0766,0.25,326.37075718015666,0.0,-0.5,0.0,0.016666666666666666,roc_peak_drop,0.0766,1.5915119363395291
486,THQ-USD,roc_momentum,buy,2025-12-23 11:50:00+00:00,0.0766,0.25,2025-12-23 11:53:00+00:00,0.0763,0.24902088772845954,326.37075718015666,-0.09791122715404527,-0.5969321148825049,-0.39164490861618106,0.05,roc_peak_drop,0.07685,0.853018372703418
487,THQ-USD,roc_momentum,buy,2025-12-23 11:53:00+00:00,0.0763,0.25,2025-12-23 11:54:00+00:00,0.07299,0.23915465268676275,327.653997378768,-1.0845347313237246,-1.5736893840104873,-4.338138925294898,0.016666666666666666,roc_peak_drop,0.0763,0.26281208935612366
488,THQ-USD,roc_momentum,buy,2025-12-23 11:54:00+00:00,0.07299,0.25,2025-12-23 11:55:00+00:00,0.073,0.2500342512672969,342.51267296889984,0.0034251267296876707,-0.4966091245376092,0.013700506918750683,0.016666666666666666,roc_reversal,0.073,-4.699738903394268
489,THQ-USD,roc_momentum,buy,2025-12-23 11:55:00+00:00,0.073,0.25,2025-12-23 11:56:00+00:00,0.0729,0.24965753424657539,342.4657534246576,-0.034246575342461984,-0.5339041095890373,-0.13698630136984793,0.016666666666666666,roc_reversal,0.073,-4.699738903394268
490,THQ-USD,roc_momentum,buy,2025-12-23 11:57:00+00:00,0.07338,0.25,2025-12-23 11:58:00+00:00,0.07349,0.2503747615153993,340.6922867266285,0.03747615153992879,-0.4628986099754705,0.14990460615971515,0.016666666666666666,roc_reversal,0.07349,-3.682830930537362
491,THQ-USD,roc_momentum,buy,2025-12-23 12:07:00+00:00,0.07215,0.25,2025-12-23 12:08:00+00:00,0.0711,0.24636174636174632,346.5003465003465,-0.363825363825367,-0.8601871101871134,-1.455301455301468,0.016666666666666666,roc_reversal,0.07215,-1.6896034882136424
492,THQ-USD,roc_momentum,buy,2025-12-23 12:13:00+00:00,0.07171,0.25,2025-12-23 12:18:00+00:00,0.07302,0.25456700599637433,348.62641193696834,0.45670059963743054,-0.04786640635894379,1.8268023985497222,0.08333333333333333,roc_peak_drop,0.0736,5.869627920392273
493,THQ-USD,roc_momentum,buy,2025-12-23 12:18:00+00:00,0.07302,0.25,2025-12-23 12:20:00+00:00,0.07409,0.2536633798959189,342.37195288961925,0.3663379895918931,-0.1373253903040258,1.4653519583675725,0.03333333333333333,roc_peak_drop,0.07409,1.9119669876203504
494,THQ-USD,roc_momentum,buy,2025-12-23 12:20:00+00:00,0.07409,0.25,2025-12-23 12:24:00+00:00,0.07463,0.25182210824672696,337.427453097584,0.18221082467269498,-0.319611283574032,0.7288432986907799,0.06666666666666667,roc_peak_drop,0.07473,1.8898931799506968
495,THQ-USD,roc_momentum,buy,2025-12-23 12:24:00+00:00,0.07463,0.25,2025-12-23 12:25:00+00:00,0.07376,0.24708562240385906,334.9859305909152,-0.2914377596140948,-0.7885233820179538,-1.1657510384563792,0.016666666666666666,roc_peak_drop,0.07463,0.7288432986907845
496,THQ-USD,roc_momentum,buy,2025-12-23 12:25:00+00:00,0.07376,0.25,2025-12-23 12:26:00+00:00,0.07332,0.24850867678958782,338.93709327548805,-0.14913232104121807,-0.6476409978308059,-0.5965292841648723,0.016666666666666666,roc_reversal,0.07376,-0.445404238088809
497,THQ-USD,roc_momentum,buy,2025-12-23 12:26:00+00:00,0.07332,0.25,2025-12-23 12:27:00+00:00,0.07367,0.2511933987997818,340.97108565193673,0.11933987997817891,-0.3818535188216029,0.47735951991271564,0.016666666666666666,roc_reversal,0.07367,-1.4184397163120588
498,THQ-USD,roc_momentum,buy,2025-12-23 12:27:00+00:00,0.07367,0.25,2025-12-23 12:28:00+00:00,0.0737,0.2501018053481743,339.3511605809692,0.010180534817429839,-0.48992127053074447,0.040722139269719355,0.016666666666666666,roc_reversal,0.0737,-0.9408602150537515
499,THQ-USD,roc_momentum,buy,2025-12-23 12:28:00+00:00,0.0737,0.25,2025-12-23 12:29:00+00:00,0.07441,0.25240841248303936,339.21302578019,0.24084124830393563,-0.2615671641791037,0.9633649932157425,0.016666666666666666,roc_reversal,0.07441,-0.2947876189200005
500,THQ-USD,roc_momentum,buy,2025-12-23 12:29:00+00:00,0.07441,0.25,2025-12-23 12:34:00+00:00,0.0743,0.24963042601800833,335.9763472651525,-0.036957398199166436,-0.5365878242171748,-0.14782959279666574,0.08333333333333333,roc_peak_drop,0.07509,2.1549372613202333
501,THQ-USD,roc_momentum,buy,2025-12-23 12:34:00+00:00,0.0743,0.25,2025-12-23 12:35:00+00:00,0.074,0.24899057873485866,336.4737550471063,-0.10094212651413478,-0.5999327052489934,-0.40376850605653913,0.016666666666666666,roc_reversal,0.0743,-0.14782959279666663
502,THQ-USD,roc_momentum,buy,2025-12-23 12:35:00+00:00,0.074,0.25,2025-12-23 12:36:00+00:00,0.0736,0.24864864864864866,337.83783783783787,-0.13513513513513434,-0.633783783783783,-0.5405405405405374,0.016666666666666666,roc_reversal,0.074,-0.5510012095148564
503,THQ-USD,roc_momentum,buy,2025-12-23 12:36:00+00:00,0.0736,0.25,2025-12-23 12:37:00+00:00,0.0732,0.2486413043478261,339.67391304347825,-0.1358695652173905,-0.6345108695652166,-0.543478260869562,0.016666666666666666,roc_reversal,0.0736,-1.735647530040052
504,THQ-USD,roc_momentum,buy,2025-12-23 12:40:00+00:00,0.07409,0.25,2025-12-23 12:45:00+00:00,0.07371,0.24871777567822917,337.427453097584,-0.12822243217708373,-0.6269402078553129,-0.5128897287083349,0.08333333333333333,roc_peak_drop,0.07409,0.6967213114754012
505,THQ-USD,roc_momentum,buy,2025-12-23 12:46:00+00:00,0.07424,0.25,2025-12-23 12:53:00+00:00,0.0753,0.25356950431034486,336.7456896551724,0.3569504310344846,-0.14661907327586027,1.4278017241379384,0.11666666666666667,roc_peak_drop,0.0765,3.0441810344827624
506,THQ-USD,roc_momentum,buy,2025-12-23 12:53:00+00:00,0.0753,0.25,2025-12-23 12:54:00+00:00,0.07511,0.2493691899070385,332.0053120849933,-0.06308100929615192,-0.5624501992031904,-0.25232403718460766,0.016666666666666666,roc_peak_drop,0.0753,1.0738255033557076
507,THQ-USD,roc_momentum,buy,2025-12-23 12:54:00+00:00,0.07511,0.25,2025-12-23 12:56:00+00:00,0.07642,0.2543602716016509,332.84516043136733,0.4360271601650931,-0.06833311143655785,1.7441086406603723,0.03333333333333333,roc_peak_drop,0.0768,1.5873015873015817
508,THQ-USD,roc_momentum,buy,2025-12-23 12:56:00+00:00,0.07642,0.25,2025-12-23 12:57:00+00:00,0.07607,0.2488550117770217,327.139492279508,-0.1144988222978288,-0.6133538340748506,-0.4579952891913152,0.016666666666666666,roc_reversal,0.07642,-0.013144058885383725
509,THQ-USD,roc_momentum,buy,2025-12-23 12:57:00+00:00,0.07607,0.25,2025-12-23 13:00:00+00:00,0.0757,0.2487840147232812,328.6446693834626,-0.12159852767187963,-0.6203825423951609,-0.48639411068751853,0.05,roc_peak_drop,0.07607,0.7855145786180406
510,THQ-USD,roc_momentum,buy,2025-12-23 13:00:00+00:00,0.0757,0.25,2025-12-23 13:01:00+00:00,0.07566,0.24986789960369882,330.25099075297226,-0.013210039630118351,-0.5130779392338172,-0.052840158520473406,0.016666666666666666,roc_reversal,0.0757,-0.9945040565296992
511,THQ-USD,roc_momentum,buy,2025-12-23 13:01:00+00:00,0.07566,0.25,2025-12-23 13:02:00+00:00,0.07564,0.24993391488236846,330.4255881575469,-0.006608511763152962,-0.5065424266455214,-0.026434047052611848,0.016666666666666666,roc_reversal,0.07566,-0.5652688313395604
512,THQ-USD,roc_momentum,buy,2025-12-23 13:02:00+00:00,0.07564,0.25,2025-12-23 13:08:00+00:00,0.07801,0.25783315705975673,330.51295610787946,0.7833157059756733,0.27548254891591656,3.1332628239026934,0.1,roc_peak_drop,0.07801,2.181385510311995
513,THQ-USD,roc_momentum,buy,2025-12-23 13:08:00+00:00,0.07801,0.25,2025-12-23 13:13:00+00:00,0.07877,0.25243558518138703,320.47173439302657,0.2435585181387036,-0.25887706704268343,0.9742340725548144,0.08333333333333333,roc_peak_drop,0.07952,2.96593705478565
514,THQ-USD,roc_momentum,buy,2025-12-23 13:13:00+00:00,0.07877,0.25,2025-12-23 13:14:00+00:00,0.0769,0.24406499936524054,317.3797130887393,-0.5935000634759459,-1.0875650628411864,-2.3740002539037834,0.016666666666666666,roc_peak_drop,0.07877,0.9742340725548138
515,THQ-USD,roc_momentum,buy,2025-12-23 13:14:00+00:00,0.0769,0.25,2025-12-23 13:15:00+00:00,0.0765,0.24869960988296488,325.0975292587776,-0.13003901170351026,-0.6287386215864752,-0.520156046814041,0.016666666666666666,roc_reversal,0.0769,-3.294768611670018
516,THQ-USD,roc_momentum,buy,2025-12-23 13:15:00+00:00,0.0765,0.25,2025-12-23 13:16:00+00:00,0.0763,0.2493464052287582,326.79738562091507,-0.06535947712418035,-0.5647058823529385,-0.2614379084967214,0.016666666666666666,roc_reversal,0.0765,-3.7735849056603765
517,THQ-USD,roc_momentum,buy,2025-12-23 13:16:00+00:00,0.0763,0.25,2025-12-23 13:17:00+00:00,0.0771,0.25262123197903014,327.653997378768,0.2621231979030128,-0.24049803407601733,1.0484927916120512,0.016666666666666666,roc_reversal,0.0771,-2.896725440806036
518,THQ-USD,roc_momentum,buy,2025-12-23 13:17:00+00:00,0.0771,0.25,2025-12-23 13:18:00+00:00,0.0784,0.25421530479896237,324.25421530479895,0.4215304798962372,-0.08268482490272516,1.6861219195849488,0.016666666666666666,roc_reversal,0.0784,-0.4697219753713511
519,THQ-USD,roc_momentum,buy,2025-12-23 13:18:00+00:00,0.0784,0.25,2025-12-23 13:23:00+00:00,0.07889,0.2515625,318.8775510204082,0.1562500000000014,-0.34531249999999863,0.6250000000000056,0.08333333333333333,roc_peak_drop,0.07916,3.3027522935779707
520,THQ-USD,roc_momentum,buy,2025-12-23 13:23:00+00:00,0.07889,0.25,2025-12-23 13:24:00+00:00,0.07771,0.2462606160476613,316.8969451134491,-0.37393839523387007,-0.8701990112815314,-1.4957535809354803,0.016666666666666666,roc_peak_drop,0.07889,0.6250000000000089
521,THQ-USD,roc_momentum,buy,2025-12-23 13:24:00+00:00,0.07771,0.25,2025-12-23 13:25:00+00:00,0.07811,0.2512868356710848,321.7089177712006,0.12868356710847947,-0.37260326856260534,0.5147342684339179,0.016666666666666666,roc_reversal,0.07811,-1.1140650715280476
522,THQ-USD,roc_momentum,buy,2025-12-23 13:25:00+00:00,0.07811,0.25,2025-12-23 13:26:00+00:00,0.077,0.24644731788503393,320.06145179874534,-0.3552682114966073,-0.8517155293816412,-1.4210728459864292,0.016666666666666666,roc_reversal,0.07811,-1.1140650715280476
523,THQ-USD,roc_momentum,buy,2025-12-23 13:26:00+00:00,0.077,0.25,2025-12-23 13:27:00+00:00,0.07681,0.2493831168831169,324.6753246753247,-0.0616883116883103,-0.5610714285714272,-0.2467532467532412,0.016666666666666666,roc_reversal,0.077,-2.3090586145648295
524,THQ-USD,roc_momentum,buy,2025-12-23 13:27:00+00:00,0.07681,0.25,2025-12-23 13:28:00+00:00,0.07599,0.2473310766827236,325.4784533263898,-0.26689233172764004,-0.7642234084103636,-1.0675693269105602,0.016666666666666666,roc_reversal,0.07681,-2.968671045982807
525,THQ-USD,roc_momentum,buy,2025-12-23 13:28:00+00:00,0.07599,0.25,2025-12-23 13:29:00+00:00,0.07555,0.24855244111067248,328.9906566653507,-0.14475588893275299,-0.6433083300434255,-0.5790235557310119,0.016666666666666666,roc_reversal,0.07599,-2.7795650495431645
526,THQ-USD,roc_momentum,buy,2025-12-23 13:29:00+00:00,0.07555,0.25,2025-12-23 13:30:00+00:00,0.07661,0.25350761085373924,330.90668431502314,0.3507610853739217,-0.1527465254798175,1.4030443414956868,0.016666666666666666,roc_reversal,0.07661,-1.920368710792475
527,THQ-USD,roc_momentum,buy,2025-12-23 13:30:00+00:00,0.07661,0.25,2025-12-23 13:31:00+00:00,0.0766,0.24996736718444068,326.3281555932646,-0.003263281555931381,-0.503230648740372,-0.013053126223725524,0.016666666666666666,roc_reversal,0.07661,-0.5194805194805197
528,THQ-USD,roc_momentum,buy,2025-12-23 13:31:00+00:00,0.0766,0.25,2025-12-23 13:32:00+00:00,0.07634,0.2491514360313316,326.37075718015666,-0.08485639686683953,-0.5840078328981712,-0.3394255874673581,0.016666666666666666,roc_reversal,0.0766,-0.5194805194805197
529,THQ-USD,roc_momentum,buy,2025-12-23 13:32:00+00:00,0.07634,0.25,2025-12-23 13:33:00+00:00,0.0737,0.2413544668587896,327.48231595493843,-0.8645533141210385,-1.3559077809798281,-3.458213256484154,0.016666666666666666,roc_reversal,0.07634,-0.6118994922536092
530,THQ-USD,roc_momentum,buy,2025-12-23 13:33:00+00:00,0.0737,0.25,2025-12-23 13:34:00+00:00,0.07416,0.2515603799185889,339.21302578019,0.1560379918588881,-0.3455223880597008,0.6241519674355523,0.016666666666666666,roc_reversal,0.07416,-1.8398411647915336
531,THQ-USD,roc_momentum,buy,2025-12-23 13:34:00+00:00,0.07416,0.25,2025-12-23 13:35:00+00:00,0.0735,0.24777508090614883,337.10895361380796,-0.2224919093851159,-0.7202669902912647,-0.8899676375404636,0.016666666666666666,roc_reversal,0.07416,-1.8398411647915336
532,THQ-USD,roc_momentum,buy,2025-12-23 13:35:00+00:00,0.0735,0.25,2025-12-23 13:36:00+00:00,0.0732,0.2489795918367347,340.13605442176873,-0.10204081632652882,-0.6010204081632635,-0.4081632653061153,0.016666666666666666,roc_reversal,0.0735,-4.059522255580217
533,THQ-USD,roc_momentum,buy,2025-12-23 13:36:00+00:00,0.0732,0.25,2025-12-23 13:37:00+00:00,0.07298,0.24924863387978144,341.53005464480873,-0.07513661202185723,-0.5743852459016386,-0.3005464480874289,0.016666666666666666,roc_reversal,0.0732,-4.401362326434377
534,THQ-USD,roc_momentum,buy,2025-12-23 13:37:00+00:00,0.07298,0.25,2025-12-23 13:38:00+00:00,0.073,0.25006851192107427,342.5596053713346,0.006851192107424036,-0.4932173198136502,0.027404768429696143,0.016666666666666666,roc_reversal,0.073,-0.9497964721845387
535,THQ-USD,roc_momentum,buy,2025-12-23 13:38:00+00:00,0.073,0.25,2025-12-23 13:42:00+00:00,0.0742,0.25410958904109593,342.4657534246576,0.41095890410959135,-0.09315068493150458,1.6438356164383654,0.06666666666666667,roc_peak_drop,0.0752,2.732240437158473
536,THQ-USD,roc_momentum,buy,2025-12-23 13:42:00+00:00,0.0742,0.25,2025-12-23 13:44:00+00:00,0.07354,0.24777628032345012,336.92722371967653,-0.22237196765498915,-0.7201482479784392,-0.8894878706199566,0.03333333333333333,roc_peak_drop,0.0742,1.6716908742121062
537,THQ-USD,roc_momentum,buy,2025-12-23 13:44:00+00:00,0.07354,0.25,2025-12-23 13:45:00+00:00,0.07354,0.25,339.95104704922494,0.0,-0.5,0.0,0.016666666666666666,roc_reversal,0.07354,-0.902843282576482
538,THQ-USD,roc_momentum,buy,2025-12-23 13:45:00+00:00,0.07354,0.25,2025-12-23 13:46:00+00:00,0.07354,0.25,339.95104704922494,0.0,-0.5,0.0,0.016666666666666666,roc_reversal,0.07354,-1.155913978494627
539,THQ-USD,roc_momentum,buy,2025-12-23 13:46:00+00:00,0.07354,0.25,2025-12-23 13:47:00+00:00,0.07395,0.25139379929290184,339.95104704922494,0.1393799292901848,-0.36201387000271706,0.5575197171607392,0.016666666666666666,roc_reversal,0.07395,-0.3369272237196741
540,THQ-USD,roc_momentum,buy,2025-12-23 13:47:00+00:00,0.07395,0.25,2025-12-23 13:48:00+00:00,0.0732,0.24746450304259635,338.0662609871535,-0.25354969574036534,-0.7510141987829617,-1.0141987829614614,0.016666666666666666,roc_reversal,0.07395,-0.3369272237196741
541,THQ-USD,roc_momentum,buy,2025-12-23 13:48:00+00:00,0.0732,0.25,2025-12-23 13:49:00+00:00,0.073,0.24931693989071035,341.53005464480873,-0.0683060109289637,-0.5676229508196741,-0.2732240437158548,0.016666666666666666,roc_reversal,0.0732,-0.7342942616263226
542,THQ-USD,roc_momentum,buy,2025-12-23 13:49:00+00:00,0.073,0.25,2025-12-23 13:50:00+00:00,0.0731,0.25034246575342467,342.4657534246576,0.03424657534246674,-0.46609589041095795,0.13698630136986695,0.016666666666666666,roc_reversal,0.0731,-0.5983138428066304
543,THQ-USD,roc_momentum,buy,2025-12-23 13:50:00+00:00,0.0731,0.25,2025-12-23 13:51:00+00:00,0.072,0.24623803009575923,341.9972640218878,-0.3761969904240779,-0.8724350205198371,-1.5047879616963116,0.016666666666666666,roc_reversal,0.0731,-0.5983138428066304
544,THQ-USD,roc_momentum,buy,2025-12-23 13:51:00+00:00,0.072,0.25,2025-12-23 13:52:00+00:00,0.0714,0.2479166666666667,347.22222222222223,-0.20833333333332968,-0.7062499999999964,-0.8333333333333187,0.016666666666666666,roc_reversal,0.072,-2.094098449823223
545,THQ-USD,roc_momentum,buy,2025-12-23 13:52:00+00:00,0.0714,0.25,2025-12-23 13:53:00+00:00,0.0716,0.2507002801120448,350.14005602240894,0.07002801120447893,-0.4306722689075659,0.28011204481791574,0.016666666666666666,roc_reversal,0.0716,-2.1857923497267784
546,THQ-USD,roc_momentum,buy,2025-12-23 13:53:00+00:00,0.0716,0.25,2025-12-23 13:54:00+00:00,0.07192,0.2511173184357542,349.1620111731844,0.11173184357541929,-0.3893854748603349,0.44692737430167717,0.016666666666666666,roc_reversal,0.07192,-1.4794520547945167
547,THQ-USD,roc_momentum,buy,2025-12-23 13:54:00+00:00,0.07192,0.25,2025-12-23 13:55:00+00:00,0.07192,0.25,347.6084538375973,0.0,-0.5,0.0,0.016666666666666666,roc_reversal,0.07192,-1.4794520547945167
548,THQ-USD,roc_momentum,buy,2025-12-23 13:55:00+00:00,0.07192,0.25,2025-12-23 13:59:00+00:00,0.07247,0.2519118464961068,347.6084538375973,0.1911846496106816,-0.3107271968854252,0.7647385984427264,0.06666666666666667,roc_peak_drop,0.07293,2.1428571428571352
549,THQ-USD,roc_momentum,buy,2025-12-23 13:59:00+00:00,0.07247,0.25,2025-12-23 14:01:00+00:00,0.07241,0.24979301780046914,344.97033255140053,-0.020698219953085583,-0.5204912377535548,-0.08279287981234233,0.03333333333333333,roc_peak_drop,0.07247,0.7647385984427268
550,THQ-USD,roc_momentum,buy,2025-12-23 14:01:00+00:00,0.07241,0.25,2025-12-23 14:07:00+00:00,0.07377,0.2546954840491645,345.2561800856235,0.469548404916448,-0.035147079132716454,1.878193619665792,0.1,roc_peak_drop,0.0741,2.3480662983425216
551,THQ-USD,roc_momentum,buy,2025-12-23 14:07:00+00:00,0.07377,0.25,2025-12-23 14:10:00+00:00,0.07361,0.24945777416293885,338.89114816320995,-0.05422258370611609,-0.5536803578690549,-0.21689033482446435,0.05,roc_peak_drop,0.07397,1.1071623838162736
552,THQ-USD,roc_momentum,buy,2025-12-23 14:10:00+00:00,0.07361,0.25,2025-12-23 14:11:00+00:00,0.07348,0.24955848390164384,339.62776796630897,-0.04415160983561719,-0.543710093737261,-0.17660643934246875,0.016666666666666666,roc_reversal,0.07361,-0.661268556005401
553,THQ-USD,roc_momentum,buy,2025-12-23 14:11:00+00:00,0.07348,0.25,2025-12-23 14:16:00+00:00,0.0764,0.2599346761023407,340.2286336418073,0.9934676102340746,0.4835329341317338,3.9738704409362984,0.08333333333333333,take_profit,0.0764,3.973870440936289
554,THQ-USD,roc_momentum,buy,2025-12-23 14:16:00+00:00,0.0764,0.25,2025-12-23 14:18:00+00:00,0.07716,0.25248691099476445,327.22513089005236,0.2486910994764433,-0.25379581151832115,0.9947643979057732,0.03333333333333333,roc_peak_drop,0.07716,3.973870440936289
555,THQ-USD,roc_momentum,buy,2025-12-23 14:18:00+00:00,0.07716,0.25,2025-12-23 14:19:00+00:00,0.07545,0.24445956454121306,324.0020736132711,-0.5540435458786946,-1.0485031104199076,-2.2161741835147786,0.016666666666666666,roc_peak_drop,0.07716,2.6200292592100105
556,THQ-USD,roc_momentum,buy,2025-12-23 14:19:00+00:00,0.07545,0.25,2025-12-23 14:20:00+00:00,0.0745,0.2468522200132538,331.34526176275676,-0.3147779986746211,-0.8116302186878749,-1.2591119946984843,0.016666666666666666,roc_peak_drop,0.07545,0.6000000000000005
557,THQ-USD,roc_momentum,buy,2025-12-23 14:20:00+00:00,0.0745,0.25,2025-12-23 14:21:00+00:00,0.0739,0.24798657718120803,335.5704697986577,-0.20134228187919576,-0.6993288590604038,-0.805369127516783,0.016666666666666666,roc_reversal,0.0745,-1.5852047556142779
558,THQ-USD,roc_momentum,buy,2025-12-23 14:21:00+00:00,0.0739,0.25,2025-12-23 14:22:00+00:00,0.07334,0.24810554803788906,338.29499323410016,-0.18944519621109307,-0.6875507442489821,-0.7577807848443723,0.016666666666666666,roc_reversal,0.0739,-3.272251308900531
559,THQ-USD,roc_momentum,buy,2025-12-23 14:22:00+00:00,0.07334,0.25,2025-12-23 14:23:00+00:00,0.07334,0.25,340.8781019907281,0.0,-0.5,0.0,0.016666666666666666,roc_reversal,0.07334,-4.9507516848107835
560,THQ-USD,roc_momentum,buy,2025-12-23 14:23:00+00:00,0.07334,0.25,2025-12-23 14:24:00+00:00,0.07334,0.25,340.8781019907281,0.0,-0.5,0.0,0.016666666666666666,roc_reversal,0.07334,-2.796554009277663
561,THQ-USD,roc_momentum,buy,2025-12-23 14:24:00+00:00,0.07334,0.25,2025-12-23 14:25:00+00:00,0.07295,0.24867057540223617,340.8781019907281,-0.13294245977638447,-0.6316130351786207,-0.5317698391055379,0.016666666666666666,roc_reversal,0.07334,-2.0805369127516737
562,THQ-USD,roc_momentum,buy,2025-12-23 14:25:00+00:00,0.07295,0.25,2025-12-23 14:26:00+00:00,0.07328,0.2511309115832762,342.7004797806717,0.11309115832762062,-0.3880397532556556,0.4523646333104825,0.016666666666666666,roc_reversal,0.07328,-0.8389715832205602
563,THQ-USD,roc_momentum,buy,2025-12-23 14:26:00+00:00,0.07328,0.25,2025-12-23 14:27:00+00:00,0.07268,0.24795305676855894,341.1572052401747,-0.20469432314410593,-0.7026473799126649,-0.8187772925764237,0.016666666666666666,roc_reversal,0.07328,-0.8389715832205602
564,THQ-USD,roc_momentum,buy,2025-12-23 14:27:00+00:00,0.07268,0.25,2025-12-23 14:28:00+00:00,0.07281,0.2504471656576775,343.97358282883874,0.0447165657677508,-0.4557305998899267,0.1788662630710032,0.016666666666666666,roc_reversal,0.07281,-0.7226615762203514
565,THQ-USD,roc_momentum,buy,2025-12-23 14:28:00+00:00,0.07281,0.25,2025-12-23 14:29:00+00:00,0.0729,0.25030902348578493,343.35942864991074,0.03090234857849428,-0.46940667490729066,0.12360939431397712,0.016666666666666666,roc_reversal,0.0729,-0.5999454595036813
566,THQ-USD,roc_momentum,buy,2025-12-23 14:29:00+00:00,0.0729,0.25,2025-12-23 14:30:00+00:00,0.0729,0.25,342.9355281207133,0.0,-0.5,0.0,0.016666666666666666,roc_reversal,0.0729,-0.06854009595612665
567,THQ-USD,roc_momentum,buy,2025-12-23 14:30:00+00:00,0.0729,0.25,2025-12-23 14:31:00+00:00,0.07326,0.25123456790123455,342.9355281207133,0.1234567901234565,-0.37777777777777805,0.493827160493826,0.016666666666666666,roc_reversal,0.07326,-0.02729257641920224
568,THQ-USD,roc_momentum,buy,2025-12-23 14:31:00+00:00,0.07326,0.25,2025-12-23 14:36:00+00:00,0.0739,0.25218400218400217,341.25034125034125,0.21840021840021423,-0.28378378378378794,0.8736008736008569,0.08333333333333333,roc_peak_drop,0.0739,1.6785910842047391
569,THQ-USD,roc_momentum,buy,2025-12-23 14:36:00+00:00,0.0739,0.25,2025-12-23 14:37:00+00:00,0.0739,0.25,338.29499323410016,0.0,-0.5,0.0,0.016666666666666666,roc_peak_drop,0.0739,0.873600873600866
570,THQ-USD,roc_momentum,buy,2025-12-23 14:37:00+00:00,0.0739,0.25,2025-12-23 15:23:00+00:00,0.07075,0.23934370771312585,338.29499323410016,-1.0656292286874156,-1.5549729364005414,-4.262516914749662,0.7666666666666667,roc_reversal,0.0739,
571,THQ-USD,roc_momentum,buy,2025-12-23 15:23:00+00:00,0.07075,0.25,2025-12-23 15:24:00+00:00,0.07084,0.25031802120141344,353.35689045936397,0.03180212014134514,-0.4685159010600683,0.12720848056538056,0.016666666666666666,roc_reversal,0.07084,-4.140730717185381
572,THQ-USD,roc_momentum,buy,2025-12-23 15:28:00+00:00,0.0698,0.25,2025-12-23 15:29:00+00:00,0.06946,0.24878223495702004,358.1661891117478,-0.12177650429799676,-0.6205587392550168,-0.48710601719198704,0.016666666666666666,roc_reversal,0.0698,-1.3427561837455748
573,THQ-USD,roc_momentum,buy,2025-12-24 02:01:00+00:00,0.0655,0.25,2025-12-24 02:06:00+00:00,0.06847,0.26133587786259543,381.6793893129771,1.133587786259542,0.6222519083969467,4.534351145038168,0.08333333333333333,take_profit,0.06847,4.5343511450381735
574,THQ-USD,roc_momentum,buy,2025-12-24 02:06:00+00:00,0.06847,0.25,2025-12-24 02:07:00+00:00,0.06896,0.25178910471739446,365.12341171315904,0.17891047173944444,-0.32287863297795,0.7156418869577778,0.016666666666666666,roc_peak_drop,0.06896,4.5343511450381735
575,THQ-USD,roc_momentum,buy,2025-12-24 02:07:00+00:00,0.06896,0.25,2025-12-24 02:09:00+00:00,0.06796,0.2463747099767982,362.52900232018567,-0.3625290023201809,-0.8589037122969791,-1.4501160092807237,0.03333333333333333,roc_peak_drop,0.06896,3.1563201196708857
576,THQ-USD,roc_momentum,buy,2025-12-24 02:09:00+00:00,0.06796,0.25,2025-12-24 02:10:00+00:00,0.06795,0.2499632136550912,367.8634490876986,-0.003678634490880665,-0.5036418481459719,-0.01471453796352266,0.016666666666666666,roc_peak_drop,0.06796,1.5237526142814595
577,THQ-USD,roc_momentum,buy,2025-12-24 02:10:00+00:00,0.06795,0.25,2025-12-24 02:11:00+00:00,0.0679,0.2498160412067697,367.91758646063283,-0.018395879323029617,-0.5182119205297994,-0.07358351729211847,0.016666666666666666,roc_peak_drop,0.06795,0.8160237388723957
578,THQ-USD,roc_momentum,buy,2025-12-24 02:11:00+00:00,0.0679,0.25,2025-12-24 02:12:00+00:00,0.06793,0.2501104565537555,368.1885125184094,0.01104565537555311,-0.48906480117820245,0.04418262150221244,0.016666666666666666,roc_reversal,0.06793,-0.832481378706007
579,ZKC-USD,roc_momentum,buy,2025-12-25 06:16:00+00:00,0.1203,0.25,2025-12-25 06:17:00+00:00,0.1198,0.2489609310058188,207.8137988362427,-0.10390689941812145,-0.6028678304239402,-0.4156275976724858,0.016666666666666666,roc_peak_drop,0.1203,2.2090059473237167
580,ZKC-USD,roc_momentum,buy,2025-12-25 06:17:00+00:00,0.1198,0.25,2025-12-25 06:18:00+00:00,0.1194,0.2491652754590985,208.6811352253756,-0.08347245409014974,-0.5826377295492482,-0.33388981636059895,0.016666666666666666,roc_peak_drop,0.1198,1.1824324324324342
581,ZKC-USD,roc_momentum,buy,2025-12-25 06:18:00+00:00,0.1194,0.25,2025-12-25 06:21:00+00:00,0.1197,0.2506281407035176,209.38023450586263,0.06281407035175768,-0.4378140703517599,0.2512562814070307,0.05,roc_peak_drop,0.1199,0.8445945945946054
582,ZKC-USD,roc_momentum,buy,2025-12-25 06:21:00+00:00,0.1197,0.25,2025-12-25 06:22:00+00:00,0.1195,0.24958228905597327,208.85547201336675,-0.04177109440267455,-0.5413533834586478,-0.1670843776106982,0.016666666666666666,roc_reversal,0.1197,-0.25041736227046085
583,ZKC-USD,roc_momentum,buy,2025-12-25 06:22:00+00:00,0.1195,0.25,2025-12-25 06:23:00+00:00,0.1192,0.2493723849372385,209.2050209205021,-0.06276150627614953,-0.5621338912133881,-0.2510460251045981,0.016666666666666666,roc_reversal,0.1195,-0.16750418760469454
584,ZKC-USD,roc_momentum,buy,2025-12-25 06:23:00+00:00,0.1192,0.25,2025-12-25 06:29:00+00:00,0.1199,0.2514681208053691,209.73154362416108,0.14681208053691405,-0.3546560402684551,0.5872483221476562,0.1,roc_peak_drop,0.12,0.6711409395973034
585,ZKC-USD,roc_momentum,buy,2025-12-25 06:29:00+00:00,0.1199,0.25,2025-12-25 06:30:00+00:00,0.1202,0.2506255212677231,208.50708924103418,0.06255212677230915,-0.43807339449541394,0.2502085070892366,0.016666666666666666,roc_peak_drop,0.1202,0.33472803347280866
586,ZKC-USD,roc_momentum,buy,2025-12-25 06:30:00+00:00,0.1202,0.25,2025-12-25 06:31:00+00:00,0.12,0.24958402662229617,207.98668885191347,-0.04159733777038389,-0.54118136439268,-0.16638935108153555,0.016666666666666666,roc_peak_drop,0.1202,0.16666666666667052
587,ZKC-USD,roc_momentum,buy,2025-12-25 06:31:00+00:00,0.12,0.25,2025-12-25 06:35:00+00:00,0.12,0.25,208.33333333333334,0.0,-0.5,0.0,0.06666666666666667,roc_peak_drop,0.1205,0.500417014178467
588,ZKC-USD,roc_momentum,buy,2025-12-25 06:35:00+00:00,0.12,0.25,2025-12-25 06:36:00+00:00,0.1198,0.24958333333333335,208.33333333333334,-0.04166666666666497,-0.5412499999999983,-0.16666666666665989,0.016666666666666666,roc_reversal,0.12,-0.16638935108153063
589,ZKC-USD,roc_momentum,buy,2025-12-25 06:36:00+00:00,0.1198,0.25,2025-12-25 06:37:00+00:00,0.1198,0.25,208.6811352253756,0.0,-0.5,0.0,0.016666666666666666,roc_reversal,0.1198,-0.1666666666666594
590,ZKC-USD,roc_momentum,buy,2025-12-25 06:37:00+00:00,0.1198,0.25,2025-12-25 06:38:00+00:00,0.1198,0.25,208.6811352253756,0.0,-0.5,0.0,0.016666666666666666,roc_reversal,0.1198,-0.41562759767248547
591,ZKC-USD,roc_momentum,buy,2025-12-25 06:38:00+00:00,0.1198,0.25,2025-12-25 06:39:00+00:00,0.119,0.24833055091819697,208.6811352253756,-0.1669449081803024,-0.6652754590984994,-0.6677796327212095,0.016666666666666666,roc_reversal,0.1198,-0.5809128630705374
592,ZKC-USD,roc_momentum,buy,2025-12-25 06:39:00+00:00,0.119,0.25,2025-12-25 06:40:00+00:00,0.119,0.25,210.0840336134454,0.0,-0.5,0.0,0.016666666666666666,roc_reversal,0.119,-0.8333333333333304
593,ZKC-USD,roc_momentum,buy,2025-12-25 06:40:00+00:00,0.119,0.25,2025-12-25 06:41:00+00:00,0.119,0.25,210.0840336134454,0.0,-0.5,0.0,0.016666666666666666,roc_reversal,0.119,-0.6677796327212104
594,ZKC-USD,roc_momentum,buy,2025-12-25 06:41:00+00:00,0.119,0.25,2025-12-25 06:42:00+00:00,0.119,0.25,210.0840336134454,0.0,-0.5,0.0,0.016666666666666666,roc_reversal,0.119,-0.6677796327212104
595,ZKC-USD,roc_momentum,buy,2025-12-25 06:42:00+00:00,0.119,0.25,2025-12-25 06:43:00+00:00,0.1188,0.24957983193277314,210.0840336134454,-0.042016806722687365,-0.5415966386554605,-0.16806722689074946,0.016666666666666666,roc_reversal,0.119,-0.6677796327212104
596,ZKC-USD,roc_momentum,buy,2025-12-25 06:47:00+00:00,0.1193,0.25,2025-12-25 06:50:00+00:00,0.1195,0.25041911148365464,209.55574182732607,0.0419111483654635,-0.45850796311819114,0.167644593461854,0.05,roc_peak_drop,0.1198,0.8417508417508435
597,ZKC-USD,roc_momentum,buy,2025-12-25 06:50:00+00:00,0.1195,0.25,2025-12-25 06:54:00+00:00,0.12,0.2510460251046025,209.2050209205021,0.10460251046025114,-0.39644351464435135,0.41841004184100455,0.06666666666666667,roc_peak_drop,0.1202,0.7544006705783701
598,ZKC-USD,roc_momentum,buy,2025-12-25 06:54:00+00:00,0.12,0.25,2025-12-25 06:57:00+00:00,0.1205,0.25104166666666666,208.33333333333334,0.10416666666666677,-0.3968749999999999,0.4166666666666671,0.05,roc_peak_drop,0.1206,0.6694560669456173
599,ZKC-USD,roc_momentum,buy,2025-12-25 06:57:00+00:00,0.1205,0.25,2025-12-25 07:00:00+00:00,0.1203,0.24958506224066393,207.4688796680498,-0.04149377593360827,-0.5410788381742722,-0.16597510373443308,0.05,roc_peak_drop,0.1205,0.2500000000000169
600,ZKC-USD,roc_momentum,buy,2025-12-25 07:00:00+00:00,0.1203,0.25,2025-12-25 07:06:00+00:00,0.1214,0.25228595178719865,207.8137988362427,0.2285951787198649,-0.27369077306733375,0.9143807148794596,0.1,roc_peak_drop,0.1216,0.9143807148794592
601,ZKC-USD,roc_momentum,buy,2025-12-25 07:06:00+00:00,0.1214,0.25,2025-12-25 07:08:00+00:00,0.1213,0.24979406919275127,205.93080724876444,-0.020593080724874174,-0.5203871499176255,-0.0823723228994967,0.03333333333333333,roc_peak_drop,0.1214,0.6633499170812573
602,ZKC-USD,roc_momentum,buy,2025-12-25 07:08:00+00:00,0.1213,0.25,2025-12-25 07:10:00+00:00,0.1208,0.24896949711459193,206.10057708161582,-0.103050288540808,-0.6020197856553999,-0.412201154163232,0.03333333333333333,roc_peak_drop,0.1213,0.08250825082507518
603,ZKC-USD,roc_momentum,buy,2025-12-25 07:10:00+00:00,0.1208,0.25,2025-12-25 07:11:00+00:00,0.1209,0.2502069536423841,206.95364238410596,0.020695364238408315,-0.47951158940397576,0.08278145695363326,0.016666666666666666,roc_reversal,0.1209,-0.4118616144975329
604,ZKC-USD,roc_momentum,buy,2025-12-25 07:11:00+00:00,0.1209,0.25,2025-12-25 07:12:00+00:00,0.1209,0.25,206.782464846981,0.0,-0.5,0.0,0.016666666666666666,roc_reversal,0.1209,-0.4118616144975329
605,ZKC-USD,roc_momentum,buy,2025-12-25 07:12:00+00:00,0.1209,0.25,2025-12-25 07:13:00+00:00,0.1203,0.24875930521091813,206.782464846981,-0.12406947890818641,-0.6228287841191046,-0.49627791563274565,0.016666666666666666,roc_reversal,0.1209,-0.4118616144975329
606,ZKC-USD,roc_momentum,buy,2025-12-25 07:13:00+00:00,0.1203,0.25,2025-12-25 07:14:00+00:00,0.1203,0.25,207.8137988362427,0.0,-0.5,0.0,0.016666666666666666,roc_reversal,0.1203,-0.8244023083264662
607,ZKC-USD,roc_momentum,buy,2025-12-25 07:14:00+00:00,0.1203,0.25,2025-12-25 07:15:00+00:00,0.1202,0.24979218620116375,207.8137988362427,-0.020781379883624867,-0.5205735660847887,-0.08312551953449947,0.016666666666666666,roc_reversal,0.1203,-0.4966887417218624
608,ZKC-USD,roc_momentum,buy,2025-12-25 07:15:00+00:00,0.1202,0.25,2025-12-25 07:16:00+00:00,0.1202,0.25,207.98668885191347,0.0,-0.5,0.0,0.016666666666666666,roc_reversal,0.1202,-0.4966887417218624
609,ZKC-USD,roc_momentum,buy,2025-12-25 07:16:00+00:00,0.1202,0.25,2025-12-25 07:17:00+00:00,0.1197,0.24896006655574043,207.98668885191347,-0.10399334442595683,-0.6029534109816973,-0.4159733777038273,0.016666666666666666,roc_reversal,0.1202,-0.5789909015715411
610,ZKC-USD,roc_momentum,buy,2025-12-25 08:12:00+00:00,0.1346,0.25,2025-12-25 08:16:00+00:00,0.14,0.2600297176820208,185.73551263001485,1.0029717682020831,0.4929420505200624,4.0118870728083325,0.06666666666666667,take_profit,0.14,17.154811715481188
611,ZKC-USD,roc_momentum,buy,2025-12-25 08:16:00+00:00,0.14,0.25,2025-12-25 08:17:00+00:00,0.1408,0.25142857142857145,178.57142857142856,0.142857142857142,-0.35857142857142943,0.571428571428568,0.016666666666666666,roc_peak_drop,0.1408,17.154811715481188
612,ZKC-USD,roc_momentum,buy,2025-12-25 08:17:00+00:00,0.1408,0.25,2025-12-25 08:18:00+00:00,0.1376,0.2443181818181818,177.55681818181816,-0.5681818181818197,-1.0625000000000013,-2.2727272727272787,0.016666666666666666,roc_peak_drop,0.1408,4.606240713224374
613,ZKC-USD,roc_momentum,buy,2025-12-25 08:18:00+00:00,0.1376,0.25,2025-12-25 08:19:00+00:00,0.1363,0.24763808139534885,181.6860465116279,-0.23619186046511548,-0.7338299418604644,-0.9447674418604619,0.016666666666666666,roc_peak_drop,0.1376,0.805860805860803
614,ZKC-USD,roc_momentum,buy,2025-12-25 08:19:00+00:00,0.1363,0.25,2025-12-25 08:21:00+00:00,0.1363,0.25,183.4189288334556,0.0,-0.5,0.0,0.03333333333333333,roc_peak_drop,0.1368,0.219780219780219
615,ZKC-USD,roc_momentum,buy,2025-12-25 08:21:00+00:00,0.1363,0.25,2025-12-25 08:22:00+00:00,0.1349,0.2474321349963316,183.4189288334556,-0.2567865003668401,-0.7542186353631717,-1.0271460014673603,0.016666666666666666,roc_reversal,0.1363,-2.642857142857147
616,ZKC-USD,roc_momentum,buy,2025-12-25 08:22:00+00:00,0.1349,0.25,2025-12-25 08:23:00+00:00,0.1346,0.24944403261675316,185.32246108228318,-0.055596738324683974,-0.5550407709414371,-0.2223869532987359,0.016666666666666666,roc_reversal,0.1349,-2.1802325581395388
617,ZKC-USD,roc_momentum,buy,2025-12-25 08:23:00+00:00,0.1346,0.25,2025-12-25 08:24:00+00:00,0.1361,0.2527860326894502,185.73551263001485,0.2786032689450225,-0.2241827637444277,1.11441307578009,0.016666666666666666,roc_reversal,0.1361,-0.14673514306676738
618,ZKC-USD,roc_momentum,buy,2025-12-25 08:24:00+00:00,0.1361,0.25,2025-12-25 08:25:00+00:00,0.1361,0.25,183.68846436443792,0.0,-0.5,0.0,0.016666666666666666,roc_reversal,0.1361,-0.14673514306676738
619,ZKC-USD,roc_momentum,buy,2025-12-25 08:25:00+00:00,0.1361,0.25,2025-12-25 08:28:00+00:00,0.1353,0.2485304922850845,183.68846436443792,-0.14695077149154945,-0.645481263776634,-0.5878030859661978,0.05,roc_peak_drop,0.1372,1.7049666419570064
620,ZKC-USD,roc_momentum,buy,2025-12-25 08:28:00+00:00,0.1353,0.25,2025-12-25 08:29:00+00:00,0.1358,0.2509238728750924,184.77457501847746,0.0923872875092388,-0.4085365853658536,0.3695491500369552,0.016666666666666666,roc_peak_drop,0.1358,0.5200594353640398
621,ZKC-USD,roc_momentum,buy,2025-12-25 08:29:00+00:00,0.1358,0.25,2025-12-25 08:30:00+00:00,0.1335,0.2457658321060383,184.0942562592047,-0.42341678939617017,-0.9191826215022085,-1.6936671575846807,0.016666666666666666,roc_reversal,0.1358,-0.22042615723731895
622,ZKC-USD,roc_momentum,buy,2025-12-25 08:30:00+00:00,0.1335,0.25,2025-12-25 08:31:00+00:00,0.1322,0.24756554307116105,187.26591760299624,-0.24344569288389428,-0.7410112359550554,-0.9737827715355771,0.016666666666666666,roc_reversal,0.1335,-1.9103600293901457
623,ZKC-USD,roc_momentum,buy,2025-12-25 08:31:00+00:00,0.1322,0.25,2025-12-25 08:32:00+00:00,0.1333,0.25208018154311645,189.10741301059,0.20801815431164708,-0.2940620272314694,0.8320726172465883,0.016666666666666666,roc_reversal,0.1333,-2.8425655976676345
624,ZKC-USD,roc_momentum,buy,2025-12-25 08:32:00+00:00,0.1333,0.25,2025-12-25 08:33:00+00:00,0.1333,0.25,187.5468867216804,0.0,-0.5,0.0,0.016666666666666666,roc_reversal,0.1333,-1.4781966001478186
625,ZKC-USD,roc_momentum,buy,2025-12-25 08:33:00+00:00,0.1333,0.25,2025-12-25 08:34:00+00:00,0.1345,0.2522505626406602,187.5468867216804,0.22505626406601775,-0.27719429857464245,0.900225056264071,0.016666666666666666,roc_reversal,0.1345,-0.9572901325478611
626,ZKC-USD,roc_momentum,buy,2025-12-25 08:34:00+00:00,0.1345,0.25,2025-12-25 08:39:00+00:00,0.1346,0.25018587360594796,185.87360594795538,0.01858736059479349,-0.4815985130111544,0.07434944237917396,0.08333333333333333,roc_peak_drop,0.1346,0.9752438109527306
627,ZKC-USD,roc_momentum,buy,2025-12-25 08:39:00+00:00,0.1346,0.25,2025-12-25 08:40:00+00:00,0.133,0.24702823179791977,185.73551263001485,-0.297176820208022,-0.7942050520059417,-1.188707280832088,0.016666666666666666,roc_peak_drop,0.1346,0.07434944237918462
628,ZKC-USD,roc_momentum,buy,2025-12-25 08:40:00+00:00,0.133,0.25,2025-12-25 08:41:00+00:00,0.133,0.25,187.96992481203006,0.0,-0.5,0.0,0.016666666666666666,roc_reversal,0.133,-0.22505626406601476
629,ZKC-USD,roc_momentum,buy,2025-12-25 08:41:00+00:00,0.133,0.25,2025-12-25 08:42:00+00:00,0.1326,0.24924812030075186,187.96992481203006,-0.07518796992481418,-0.5744360902255661,-0.3007518796992567,0.016666666666666666,roc_reversal,0.133,-0.22505626406601476
630,ZKC-USD,roc_momentum,buy,2025-12-25 08:42:00+00:00,0.1326,0.25,2025-12-25 08:43:00+00:00,0.1325,0.2498114630467572,188.5369532428356,-0.018853695324281484,-0.5186651583710387,-0.07541478129712594,0.016666666666666666,roc_reversal,0.1326,-1.4858841010401247
631,ZKC-USD,roc_momentum,buy,2025-12-25 08:43:00+00:00,0.1325,0.25,2025-12-25 08:44:00+00:00,0.1321,0.2492452830188679,188.67924528301887,-0.07547169811320971,-0.5747169811320776,-0.30188679245283884,0.016666666666666666,roc_reversal,0.1325,-1.5601783060921193
632,ZKC-USD,roc_momentum,buy,2025-12-25 08:44:00+00:00,0.1321,0.25,2025-12-25 08:45:00+00:00,0.1314,0.24867524602573807,189.25056775170327,-0.13247539742619346,-0.6311506434519315,-0.5299015897047739,0.016666666666666666,roc_reversal,0.1321,-1.2030075187970057
633,ZKC-USD,roc_momentum,buy,2025-12-25 08:45:00+00:00,0.1314,0.25,2025-12-25 08:46:00+00:00,0.1322,0.25152207001522076,190.25875190258753,0.1522070015220744,-0.34931506849314636,0.6088280060882976,0.016666666666666666,roc_reversal,0.1322,-0.6015037593984918
634,ZKC-USD,roc_momentum,buy,2025-12-25 08:46:00+00:00,0.1322,0.25,2025-12-25 08:47:00+00:00,0.1318,0.2492435703479576,189.10741301059,-0.07564296520423816,-0.5748865355521958,-0.30257186081695264,0.016666666666666666,roc_reversal,0.1322,-0.6015037593984918
635,ZKC-USD,roc_momentum,buy,2025-12-25 08:47:00+00:00,0.1318,0.25,2025-12-25 08:48:00+00:00,0.1318,0.25,189.6813353566009,0.0,-0.5,0.0,0.016666666666666666,roc_reversal,0.1318,-0.5283018867924594
636,ZKC-USD,roc_momentum,buy,2025-12-25 08:48:00+00:00,0.1318,0.25,2025-12-25 08:53:00+00:00,0.1315,0.2494309559939302,189.6813353566009,-0.05690440060697927,-0.5563353566009095,-0.2276176024279171,0.08333333333333333,roc_peak_drop,0.1325,0.5311077389984931
637,ZKC-USD,roc_momentum,buy,2025-12-25 08:53:00+00:00,0.1315,0.25,2025-12-25 08:55:00+00:00,0.1322,0.25133079847908746,190.11406844106463,0.1330798479087464,-0.3682509505703411,0.5323193916349857,0.03333333333333333,roc_peak_drop,0.1333,0.832072617246582
638,ZKC-USD,roc_momentum,buy,2025-12-25 08:55:00+00:00,0.1322,0.25,2025-12-25 08:56:00+00:00,0.1321,0.24981089258698938,189.10741301059,-0.018910741301062167,-0.5187216338880516,-0.07564296520424867,0.016666666666666666,roc_peak_drop,0.1322,0.4559270516717451
639,ZKC-USD,roc_momentum,buy,2025-12-25 08:56:00+00:00,0.1321,0.25,2025-12-25 08:57:00+00:00,0.132,0.24981074943224832,189.25056775170327,-0.01892505677516824,-0.5187358062074165,-0.07570022710067296,0.016666666666666666,roc_reversal,0.1321,-0.22658610271902857
640,ZKC-USD,roc_momentum,buy,2025-12-25 08:57:00+00:00,0.132,0.25,2025-12-25 08:59:00+00:00,0.132,0.25,189.39393939393938,0.0,-0.5,0.0,0.03333333333333333,roc_peak_drop,0.1326,0.8365019011406849
641,ZKC-USD,roc_momentum,buy,2025-12-25 08:59:00+00:00,0.132,0.25,2025-12-25 09:00:00+00:00,0.1321,0.25018939393939393,189.39393939393938,0.01893939393939185,-0.48125000000000207,0.0757575757575674,0.016666666666666666,roc_reversal,0.1321,-0.07564296520424785
642,ZKC-USD,roc_momentum,buy,2025-12-25 09:00:00+00:00,0.1321,0.25,2025-12-25 09:03:00+00:00,0.1327,0.25113550340651025,189.25056775170327,0.1135503406510252,-0.38758516275548505,0.4542013626041008,0.05,roc_peak_drop,0.1328,0.60606060606061
643,ZKC-USD,roc_momentum,buy,2025-12-25 09:03:00+00:00,0.1327,0.25,2025-12-25 09:04:00+00:00,0.1318,0.24830444611906555,188.39487565938205,-0.16955538809344609,-0.6678598342125116,-0.6782215523737843,0.016666666666666666,roc_peak_drop,0.1327,0.07541478129715617
644,ZKC-USD,roc_momentum,buy,2025-12-25 09:04:00+00:00,0.1318,0.25,2025-12-25 09:06:00+00:00,0.1326,0.2515174506828528,189.6813353566009,0.1517450682852798,-0.34977238239757297,0.6069802731411192,0.03333333333333333,roc_peak_drop,0.1326,0.37850113550341735
645,ZKC-USD,roc_momentum,buy,2025-12-25 09:06:00+00:00,0.1326,0.25,2025-12-25 09:07:00+00:00,0.1326,0.25,188.5369532428356,0.0,-0.5,0.0,0.016666666666666666,roc_peak_drop,0.1326,0.07547169811319421
646,ZKC-USD,roc_momentum,buy,2025-12-25 09:07:00+00:00,0.1326,0.25,2025-12-25 09:13:00+00:00,0.1346,0.2537707390648567,188.5369532428356,0.3770739064856715,-0.12669683257918518,1.508295625942686,0.1,roc_peak_drop,0.1365,2.941176470588247
647,ZKC-USD,roc_momentum,buy,2025-12-25 09:13:00+00:00,0.1346,0.25,2025-12-25 09:15:00+00:00,0.1333,0.24758543833580982,185.73551263001485,-0.24145616641901851,-0.7390416047548283,-0.9658246656760741,0.03333333333333333,roc_peak_drop,0.1346,1.2791572610985735
648,ZKC-USD,roc_momentum,buy,2025-12-25 09:15:00+00:00,0.1333,0.25,2025-12-25 09:16:00+00:00,0.1329,0.24924981245311326,187.5468867216804,-0.07501875468867432,-0.5742685671417875,-0.3000750187546973,0.016666666666666666,roc_reversal,0.1333,-1.25925925925926
649,ZKC-USD,roc_momentum,buy,2025-12-25 09:16:00+00:00,0.1329,0.25,2025-12-25 09:17:00+00:00,0.1329,0.25,188.11136192626037,0.0,-0.5,0.0,0.016666666666666666,roc_reversal,0.1329,-1.846381093057614
650,ZKC-USD,roc_momentum,buy,2025-12-25 09:17:00+00:00,0.1329,0.25,2025-12-25 09:18:00+00:00,0.1341,0.25225733634311515,188.11136192626037,0.22573363431151366,-0.2765237020316015,0.9029345372460547,0.016666666666666666,roc_reversal,0.1341,-0.3714710252600284
651,ZKC-USD,roc_momentum,buy,2025-12-25 09:18:00+00:00,0.1341,0.25,2025-12-25 09:19:00+00:00,0.1342,0.25018642803877705,186.42803877703207,0.018642803877706327,-0.4815436241610707,0.07457121551082531,0.016666666666666666,roc_reversal,0.1342,-0.07446016381235099
652,ZKC-USD,roc_momentum,buy,2025-12-25 09:19:00+00:00,0.1342,0.25,2025-12-25 09:24:00+00:00,0.1348,0.2511177347242921,186.2891207153502,0.11177347242920815,-0.38934426229508395,0.4470938897168326,0.08333333333333333,roc_peak_drop,0.1357,1.1931394481730084
653,ZKC-USD,roc_momentum,buy,2025-12-25 09:24:00+00:00,0.1348,0.25,2025-12-25 09:25:00+00:00,0.1341,0.24870178041543026,185.459940652819,-0.12982195845697445,-0.6285237388724046,-0.5192878338278978,0.016666666666666666,roc_peak_drop,0.1348,0.44709388971684305
654,ZKC-USD,roc_momentum,buy,2025-12-25 09:25:00+00:00,0.1341,0.25,2025-12-25 09:28:00+00:00,0.1367,0.25484712900820283,186.42803877703207,0.48471290082028173,-0.020134228187921075,1.938851603281127,0.05,roc_peak_drop,0.1367,1.1194029850746245
655,ZKC-USD,roc_momentum,buy,2025-12-25 09:28:00+00:00,0.1367,0.25,2025-12-25 09:31:00+00:00,0.1356,0.24798829553767376,182.882223847842,-0.20117044623262437,-0.6991587417702981,-0.8046817849304975,0.05,roc_peak_drop,0.1367,0.9694258016405666
656,ZKC-USD,roc_momentum,buy,2025-12-25 09:31:00+00:00,0.1356,0.25,2025-12-25 09:33:00+00:00,0.1352,0.24926253687315633,184.36578171091446,-0.07374631268436789,-0.5730088495575242,-0.29498525073747156,0.03333333333333333,roc_peak_drop,0.1357,0.14760147601473594
657,ZKC-USD,roc_momentum,buy,2025-12-25 09:33:00+00:00,0.1352,0.25,2025-12-25 09:34:00+00:00,0.1353,0.25018491124260356,184.9112426035503,0.01849112426035813,-0.48169378698224546,0.07396449704143251,0.016666666666666666,roc_reversal,0.1353,-0.5878030859661987
658,ZKC-USD,roc_momentum,buy,2025-12-25 09:34:00+00:00,0.1353,0.25,2025-12-25 09:35:00+00:00,0.1348,0.24907612712490762,184.77457501847746,-0.0923872875092388,-0.5914634146341464,-0.3695491500369552,0.016666666666666666,roc_reversal,0.1353,-0.4431314623338234
659,ZKC-USD,roc_momentum,buy,2025-12-25 09:35:00+00:00,0.1348,0.25,2025-12-25 09:36:00+00:00,0.1339,0.24833086053412462,185.459940652819,-0.1669139465875393,-0.6652448071216639,-0.6676557863501572,0.016666666666666666,roc_reversal,0.1348,-0.4431314623338234
660,ZKC-USD,roc_momentum,buy,2025-12-25 09:36:00+00:00,0.1339,0.25,2025-12-25 09:37:00+00:00,0.1336,0.2494398805078417,186.70649738610905,-0.056011949215831726,-0.5554518297236735,-0.2240477968633269,0.016666666666666666,roc_reversal,0.1339,-1.253687315634222
661,ZKC-USD,roc_momentum,buy,2025-12-25 09:37:00+00:00,0.1336,0.25,2025-12-25 09:38:00+00:00,0.1339,0.250561377245509,187.125748502994,0.05613772455089722,-0.44442365269461176,0.22455089820358887,0.016666666666666666,roc_reversal,0.1339,-0.9615384615384581
662,ZKC-USD,roc_momentum,buy,2025-12-25 09:38:00+00:00,0.1339,0.25,2025-12-25 09:39:00+00:00,0.1326,0.24757281553398058,186.70649738610905,-0.24271844660194095,-0.7402912621359216,-0.9708737864077638,0.016666666666666666,roc_reversal,0.1339,-0.9615384615384581
663,ZKC-USD,roc_momentum,buy,2025-12-25 09:39:00+00:00,0.1326,0.25,2025-12-25 09:40:00+00:00,0.1326,0.25,188.5369532428356,0.0,-0.5,0.0,0.016666666666666666,roc_reversal,0.1326,-1.6320474777448135
664,ZKC-USD,roc_momentum,buy,2025-12-25 09:40:00+00:00,0.1326,0.25,2025-12-25 09:41:00+00:00,0.1326,0.25,188.5369532428356,0.0,-0.5,0.0,0.016666666666666666,roc_reversal,0.1326,-0.9708737864077666
665,ZKC-USD,roc_momentum,buy,2025-12-25 09:41:00+00:00,0.1326,0.25,2025-12-25 09:42:00+00:00,0.1326,0.25,188.5369532428356,0.0,-0.5,0.0,0.016666666666666666,roc_reversal,0.1326,-0.7485029940119792
666,ZKC-USD,roc_momentum,buy,2025-12-25 09:42:00+00:00,0.1326,0.25,2025-12-25 09:43:00+00:00,0.1333,0.25131975867269984,188.5369532428356,0.13197586726998609,-0.3693438914027138,0.5279034690799443,0.016666666666666666,roc_reversal,0.1333,-0.44809559372664953
667,ZKC-USD,roc_momentum,buy,2025-12-25 09:43:00+00:00,0.1333,0.25,2025-12-25 09:47:00+00:00,0.1352,0.2535633908477119,187.5468867216804,0.35633908477119,-0.14722430607652193,1.42535633908476,0.06666666666666667,roc_peak_drop,0.1366,3.016591251885381
668,ZKC-USD,roc_momentum,buy,2025-12-25 09:47:00+00:00,0.1352,0.25,2025-12-25 09:50:00+00:00,0.137,0.25332840236686394,184.9112426035503,0.33284023668639495,-0.17048816568046898,1.3313609467455798,0.05,roc_peak_drop,0.137,1.9607843137254832
669,ZKC-USD,roc_momentum,buy,2025-12-25 09:50:00+00:00,0.137,0.25,2025-12-25 09:54:00+00:00,0.1368,0.24963503649635035,182.4817518248175,-0.03649635036496455,-0.5361313868613149,-0.1459854014598582,0.06666666666666667,roc_peak_drop,0.1384,2.366863905325456
670,ZKC-USD,roc_momentum,buy,2025-12-25 09:54:00+00:00,0.1368,0.25,2025-12-25 09:55:00+00:00,0.1373,0.2509137426900585,182.7485380116959,0.09137426900584802,-0.40953947368421045,0.3654970760233921,0.016666666666666666,roc_peak_drop,0.1373,0.588235294117645
671,ZKC-USD,roc_momentum,buy,2025-12-25 09:55:00+00:00,0.1373,0.25,2025-12-25 09:56:00+00:00,0.1378,0.25091041514930806,182.0830298616169,0.09104151493080853,-0.40986890021849953,0.3641660597232341,0.016666666666666666,roc_peak_drop,0.1378,0.21897810218978186
672,ZKC-USD,roc_momentum,buy,2025-12-25 09:56:00+00:00,0.1378,0.25,2025-12-25 09:57:00+00:00,0.1365,0.24764150943396226,181.42235123367198,-0.23584905660377278,-0.7334905660377351,-0.9433962264150911,0.016666666666666666,roc_reversal,0.1378,-0.28943560057885787
673,ZKC-USD,roc_momentum,buy,2025-12-25 09:57:00+00:00,0.1365,0.25,2025-12-25 09:58:00+00:00,0.1362,0.2494505494505494,183.15018315018312,-0.05494505494505906,-0.5543956043956084,-0.21978021978023624,0.016666666666666666,roc_reversal,0.1365,-1.3043478260869712
674,ZKC-USD,roc_momentum,buy,2025-12-25 09:58:00+00:00,0.1362,0.25,2025-12-25 09:59:00+00:00,0.1367,0.25091776798825255,183.55359765051398,0.09177679882525706,-0.4091409691629955,0.36710719530102826,0.016666666666666666,roc_reversal,0.1367,-0.07309941520469154
675,ZKC-USD,roc_momentum,buy,2025-12-25 09:59:00+00:00,0.1367,0.25,2025-12-25 10:00:00+00:00,0.1356,0.24798829553767376,182.882223847842,-0.20117044623262437,-0.6991587417702981,-0.8046817849304975,0.016666666666666666,roc_reversal,0.1367,-0.07309941520469154
676,ZKC-USD,roc_momentum,buy,2025-12-25 10:00:00+00:00,0.1356,0.25,2025-12-25 10:01:00+00:00,0.1356,0.25,184.36578171091446,0.0,-0.5,0.0,0.016666666666666666,roc_reversal,0.1356,-1.238164603059
677,ZKC-USD,roc_momentum,buy,2025-12-25 10:01:00+00:00,0.1356,0.25,2025-12-25 10:02:00+00:00,0.1357,0.2501843657817109,184.36578171091446,0.018436578171089416,-0.4817477876106215,0.07374631268435766,0.016666666666666666,roc_reversal,0.1357,-0.5860805860806062
678,ZKC-USD,roc_momentum,buy,2025-12-25 10:02:00+00:00,0.1357,0.25,2025-12-25 10:03:00+00:00,0.136,0.25055268975681655,184.22991893883568,0.05526897568165484,-0.4452837140751617,0.22107590272661937,0.016666666666666666,roc_reversal,0.136,-0.1468428781203901
679,ZKC-USD,roc_momentum,buy,2025-12-25 10:03:00+00:00,0.136,0.25,2025-12-25 10:04:00+00:00,0.1355,0.24908088235294118,183.8235294117647,-0.09191176470588243,-0.5909926470588236,-0.3676470588235297,0.016666666666666666,roc_reversal,0.136,-0.1468428781203901
680,ZKC-USD,roc_momentum,buy,2025-12-25 10:04:00+00:00,0.1355,0.25,2025-12-25 10:05:00+00:00,0.1351,0.24926199261992618,184.50184501845018,-0.07380073800738218,-0.5730627306273084,-0.29520295202952873,0.016666666666666666,roc_reversal,0.1355,-0.36873156342183133
681,ZKC-USD,roc_momentum,buy,2025-12-25 10:05:00+00:00,0.1351,0.25,2025-12-25 10:06:00+00:00,0.1351,0.25,185.0481125092524,0.0,-0.5,0.0,0.016666666666666666,roc_reversal,0.1351,-0.36873156342183133
682,ZKC-USD,roc_momentum,buy,2025-12-25 10:06:00+00:00,0.1351,0.25,2025-12-25 10:07:00+00:00,0.1348,0.24944485566247226,185.0481125092524,-0.05551443375277475,-0.554959289415247,-0.222057735011099,0.016666666666666666,roc_reversal,0.1351,-0.36873156342183133
683,ZKC-USD,roc_momentum,buy,2025-12-25 10:07:00+00:00,0.1348,0.25,2025-12-25 10:08:00+00:00,0.1344,0.2492581602373887,185.459940652819,-0.07418397626112971,-0.5734421364985184,-0.29673590504451886,0.016666666666666666,roc_reversal,0.1348,-0.6632277081797922
684,ZKC-USD,roc_momentum,buy,2025-12-25 10:08:00+00:00,0.1344,0.25,2025-12-25 10:09:00+00:00,0.1344,0.25,186.01190476190476,0.0,-0.5,0.0,0.016666666666666666,roc_reversal,0.1344,-0.811808118081192
685,ZKC-USD,roc_momentum,buy,2025-12-25 10:09:00+00:00,0.1344,0.25,2025-12-25 10:10:00+00:00,0.1344,0.25,186.01190476190476,0.0,-0.5,0.0,0.016666666666666666,roc_reversal,0.1344,-0.5181347150259086
686,ZKC-USD,roc_momentum,buy,2025-12-25 10:10:00+00:00,0.1344,0.25,2025-12-25 10:14:00+00:00,0.1351,0.25130208333333337,186.01190476190476,0.13020833333333448,-0.37109374999999883,0.5208333333333379,0.06666666666666667,roc_peak_drop,0.1357,0.9672619047619069
687,ZKC-USD,roc_momentum,buy,2025-12-25 10:14:00+00:00,0.1351,0.25,2025-12-25 10:20:00+00:00,0.1371,0.25370096225018507,185.0481125092524,0.37009622501850514,-0.1336047372316799,1.4803849000740206,0.1,roc_peak_drop,0.1371,1.4803849000740277
688,ZKC-USD,roc_momentum,buy,2025-12-25 10:20:00+00:00,0.1371,0.25,2025-12-25 10:21:00+00:00,0.1366,0.24908825674690008,182.34865061998542,-0.09117432530999278,-0.5902625820568929,-0.36469730123997113,0.016666666666666666,roc_peak_drop,0.1371,0.8088235294117618
689,ZKC-USD,roc_momentum,buy,2025-12-25 10:21:00+00:00,0.1366,0.25,2025-12-25 10:22:00+00:00,0.1356,0.24816983894582723,183.01610541727672,-0.1830161054172769,-0.6811859443631041,-0.7320644216691076,0.016666666666666666,roc_reversal,0.1366,-0.21913805697588717
690,ZKC-USD,roc_momentum,buy,2025-12-25 10:22:00+00:00,0.1356,0.25,2025-12-25 10:23:00+00:00,0.1356,0.25,184.36578171091446,0.0,-0.5,0.0,0.016666666666666666,roc_reversal,0.1356,-0.9495982468955444
691,ZKC-USD,roc_momentum,buy,2025-12-25 10:23:00+00:00,0.1356,0.25,2025-12-25 10:24:00+00:00,0.1356,0.25,184.36578171091446,0.0,-0.5,0.0,0.016666666666666666,roc_reversal,0.1356,-1.0940919037199182
692,ZKC-USD,roc_momentum,buy,2025-12-25 10:24:00+00:00,0.1356,0.25,2025-12-25 10:25:00+00:00,0.1348,0.2485250737463127,184.36578171091446,-0.14749262536873067,-0.6460176991150434,-0.5899705014749227,0.016666666666666666,roc_reversal,0.1356,-1.0940919037199182
693,ZKC-USD,roc_momentum,buy,2025-12-25 10:25:00+00:00,0.1348,0.25,2025-12-25 10:26:00+00:00,0.1353,0.2509272997032641,185.459940652819,0.09272997032640957,-0.40819732937685455,0.3709198813056383,0.016666666666666666,roc_reversal,0.1353,-0.9516837481698404
694,ZKC-USD,roc_momentum,buy,2025-12-25 10:26:00+00:00,0.1353,0.25,2025-12-25 10:29:00+00:00,0.137,0.25314116777531415,184.77457501847746,0.314116777531413,-0.18902439024390116,1.256467110125652,0.05,roc_peak_drop,0.1378,1.6224188790560534
695,ZKC-USD,roc_momentum,buy,2025-12-25 10:29:00+00:00,0.137,0.25,2025-12-25 10:32:00+00:00,0.1399,0.25529197080291965,182.4817518248175,0.5291970802919682,0.02390510948904851,2.116788321167873,0.05,roc_peak_drop,0.1399,2.734663710273466
696,ZKC-USD,roc_momentum,buy,2025-12-25 10:32:00+00:00,0.1399,0.25,2025-12-25 10:33:00+00:00,0.1391,0.24857040743388134,178.69907076483202,-0.14295925661186476,-0.6415296640457461,-0.571837026447459,0.016666666666666666,roc_peak_drop,0.1399,1.745454545454539
697,ZKC-USD,roc_momentum,buy,2025-12-25 10:33:00+00:00,0.1391,0.25,2025-12-25 10:35:00+00:00,0.1374,0.2469446441409058,179.72681524083393,-0.3055355859094189,-0.8024802300503248,-1.2221423436376757,0.03333333333333333,roc_peak_drop,0.1391,0.943396226415083
698,ZKC-USD,roc_momentum,buy,2025-12-25 10:35:00+00:00,0.1374,0.25,2025-12-25 10:36:00+00:00,0.1379,0.25090975254730713,181.9505094614265,0.09097525473071333,-0.4099344978165938,0.3639010189228533,0.016666666666666666,roc_reversal,0.1379,-0.5068790731354134
699,ZKC-USD,roc_momentum,buy,2025-12-25 10:36:00+00:00,0.1379,0.25,2025-12-25 10:37:00+00:00,0.1383,0.2507251631617114,181.29079042784628,0.07251631617114059,-0.4282088469905708,0.29006526468456234,0.016666666666666666,roc_reversal,0.1383,-0.791366906474833
700,ZKC-USD,roc_momentum,buy,2025-12-25 10:37:00+00:00,0.1383,0.25,2025-12-25 10:44:00+00:00,0.1437,0.25976138828633405,180.76644974692695,0.9761388286334034,0.4663774403470694,3.9045553145336136,0.11666666666666667,take_profit,0.1437,3.2327586206896575
701,ZKC-USD,roc_momentum,buy,2025-12-25 10:44:00+00:00,0.1437,0.25,2025-12-25 10:46:00+00:00,0.1425,0.24791231732776617,173.97355601948504,-0.2087682672233832,-0.7066805845511493,-0.8350730688935328,0.03333333333333333,roc_peak_drop,0.1437,3.2327586206896575
702,ZKC-USD,roc_momentum,buy,2025-12-25 10:46:00+00:00,0.1425,0.25,2025-12-25 10:47:00+00:00,0.142,0.24912280701754386,175.43859649122808,-0.08771929824561413,-0.5868421052631579,-0.3508771929824565,0.016666666666666666,roc_peak_drop,0.1425,1.7130620985010614
703,ZKC-USD,roc_momentum,buy,2025-12-25 10:47:00+00:00,0.142,0.25,2025-12-25 10:48:00+00:00,0.1434,0.25246478873239436,176.05633802816902,0.24647887323943882,-0.2559859154929556,0.9859154929577553,0.016666666666666666,roc_peak_drop,0.1434,0.5665722379603277
704,ZKC-USD,roc_momentum,buy,2025-12-25 10:48:00+00:00,0.1434,0.25,2025-12-25 10:52:00+00:00,0.1427,0.2487796373779637,174.33751743375174,-0.1220362622036273,-0.620815899581591,-0.4881450488145092,0.06666666666666667,roc_peak_drop,0.1441,0.7719298245614237
705,ZKC-USD,roc_momentum,buy,2025-12-25 10:52:00+00:00,0.1427,0.25,2025-12-25 10:53:00+00:00,0.1423,0.24929922915206731,175.1927119831815,-0.07007708479326975,-0.569376313945337,-0.280308339173079,0.016666666666666666,roc_peak_drop,0.1427,0.4929577464788837
706,ZKC-USD,roc_momentum,buy,2025-12-25 10:53:00+00:00,0.1423,0.25,2025-12-25 10:54:00+00:00,0.1423,0.25,175.6851721714687,0.0,-0.5,0.0,0.016666666666666666,roc_reversal,0.1423,-0.7670850767084958
707,ZKC-USD,roc_momentum,buy,2025-12-25 10:54:00+00:00,0.1423,0.25,2025-12-25 10:55:00+00:00,0.1438,0.25263527758257204,175.6851721714687,0.2635277582572033,-0.23910751932536872,1.0541110330288133,0.016666666666666666,roc_reversal,0.1438,-0.2081887578070707
708,ZKC-USD,roc_momentum,buy,2025-12-25 10:55:00+00:00,0.1438,0.25,2025-12-25 11:03:00+00:00,0.1452,0.2524339360222531,173.85257301808065,0.24339360222531023,-0.25904033379694286,0.9735744089012409,0.13333333333333333,roc_peak_drop,0.1473,2.7196652719665204
709,ZKC-USD,roc_momentum,buy,2025-12-25 11:03:00+00:00,0.1452,0.25,2025-12-25 11:04:00+00:00,0.1448,0.24931129476584024,172.1763085399449,-0.06887052341597516,-0.5681818181818155,-0.27548209366390064,0.016666666666666666,roc_peak_drop,0.1452,1.467505241090139
710,ZKC-USD,roc_momentum,buy,2025-12-25 11:04:00+00:00,0.1448,0.25,2025-12-25 11:05:00+00:00,0.143,0.24689226519337013,172.65193370165744,-0.3107734806629875,-0.8076657458563576,-1.24309392265195,0.016666666666666666,roc_peak_drop,0.1448,0.13831258644536604
711,ZKC-USD,roc_momentum,buy,2025-12-25 11:05:00+00:00,0.143,0.25,2025-12-25 11:06:00+00:00,0.1428,0.24965034965034968,174.82517482517483,-0.034965034965031117,-0.5346153846153808,-0.13986013986012447,0.016666666666666666,roc_reversal,0.143,-1.718213058419249
712,ZKC-USD,roc_momentum,buy,2025-12-25 11:06:00+00:00,0.1428,0.25,2025-12-25 11:07:00+00:00,0.144,0.2521008403361344,175.07002801120447,0.21008403361344166,-0.29201680672269276,0.8403361344537666,0.016666666666666666,roc_reversal,0.144,-2.2403258655804503
713,ZKC-USD,roc_momentum,buy,2025-12-25 11:07:00+00:00,0.144,0.25,2025-12-25 11:08:00+00:00,0.144,0.25,173.61111111111111,0.0,-0.5,0.0,0.016666666666666666,roc_reversal,0.144,-0.8264462809917439
714,ZKC-USD,roc_momentum,buy,2025-12-25 11:08:00+00:00,0.144,0.25,2025-12-25 11:09:00+00:00,0.144,0.25,173.61111111111111,0.0,-0.5,0.0,0.016666666666666666,roc_reversal,0.144,-0.5524861878453247
715,ZKC-USD,roc_momentum,buy,2025-12-25 11:09:00+00:00,0.144,0.25,2025-12-25 11:12:00+00:00,0.1439,0.24982638888888892,173.61111111111111,-0.0173611111111092,-0.5171874999999981,-0.0694444444444368,0.05,roc_peak_drop,0.1441,0.9103641456582601
716,ZKC-USD,roc_momentum,buy,2025-12-25 11:12:00+00:00,0.1439,0.25,2025-12-25 11:13:00+00:00,0.1436,0.24947880472550382,173.73175816539262,-0.05211952744961687,-0.5515983321751207,-0.20847810979846748,0.016666666666666666,roc_reversal,0.1439,-0.0694444444444331
717,ZKC-USD,roc_momentum,buy,2025-12-25 11:13:00+00:00,0.1436,0.25,2025-12-25 11:14:00+00:00,0.1435,0.24982590529247908,174.09470752089135,-0.01740947075209205,-0.5172353760445711,-0.0696378830083682,0.016666666666666666,roc_reversal,0.1436,-0.2777777777777657
718,ZKC-USD,roc_momentum,buy,2025-12-25 11:14:00+00:00,0.1435,0.25,2025-12-25 11:15:00+00:00,0.1429,0.24895470383275264,174.21602787456447,-0.10452961672473685,-0.6034843205574895,-0.4181184668989474,0.016666666666666666,roc_reversal,0.1435,-0.2791346824843055
719,ZKC-USD,roc_momentum,buy,2025-12-25 11:15:00+00:00,0.1429,0.25,2025-12-25 11:16:00+00:00,0.1427,0.24965010496850945,174.9475157452764,-0.034989503149056286,-0.5346396081175657,-0.13995801259622515,0.016666666666666666,roc_reversal,0.1429,-0.2791346824843055
720,ZKC-USD,roc_momentum,buy,2025-12-25 11:16:00+00:00,0.1427,0.25,2025-12-25 11:17:00+00:00,0.1423,0.24929922915206731,175.1927119831815,-0.07007708479326975,-0.569376313945337,-0.280308339173079,0.016666666666666666,roc_reversal,0.1427,-0.9715475364330373
721,ZKC-USD,roc_momentum,buy,2025-12-25 11:17:00+00:00,0.1423,0.25,2025-12-25 11:18:00+00:00,0.1424,0.2501756851721714,175.6851721714687,0.017568517217144936,-0.4826071679550265,0.07027406886857974,0.016666666666666666,roc_reversal,0.1424,-0.8356545961002881
722,ZKC-USD,roc_momentum,buy,2025-12-25 11:18:00+00:00,0.1424,0.25,2025-12-25 11:19:00+00:00,0.1421,0.24947331460674158,175.56179775280899,-0.05266853932584177,-0.5521418539325833,-0.21067415730336708,0.016666666666666666,roc_reversal,0.1424,-0.8356545961002881
723,ZKC-USD,roc_momentum,buy,2025-12-25 11:19:00+00:00,0.1421,0.25,2025-12-25 11:22:00+00:00,0.1436,0.2526389866291344,175.93244194229416,0.26389866291344144,-0.23874032371569295,1.0555946516537658,0.05,roc_peak_drop,0.1447,1.4015416958654603
724,ZKC-USD,roc_momentum,buy,2025-12-25 11:22:00+00:00,0.1436,0.25,2025-12-25 11:25:00+00:00,0.1444,0.2513927576601671,174.09470752089135,0.13927576601671224,-0.3621169916434549,0.557103064066849,0.05,roc_peak_drop,0.1444,1.3370865587614356
725,ZKC-USD,roc_momentum,buy,2025-12-25 11:25:00+00:00,0.1444,0.25,2025-12-25 11:26:00+00:00,0.1439,0.2491343490304709,173.13019390581718,-0.08656509695290866,-0.5856994459833795,-0.34626038781163465,0.016666666666666666,roc_peak_drop,0.1444,0.1386962552011095
726,ZKC-USD,roc_momentum,buy,2025-12-25 11:26:00+00:00,0.1439,0.25,2025-12-25 11:28:00+00:00,0.1427,0.2479152189020153,173.73175816539262,-0.2084781097984723,-0.7063933287004875,-0.8339124391938892,0.03333333333333333,roc_peak_drop,0.1439,0.20891364902506648
727,ZKC-USD,roc_momentum,buy,2025-12-25 11:28:00+00:00,0.1427,0.25,2025-12-25 11:29:00+00:00,0.1427,0.25,175.1927119831815,0.0,-0.5,0.0,0.016666666666666666,roc_reversal,0.1427,-0.9027777777777746
728,ZKC-USD,roc_momentum,buy,2025-12-25 11:29:00+00:00,0.1427,0.25,2025-12-25 11:30:00+00:00,0.1408,0.2466713384723196,175.1927119831815,-0.33286615276804227,-0.8295374912403618,-1.331464611072169,0.016666666666666666,roc_reversal,0.1427,-0.9027777777777746
729,ZKC-USD,roc_momentum,buy,2025-12-25 11:30:00+00:00,0.1408,0.25,2025-12-25 11:31:00+00:00,0.1396,0.24786931818181818,177.55681818181816,-0.213068181818183,-0.7109375000000011,-0.852272727272732,0.016666666666666666,roc_reversal,0.1408,-2.4930747922437657
730,ZKC-USD,roc_momentum,buy,2025-12-25 11:31:00+00:00,0.1396,0.25,2025-12-25 11:32:00+00:00,0.1402,0.2510744985673352,179.0830945558739,0.10744985673352246,-0.39362464183381274,0.42979942693408985,0.016666666666666666,roc_reversal,0.1402,-2.5712300208478145
731,ZKC-USD,roc_momentum,buy,2025-12-25 11:32:00+00:00,0.1402,0.25,2025-12-25 11:33:00+00:00,0.1408,0.2510699001426534,178.3166904422254,0.1069900142653383,-0.3940798858773151,0.4279600570613532,0.016666666666666666,roc_reversal,0.1408,-1.331464611072164
732,ZKC-USD,roc_momentum,buy,2025-12-25 11:33:00+00:00,0.1408,0.25,2025-12-25 11:34:00+00:00,0.1401,0.24875710227272727,177.55681818181816,-0.12428977272727382,-0.6230468750000011,-0.49715909090909527,0.016666666666666666,roc_reversal,0.1408,-1.331464611072164
733,ZKC-USD,roc_momentum,buy,2025-12-25 11:34:00+00:00,0.1401,0.25,2025-12-25 11:35:00+00:00,0.1394,0.24875089221984295,178.4439685938615,-0.12491077801570417,-0.6236616702355471,-0.4996431120628167,0.016666666666666666,roc_reversal,0.1401,-0.9943181818181879
734,ZKC-USD,roc_momentum,buy,2025-12-25 11:35:00+00:00,0.1394,0.25,2025-12-25 11:36:00+00:00,0.1384,0.24820659971305595,179.3400286944046,-0.17934002869440477,-0.6775466284074607,-0.7173601147776191,0.016666666666666666,roc_reversal,0.1394,-0.8595988538682042
735,ZKC-USD,roc_momentum,buy,2025-12-25 11:36:00+00:00,0.1384,0.25,2025-12-25 11:37:00+00:00,0.1375,0.24837427745664742,180.63583815028903,-0.16257225433525727,-0.6609465317919047,-0.6502890173410291,0.016666666666666666,roc_reversal,0.1384,-0.8595988538682042
736,ZKC-USD,roc_momentum,buy,2025-12-25 11:37:00+00:00,0.1375,0.25,2025-12-25 11:38:00+00:00,0.137,0.24909090909090909,181.8181818181818,-0.09090909090909098,-0.5900000000000001,-0.3636363636363639,0.016666666666666666,roc_reversal,0.1375,-1.925820256776023
737,ZKC-USD,roc_momentum,buy,2025-12-25 11:38:00+00:00,0.137,0.25,2025-12-25 11:39:00+00:00,0.1358,0.24781021897810218,182.4817518248175,-0.21897810218978223,-0.7167883211678844,-0.8759124087591289,0.016666666666666666,roc_reversal,0.137,-2.6988636363636354
738,ZKC-USD,roc_momentum,buy,2025-12-25 11:39:00+00:00,0.1358,0.25,2025-12-25 11:40:00+00:00,0.1358,0.25,184.0942562592047,0.0,-0.5,0.0,0.016666666666666666,roc_reversal,0.1358,-2.58249641319942
739,ZKC-USD,roc_momentum,buy,2025-12-25 11:40:00+00:00,0.1358,0.25,2025-12-25 11:41:00+00:00,0.1358,0.25,184.0942562592047,0.0,-0.5,0.0,0.016666666666666666,roc_reversal,0.1358,-1.8786127167629951
740,ZKC-USD,roc_momentum,buy,2025-12-25 11:41:00+00:00,0.1358,0.25,2025-12-25 11:42:00+00:00,0.1358,0.25,184.0942562592047,0.0,-0.5,0.0,0.016666666666666666,roc_reversal,0.1358,-1.2363636363636465
741,ZKC-USD,roc_momentum,buy,2025-12-25 11:42:00+00:00,0.1358,0.25,2025-12-25 11:46:00+00:00,0.1362,0.2507363770250368,184.0942562592047,0.07363770250367888,-0.4270986745213579,0.2945508100147155,0.06666666666666667,roc_peak_drop,0.1374,1.178203240058906
742,ZKC-USD,roc_momentum,buy,2025-12-25 11:46:00+00:00,0.1362,0.25,2025-12-25 11:48:00+00:00,0.1367,0.25091776798825255,183.55359765051398,0.09177679882525706,-0.4091409691629955,0.36710719530102826,0.03333333333333333,roc_peak_drop,0.1367,0.2945508100147265
743,ZKC-USD,roc_momentum,buy,2025-12-25 11:48:00+00:00,0.1367,0.25,2025-12-25 11:49:00+00:00,0.1362,0.2490855888807608,182.882223847842,-0.09144111192392108,-0.5905267008046818,-0.36576444769568434,0.016666666666666666,roc_reversal,0.1367,-0.5094614264919972
744,ZKC-USD,roc_momentum,buy,2025-12-25 11:49:00+00:00,0.1362,0.25,2025-12-25 11:50:00+00:00,0.1361,0.2498164464023495,183.55359765051398,-0.018355359765049376,-0.5181718061673989,-0.0734214390601975,0.016666666666666666,roc_reversal,0.1362,-0.8733624454148492
745,ZKC-USD,roc_momentum,buy,2025-12-25 11:50:00+00:00,0.1361,0.25,2025-12-25 11:53:00+00:00,0.1365,0.25073475385745775,183.68846436443792,0.07347538574577728,-0.4272593681116805,0.2939015429831091,0.05,roc_peak_drop,0.1377,1.1013215859030812
746,ZKC-USD,roc_momentum,buy,2025-12-25 11:53:00+00:00,0.1365,0.25,2025-12-25 11:55:00+00:00,0.1341,0.2456043956043956,183.15018315018312,-0.43956043956044194,-0.9351648351648375,-1.7582417582417678,0.03333333333333333,roc_peak_drop,0.1365,0.22026431718062955
747,ZKC-USD,roc_momentum,buy,2025-12-25 11:55:00+00:00,0.1341,0.25,2025-12-25 11:56:00+00:00,0.1358,0.2531692766592096,186.42803877703207,0.31692766592095584,-0.1862416107382537,1.2677106636838233,0.016666666666666666,roc_reversal,0.1358,-0.8759124087591275
748,ZKC-USD,roc_momentum,buy,2025-12-25 11:56:00+00:00,0.1358,0.25,2025-12-25 11:57:00+00:00,0.1358,0.25,184.0942562592047,0.0,-0.5,0.0,0.016666666666666666,roc_reversal,0.1358,-0.8759124087591275
749,ZKC-USD,roc_momentum,buy,2025-12-25 11:57:00+00:00,0.1358,0.25,2025-12-25 11:58:00+00:00,0.1358,0.25,184.0942562592047,0.0,-0.5,0.0,0.016666666666666666,roc_reversal,0.1358,-0.5128205128205221
750,ZKC-USD,roc_momentum,buy,2025-12-25 11:58:00+00:00,0.1358,0.25,2025-12-25 11:59:00+00:00,0.1358,0.25,184.0942562592047,0.0,-0.5,0.0,0.016666666666666666,roc_reversal,0.1358,-0.5128205128205221
751,ZKC-USD,roc_momentum,buy,2025-12-25 11:59:00+00:00,0.1358,0.25,2025-12-25 12:01:00+00:00,0.1338,0.2463181148748159,184.0942562592047,-0.3681885125184097,-0.8645066273932256,-1.472754050073639,0.03333333333333333,roc_peak_drop,0.1358,0.22371364653244186
752,ZKC-USD,roc_momentum,buy,2025-12-25 12:01:00+00:00,0.1338,0.25,2025-12-25 12:02:00+00:00,0.1335,0.24943946188340807,186.84603886397608,-0.056053811659191835,-0.5554932735425999,-0.22421524663676734,0.016666666666666666,roc_reversal,0.1338,-1.4727540500736436
753,ZKC-USD,roc_momentum,buy,2025-12-25 12:02:00+00:00,0.1335,0.25,2025-12-25 12:03:00+00:00,0.1337,0.250374531835206,187.26591760299624,0.03745318352060032,-0.4629213483146057,0.14981273408240128,0.016666666666666666,roc_reversal,0.1337,-1.546391752577314
754,ZKC-USD,roc_momentum,buy,2025-12-25 12:03:00+00:00,0.1337,0.25,2025-12-25 12:04:00+00:00,0.134,0.2505609573672401,186.9857890800299,0.05609573672400798,-0.4444652206432321,0.22438294689603192,0.016666666666666666,roc_reversal,0.134,-1.3254786450662692
755,ZKC-USD,roc_momentum,buy,2025-12-25 12:04:00+00:00,0.134,0.25,2025-12-25 12:05:00+00:00,0.1334,0.24888059701492535,186.56716417910448,-0.11194029850746588,-0.6108208955223913,-0.44776119402986353,0.016666666666666666,roc_reversal,0.134,-0.7440476190476164
756,ZKC-USD,roc_momentum,buy,2025-12-25 12:05:00+00:00,0.1334,0.25,2025-12-25 12:06:00+00:00,0.1328,0.24887556221889057,187.40629685157424,-0.11244377811094255,-0.6113193403298331,-0.4497751124437702,0.016666666666666666,roc_reversal,0.1334,-0.7440476190476164
757,ZKC-USD,roc_momentum,buy,2025-12-25 12:06:00+00:00,0.1328,0.25,2025-12-25 12:07:00+00:00,0.1333,0.25094126506024095,188.25301204819277,0.09412650602409647,-0.4068147590361445,0.3765060240963859,0.016666666666666666,roc_reversal,0.1333,-0.1498127340823996
758,ZKC-USD,roc_momentum,buy,2025-12-25 12:07:00+00:00,0.1333,0.25,2025-12-25 12:08:00+00:00,0.1333,0.25,187.5468867216804,0.0,-0.5,0.0,0.016666666666666666,roc_reversal,0.1333,-0.1498127340823996
759,ZKC-USD,roc_momentum,buy,2025-12-25 12:08:00+00:00,0.1333,0.25,2025-12-25 12:09:00+00:00,0.1333,0.25,187.5468867216804,0.0,-0.5,0.0,0.016666666666666666,roc_reversal,0.1333,-0.29917726252806087
760,ZKC-USD,roc_momentum,buy,2025-12-25 12:09:00+00:00,0.1333,0.25,2025-12-25 12:10:00+00:00,0.1332,0.24981245311327835,187.5468867216804,-0.018754688672165978,-0.5185671417854443,-0.07501875468866391,0.016666666666666666,roc_reversal,0.1333,-0.14992503748124664
761,ZKC-USD,roc_momentum,buy,2025-12-25 12:10:00+00:00,0.1332,0.25,2025-12-25 12:12:00+00:00,0.1333,0.2501876876876877,187.68768768768766,0.0187687687687667,-0.48141891891892097,0.0750750750750668,0.03333333333333333,roc_peak_drop,0.1333,0.3765060240963791
762,ZKC-USD,roc_momentum,buy,2025-12-25 12:12:00+00:00,0.1333,0.25,2025-12-25 12:16:00+00:00,0.1332,0.24981245311327835,187.5468867216804,-0.018754688672165978,-0.5185671417854443,-0.07501875468866391,0.06666666666666667,roc_peak_drop,0.1333,0.07507507507507061
763,ZKC-USD,roc_momentum,buy,2025-12-25 12:16:00+00:00,0.1332,0.25,2025-12-25 12:17:00+00:00,0.1332,0.25,187.68768768768766,0.0,-0.5,0.0,0.016666666666666666,roc_reversal,0.1332,-0.07501875468866048
764,ZKC-USD,roc_momentum,buy,2025-12-25 12:17:00+00:00,0.1332,0.25,2025-12-25 12:18:00+00:00,0.133,0.24962462462462462,187.68768768768766,-0.03753753753753861,-0.5371621621621632,-0.15015015015015443,0.016666666666666666,roc_reversal,0.1332,-0.07501875468866048
765,ZKC-USD,roc_momentum,buy,2025-12-25 12:18:00+00:00,0.133,0.25,2025-12-25 12:21:00+00:00,0.1332,0.2503759398496241,187.96992481203006,0.03759398496240709,-0.46278195488721696,0.15037593984962835,0.05,roc_peak_drop,0.134,0.5251312828207011
766,ZKC-USD,roc_momentum,buy,2025-12-25 12:21:00+00:00,0.1332,0.25,2025-12-25 12:23:00+00:00,0.1324,0.24849849849849845,187.68768768768766,-0.15015015015015443,-0.6486486486486529,-0.6006006006006177,0.03333333333333333,roc_reversal,0.1332,
767,ZKC-USD,roc_momentum,buy,2025-12-25 12:23:00+00:00,0.1324,0.25,2025-12-25 12:24:00+00:00,0.1325,0.25018882175226587,188.82175226586105,0.018882175226589266,-0.4813066465256766,0.07552870090635706,0.016666666666666666,roc_reversal,0.1325,-0.4511278195488799
768,ZKC-USD,roc_momentum,buy,2025-12-25 12:24:00+00:00,0.1325,0.25,2025-12-25 12:25:00+00:00,0.133,0.2509433962264151,188.67924528301887,0.09433962264150951,-0.40660377358490557,0.37735849056603804,0.016666666666666666,roc_reversal,0.133,-0.6746626686656598
769,ZKC-USD,roc_momentum,buy,2025-12-25 12:25:00+00:00,0.133,0.25,2025-12-25 12:26:00+00:00,0.1319,0.24793233082706764,187.96992481203006,-0.20676691729323637,-0.704699248120304,-0.8270676691729455,0.016666666666666666,roc_reversal,0.133,-0.7462686567164201
770,ZKC-USD,roc_momentum,buy,2025-12-25 12:26:00+00:00,0.1319,0.25,2025-12-25 12:27:00+00:00,0.1319,0.25,189.53752843062927,0.0,-0.5,0.0,0.016666666666666666,roc_reversal,0.1319,-0.9759759759759956
771,ZKC-USD,roc_momentum,buy,2025-12-25 12:27:00+00:00,0.1319,0.25,2025-12-25 12:28:00+00:00,0.132,0.25018953752843065,189.53752843062927,0.0189537528430661,-0.48123578468536454,0.0758150113722644,0.016666666666666666,roc_reversal,0.132,-0.302114803625364
772,ZKC-USD,roc_momentum,buy,2025-12-25 12:28:00+00:00,0.132,0.25,2025-12-25 12:29:00+00:00,0.1317,0.2494318181818182,189.39393939393938,-0.05681818181818082,-0.556249999999999,-0.22727272727272327,0.016666666666666666,roc_reversal,0.132,-0.302114803625364
773,ZKC-USD,roc_momentum,buy,2025-12-25 12:29:00+00:00,0.1317,0.25,2025-12-25 12:30:00+00:00,0.1316,0.24981017463933178,189.82536066818525,-0.018982536066821702,-0.5187927107061535,-0.07593014426728681,0.016666666666666666,roc_reversal,0.1317,-0.6037735849056536
774,ZKC-USD,roc_momentum,buy,2025-12-25 12:30:00+00:00,0.1316,0.25,2025-12-25 12:31:00+00:00,0.1314,0.24962006079027355,189.9696048632219,-0.037993920972645465,-0.537613981762919,-0.15197568389058186,0.016666666666666666,roc_reversal,0.1316,-0.37907505686125553
775,ZKC-USD,roc_momentum,buy,2025-12-25 12:31:00+00:00,0.1314,0.25,2025-12-25 12:32:00+00:00,0.1317,0.2505707762557078,190.25875190258753,0.057077625570780534,-0.4434931506849273,0.22831050228312214,0.016666666666666666,roc_reversal,0.1317,-0.15163002274448667
776,ZKC-USD,roc_momentum,buy,2025-12-25 12:32:00+00:00,0.1317,0.25,2025-12-25 12:33:00+00:00,0.1317,0.25,189.82536066818525,0.0,-0.5,0.0,0.016666666666666666,roc_reversal,0.1317,-0.15163002274448667
777,ZKC-USD,roc_momentum,buy,2025-12-25 12:33:00+00:00,0.1317,0.25,2025-12-25 12:37:00+00:00,0.1314,0.2494305239179954,189.82536066818525,-0.05694760820045984,-0.5563781321184552,-0.22779043280183936,0.06666666666666667,roc_peak_drop,0.1319,0.3044140030441511
778,ZKC-USD,roc_momentum,buy,2025-12-25 12:37:00+00:00,0.1314,0.25,2025-12-25 12:38:00+00:00,0.1314,0.25,190.25875190258753,0.0,-0.5,0.0,0.016666666666666666,roc_reversal,0.1314,-0.2277904328018443
779,ZKC-USD,roc_momentum,buy,2025-12-25 12:38:00+00:00,0.1314,0.25,2025-12-25 12:39:00+00:00,0.1303,0.24790715372907154,190.25875190258753,-0.20928462709284437,-0.7071917808219159,-0.8371385083713775,0.016666666666666666,roc_reversal,0.1314,-0.2277904328018443
780,ZKC-USD,roc_momentum,buy,2025-12-25 12:39:00+00:00,0.1303,0.25,2025-12-25 12:40:00+00:00,0.1303,0.25,191.8649270913277,0.0,-0.5,0.0,0.016666666666666666,roc_reversal,0.1303,-1.2130401819560155
781,ZKC-USD,roc_momentum,buy,2025-12-25 12:40:00+00:00,0.1303,0.25,2025-12-25 12:41:00+00:00,0.13,0.24942440521872603,191.8649270913277,-0.0575594781273973,-0.5569838833461234,-0.2302379125095892,0.016666666666666666,roc_reversal,0.1303,-1.2130401819560155
782,ZKC-USD,roc_momentum,buy,2025-12-25 12:41:00+00:00,0.13,0.25,2025-12-25 12:42:00+00:00,0.13,0.25,192.3076923076923,0.0,-0.5,0.0,0.016666666666666666,roc_reversal,0.13,-1.0654490106544734
783,ZKC-USD,roc_momentum,buy,2025-12-25 12:42:00+00:00,0.13,0.25,2025-12-25 12:43:00+00:00,0.1295,0.24903846153846154,192.3076923076923,-0.09615384615384624,-0.5951923076923078,-0.38461538461538497,0.016666666666666666,roc_reversal,0.13,-1.0654490106544734
784,ZKC-USD,roc_momentum,buy,2025-12-25 12:43:00+00:00,0.1295,0.25,2025-12-25 12:44:00+00:00,0.1295,0.25,193.05019305019303,0.0,-0.5,0.0,0.016666666666666666,roc_reversal,0.1295,-0.6139677666922472
785,ZKC-USD,roc_momentum,buy,2025-12-25 12:44:00+00:00,0.1295,0.25,2025-12-25 12:45:00+00:00,0.1295,0.25,193.05019305019303,0.0,-0.5,0.0,0.016666666666666666,roc_reversal,0.1295,-0.6139677666922472
786,ZKC-USD,roc_momentum,buy,2025-12-25 12:45:00+00:00,0.1295,0.25,2025-12-25 12:46:00+00:00,0.1298,0.2505791505791506,193.05019305019303,0.05791505791505689,-0.4426640926640937,0.23166023166022756,0.016666666666666666,roc_reversal,0.1298,-0.15384615384615996
787,ZKC-USD,roc_momentum,buy,2025-12-25 12:46:00+00:00,0.1298,0.25,2025-12-25 12:47:00+00:00,0.1298,0.25,192.6040061633282,0.0,-0.5,0.0,0.016666666666666666,roc_reversal,0.1298,-0.15384615384615996
788,ZKC-USD,roc_momentum,buy,2025-12-25 12:47:00+00:00,0.1298,0.25,2025-12-25 12:55:00+00:00,0.1306,0.2515408320493066,192.6040061633282,0.15408320493066163,-0.347457627118645,0.6163328197226465,0.13333333333333333,roc_peak_drop,0.1309,0.8474576271186418
789,ZKC-USD,roc_momentum,buy,2025-12-25 12:55:00+00:00,0.1306,0.25,2025-12-25 12:57:00+00:00,0.131,0.2507656967840735,191.42419601837673,0.07656967840735289,-0.42419601837672066,0.30627871362941156,0.03333333333333333,roc_peak_drop,0.131,0.3843197540353671
790,ZKC-USD,roc_momentum,buy,2025-12-25 12:57:00+00:00,0.131,0.25,2025-12-25 13:00:00+00:00,0.1312,0.250381679389313,190.83969465648855,0.0381679389312988,-0.46221374045801417,0.1526717557251952,0.05,roc_peak_drop,0.1318,0.6875477463712754
791,WET-USD,roc_momentum,buy,2025-12-25 14:29:00+00:00,0.222,0.25,2025-12-25 14:33:00+00:00,0.2199,0.24763513513513516,112.61261261261261,-0.23648648648648543,-0.7341216216216205,-0.9459459459459417,0.06666666666666667,roc_peak_drop,0.2237,2.104300091491318
792,WET-USD,roc_momentum,buy,2025-12-25 14:35:00+00:00,0.2233,0.25,2025-12-25 14:36:00+00:00,0.2229,0.24955217196596505,111.95700850873264,-0.044782803403494345,-0.5443349753694594,-0.17913121361397738,0.016666666666666666,roc_peak_drop,0.2233,0.044802867383508804
793,WET-USD,roc_momentum,buy,2025-12-25 14:36:00+00:00,0.2229,0.25,2025-12-25 14:37:00+00:00,0.222,0.2489905787348587,112.15791834903546,-0.10094212651413012,-0.5999327052489888,-0.4037685060565205,0.016666666666666666,roc_reversal,0.2229,-0.04484304932735883
794,WET-USD,roc_momentum,buy,2025-12-25 14:37:00+00:00,0.222,0.25,2025-12-25 14:39:00+00:00,0.2217,0.24966216216216217,112.61261261261261,-0.03378378378378319,-0.5334459459459454,-0.13513513513513276,0.03333333333333333,roc_peak_drop,0.222,0.5911778080945895
795,WET-USD,roc_momentum,buy,2025-12-25 14:39:00+00:00,0.2217,0.25,2025-12-25 14:40:00+00:00,0.2215,0.24977447000451058,112.76499774470004,-0.022552999548940654,-0.5223274695534512,-0.09021199819576262,0.016666666666666666,roc_peak_drop,0.2217,0.3621548211860448
796,WET-USD,roc_momentum,buy,2025-12-25 14:40:00+00:00,0.2215,0.25,2025-12-25 14:41:00+00:00,0.22,0.24830699774266365,112.86681715575621,-0.16930022573363446,-0.6676072234762981,-0.6772009029345378,0.016666666666666666,roc_reversal,0.2215,-0.8060904612628761
797,WET-USD,roc_momentum,buy,2025-12-25 14:44:00+00:00,0.2227,0.25,2025-12-25 14:47:00+00:00,0.2245,0.2520206555904805,112.2586439155815,0.20206555904804624,-0.29995509654243424,0.808262236192185,0.05,roc_peak_drop,0.2256,2.5454545454545396
798,WET-USD,roc_momentum,buy,2025-12-25 14:47:00+00:00,0.2245,0.25,2025-12-25 14:50:00+00:00,0.2251,0.25066815144766147,111.35857461024499,0.06681514476614582,-0.43385300668151566,0.2672605790645833,0.05,roc_peak_drop,0.2265,1.7679057116953834
799,WET-USD,roc_momentum,buy,2025-12-25 14:50:00+00:00,0.2251,0.25,2025-12-25 14:51:00+00:00,0.2255,0.2504442470013328,111.06175033318526,0.044424700133275374,-0.4560195468680574,0.1776988005331015,0.016666666666666666,roc_peak_drop,0.2255,0.8512544802867339
800,WET-USD,roc_momentum,buy,2025-12-25 14:51:00+00:00,0.2255,0.25,2025-12-25 14:53:00+00:00,0.2258,0.25033259423503323,110.86474501108647,0.03325942350332536,-0.4670731707317079,0.13303769401330143,0.03333333333333333,roc_peak_drop,0.226,0.6681514476614803
801,WET-USD,roc_momentum,buy,2025-12-25 14:53:00+00:00,0.2258,0.25,2025-12-25 14:54:00+00:00,0.2245,0.24856067316209035,110.71744906997343,-0.14393268379096497,-0.6424933569530553,-0.5757307351638599,0.016666666666666666,roc_peak_drop,0.2258,0.40017785682526785
802,WET-USD,roc_momentum,buy,2025-12-25 14:54:00+00:00,0.2245,0.25,2025-12-25 14:55:00+00:00,0.2243,0.2497772828507795,111.35857461024499,-0.022271714922049636,-0.5220489977728291,-0.08908685968819854,0.016666666666666666,roc_reversal,0.2245,-0.35539760106618745
803,WET-USD,roc_momentum,buy,2025-12-25 14:55:00+00:00,0.2243,0.25,2025-12-25 14:56:00+00:00,0.2239,0.2495541685242978,111.45786892554614,-0.044583147570219736,-0.5441373160945175,-0.17833259028087894,0.016666666666666666,roc_reversal,0.2243,-0.35539760106618745
804,WET-USD,roc_momentum,buy,2025-12-25 14:56:00+00:00,0.2239,0.25,2025-12-25 14:57:00+00:00,0.2223,0.2482134881643591,111.65698972755695,-0.17865118356409004,-0.6768646717284491,-0.7146047342563602,0.016666666666666666,roc_reversal,0.2239,-0.7095343680709632
805,WET-USD,roc_momentum,buy,2025-12-25 14:57:00+00:00,0.2223,0.25,2025-12-25 14:58:00+00:00,0.2223,0.25,112.46063877642825,0.0,-0.5,0.0,0.016666666666666666,roc_reversal,0.2223,-1.5500442869796238
806,WET-USD,roc_momentum,buy,2025-12-25 14:58:00+00:00,0.2223,0.25,2025-12-25 14:59:00+00:00,0.2241,0.2520242914979757,112.46063877642825,0.2024291497975704,-0.2995951417004053,0.8097165991902816,0.016666666666666666,roc_reversal,0.2241,-0.17817371937639548
807,WET-USD,roc_momentum,buy,2025-12-25 14:59:00+00:00,0.2241,0.25,2025-12-25 15:03:00+00:00,0.2232,0.248995983935743,111.55734047300312,-0.10040160642570105,-0.599397590361444,-0.4016064257028042,0.06666666666666667,roc_peak_drop,0.2259,0.8932559178204569
808,WET-USD,roc_momentum,buy,2025-12-25 15:03:00+00:00,0.2232,0.25,2025-12-25 15:04:00+00:00,0.2233,0.25011200716845877,112.00716845878135,0.011200716845876903,-0.48891129032258185,0.04480286738350761,0.016666666666666666,roc_peak_drop,0.2233,0.4048582995951566
809,WET-USD,roc_momentum,buy,2025-12-25 15:04:00+00:00,0.2233,0.25,2025-12-25 15:05:00+00:00,0.2225,0.24910434393193015,111.95700850873264,-0.08956560680698558,-0.5886699507389157,-0.3582624272279423,0.016666666666666666,roc_reversal,0.2233,-0.35698348951360703
810,WET-USD,roc_momentum,buy,2025-12-25 15:05:00+00:00,0.2225,0.25,2025-12-25 15:06:00+00:00,0.2219,0.2493258426966292,112.35955056179775,-0.06741573033708058,-0.5667415730337098,-0.2696629213483223,0.016666666666666666,roc_reversal,0.2225,-1.3303769401330379
811,WET-USD,roc_momentum,buy,2025-12-25 15:06:00+00:00,0.2219,0.25,2025-12-25 15:07:00+00:00,0.2227,0.2509013068949978,112.66336187471835,0.09013068949977726,-0.4107706173952205,0.36052275799910904,0.016666666666666666,roc_reversal,0.2227,-0.4470272686633914
812,WET-USD,roc_momentum,buy,2025-12-25 15:07:00+00:00,0.2227,0.25,2025-12-25 15:08:00+00:00,0.2219,0.24910193084867532,112.2586439155815,-0.08980691513246777,-0.5889088459811431,-0.3592276605298711,0.016666666666666666,roc_reversal,0.2227,-0.4470272686633914
813,WET-USD,roc_momentum,buy,2025-12-25 15:08:00+00:00,0.2219,0.25,2025-12-25 15:09:00+00:00,0.2227,0.2509013068949978,112.66336187471835,0.09013068949977726,-0.4107706173952205,0.36052275799910904,0.016666666666666666,roc_reversal,0.2227,-0.268696820420955
814,WET-USD,roc_momentum,buy,2025-12-25 15:09:00+00:00,0.2227,0.25,2025-12-25 15:12:00+00:00,0.2237,0.2511225864391558,112.2586439155815,0.1122586439155816,-0.3888639425235742,0.4490345756623264,0.05,roc_peak_drop,0.2237,0.8111762054979765
815,WET-USD,roc_momentum,buy,2025-12-25 15:12:00+00:00,0.2237,0.25,2025-12-25 15:14:00+00:00,0.2237,0.25,111.75681716584711,0.0,-0.5,0.0,0.03333333333333333,roc_peak_drop,0.2239,0.9013068949977443
816,WET-USD,roc_momentum,buy,2025-12-25 15:14:00+00:00,0.2237,0.25,2025-12-25 15:15:00+00:00,0.2227,0.24888243182834152,111.75681716584711,-0.1117568171658472,-0.6106392489941888,-0.4470272686633888,0.016666666666666666,roc_peak_drop,0.2237,0.4490345756623215
817,WET-USD,roc_momentum,buy,2025-12-25 15:15:00+00:00,0.2227,0.25,2025-12-25 15:16:00+00:00,0.2231,0.2504490345756623,112.2586439155815,0.04490345756623077,-0.45554557700943155,0.17961383026492309,0.016666666666666666,roc_reversal,0.2231,-0.26821636119803705
818,WET-USD,roc_momentum,buy,2025-12-25 15:16:00+00:00,0.2231,0.25,2025-12-25 15:19:00+00:00,0.2243,0.251344688480502,112.05737337516808,0.13446884805020246,-0.3668758404302996,0.5378753922008098,0.05,roc_peak_drop,0.2248,0.40196516301920227
819,WET-USD,roc_momentum,buy,2025-12-25 15:19:00+00:00,0.2243,0.25,2025-12-25 15:22:00+00:00,0.2239,0.2495541685242978,111.45786892554614,-0.044583147570219736,-0.5441373160945175,-0.17833259028087894,0.05,roc_peak_drop,0.2245,0.7633587786259444
820,WET-USD,roc_momentum,buy,2025-12-25 15:22:00+00:00,0.2239,0.25,2025-12-25 15:23:00+00:00,0.2233,0.24933005806163466,111.65698972755695,-0.06699419383653299,-0.5663242518981677,-0.26797677534613196,0.016666666666666666,roc_reversal,0.2239,-0.178332590280883
821,WET-USD,roc_momentum,buy,2025-12-25 15:23:00+00:00,0.2233,0.25,2025-12-25 15:24:00+00:00,0.2233,0.25,111.95700850873264,0.0,-0.5,0.0,0.016666666666666666,roc_reversal,0.2233,-0.4458314757021853
822,WET-USD,roc_momentum,buy,2025-12-25 15:24:00+00:00,0.2233,0.25,2025-12-25 15:25:00+00:00,0.2233,0.25,111.95700850873264,0.0,-0.5,0.0,0.016666666666666666,roc_reversal,0.2233,-0.4458314757021853
823,WET-USD,roc_momentum,buy,2025-12-25 15:25:00+00:00,0.2233,0.25,2025-12-25 15:26:00+00:00,0.2236,0.2503358710255262,111.95700850873264,0.0335871025526192,-0.46674876847290697,0.1343484102104768,0.016666666666666666,roc_reversal,0.2236,-0.4008908685968926
824,WET-USD,roc_momentum,buy,2025-12-25 15:26:00+00:00,0.2236,0.25,2025-12-25 15:27:00+00:00,0.2231,0.24944096601073346,111.80679785330949,-0.055903398926654795,-0.5553443649373883,-0.22361359570661918,0.016666666666666666,roc_reversal,0.2236,-0.3573023671281761
825,WET-USD,roc_momentum,buy,2025-12-25 15:27:00+00:00,0.2231,0.25,2025-12-25 15:28:00+00:00,0.2227,0.24955177050649935,112.05737337516808,-0.04482294935006541,-0.5443747198565647,-0.17929179740026163,0.016666666666666666,roc_reversal,0.2231,-0.268696820420955
826,WET-USD,roc_momentum,buy,2025-12-25 15:28:00+00:00,0.2227,0.25,2025-12-25 15:29:00+00:00,0.2227,0.25,112.2586439155815,0.0,-0.5,0.0,0.016666666666666666,roc_reversal,0.2227,-0.268696820420955
827,WET-USD,roc_momentum,buy,2025-12-25 15:29:00+00:00,0.2227,0.25,2025-12-25 15:30:00+00:00,0.2224,0.24966322406825323,112.2586439155815,-0.03367759317467697,-0.5333408172429303,-0.1347103726987079,0.016666666666666666,roc_reversal,0.2227,-0.268696820420955
828,WET-USD,roc_momentum,buy,2025-12-25 15:30:00+00:00,0.2224,0.25,2025-12-25 15:31:00+00:00,0.2217,0.2492131294964029,112.41007194244605,-0.07868705035970981,-0.5779001798561128,-0.31474820143883925,0.016666666666666666,roc_reversal,0.2224,-0.40304523063143805
829,WET-USD,roc_momentum,buy,2025-12-25 15:31:00+00:00,0.2217,0.25,2025-12-25 15:32:00+00:00,0.221,0.2492106450157871,112.76499774470004,-0.07893549842129073,-0.5781461434370778,-0.3157419936851629,0.016666666666666666,roc_reversal,0.2217,-0.8497316636851493
830,WET-USD,roc_momentum,buy,2025-12-25 15:36:00+00:00,0.2219,0.25,2025-12-25 15:41:00+00:00,0.2221,0.2502253267237494,112.66336187471835,0.022532672374944315,-0.47769265434880515,0.09013068949977726,0.08333333333333333,roc_peak_drop,0.2226,0.6329113924050667
831,WET-USD,roc_momentum,buy,2025-12-25 16:00:00+00:00,0.2237,0.25,2025-12-25 16:01:00+00:00,0.2231,0.2493294590970049,111.75681716584711,-0.06705409029951019,-0.5663835493965151,-0.26821636119804076,0.016666666666666666,roc_peak_drop,0.2237,0.8111762054979765
832,WET-USD,roc_momentum,buy,2025-12-25 16:01:00+00:00,0.2231,0.25,2025-12-25 16:02:00+00:00,0.2225,0.249327655759749,112.05737337516808,-0.06723442402509967,-0.5665620797848486,-0.2689376961003987,0.016666666666666666,roc_peak_drop,0.2231,0.3598740440845738
833,WET-USD,roc_momentum,buy,2025-12-25 16:03:00+00:00,0.223,0.25,2025-12-25 16:04:00+00:00,0.2228,0.24977578475336323,112.10762331838565,-0.02242152466367777,-0.522197309417041,-0.08968609865471108,0.016666666666666666,roc_peak_drop,0.223,0.45045045045044585
834,WET-USD,roc_momentum,buy,2025-12-25 16:08:00+00:00,0.2239,0.25,2025-12-25 16:15:00+00:00,0.2245,0.25066994193836534,111.65698972755695,0.06699419383653608,-0.4336757481018293,0.26797677534614434,0.11666666666666667,roc_peak_drop,0.2253,0.8100810081008047
835,WET-USD,roc_momentum,buy,2025-12-25 16:23:00+00:00,0.2272,0.25,2025-12-25 16:28:00+00:00,0.2288,0.2517605633802817,110.03521126760563,0.17605633802816795,-0.32570422535211374,0.7042253521126718,0.08333333333333333,roc_peak_drop,0.2299,2.6339285714285676
836,WET-USD,roc_momentum,buy,2025-12-25 16:28:00+00:00,0.2288,0.25,2025-12-25 16:29:00+00:00,0.2279,0.24901660839160839,109.26573426573427,-0.09833916083916214,-0.5973557692307705,-0.39335664335664855,0.016666666666666666,roc_peak_drop,0.2288,0.7042253521126751
837,WET-USD,roc_momentum,buy,2025-12-25 16:30:00+00:00,0.2299,0.25,2025-12-25 16:31:00+00:00,0.2295,0.24956502827316226,108.74293170943889,-0.04349717268377378,-0.543062200956936,-0.17398869073509513,0.016666666666666666,roc_peak_drop,0.2299,0.13066202090592505
838,WET-USD,roc_momentum,buy,2025-12-25 16:31:00+00:00,0.2295,0.25,2025-12-25 16:33:00+00:00,0.2287,0.24912854030501086,108.93246187363835,-0.08714596949891316,-0.586274509803924,-0.34858387799565266,0.03333333333333333,roc_peak_drop,0.2295,0.04359197907586321
839,ALEPH-USD,roc_momentum,buy,2025-12-25 16:32:00+00:00,0.0387,0.25,2025-12-25 16:35:00+00:00,0.0377,0.24354005167958656,645.9948320413437,-0.6459948320413442,-1.139534883720931,-2.583979328165377,0.05,roc_peak_drop,0.0388,5.722070844686633
840,WET-USD,roc_momentum,buy,2025-12-25 16:33:00+00:00,0.2287,0.25,2025-12-25 16:35:00+00:00,0.2278,0.2490161783996502,109.31351114997814,-0.0983821600349786,-0.5973983384346289,-0.3935286401399144,0.03333333333333333,roc_peak_drop,0.2287,0.2632733655111963
841,ALEPH-USD,roc_momentum,buy,2025-12-25 16:35:00+00:00,0.0377,0.25,2025-12-25 16:36:00+00:00,0.0375,0.2486737400530504,663.1299734748011,-0.13262599469495942,-0.6312997347480098,-0.5305039787798377,0.016666666666666666,roc_peak_drop,0.0377,3.287671232876721
842,WET-USD,roc_momentum,buy,2025-12-25 16:35:00+00:00,0.2278,0.25,2025-12-25 16:36:00+00:00,0.2281,0.25032923617208075,109.74539069359086,0.03292361720807668,-0.46740561896400407,0.13169446883230673,0.016666666666666666,roc_reversal,0.2281,-0.6100217864923763
843,ALEPH-USD,roc_momentum,buy,2025-12-25 16:36:00+00:00,0.0375,0.25,2025-12-25 16:37:00+00:00,0.0376,0.2506666666666667,666.6666666666667,0.06666666666666858,-0.4339999999999981,0.2666666666666743,0.016666666666666666,roc_reversal,0.0376,
844,WET-USD,roc_momentum,buy,2025-12-25 16:36:00+00:00,0.2281,0.25,2025-12-25 16:37:00+00:00,0.2283,0.25021920210434023,109.60105217010083,0.021920210434020794,-0.4782989916703194,0.08768084173608318,0.016666666666666666,roc_reversal,0.2283,-0.5228758169934622
845,WET-USD,roc_momentum,buy,2025-12-25 16:37:00+00:00,0.2283,0.25,2025-12-25 16:38:00+00:00,0.228,0.24967148488830487,109.50503723171266,-0.032851511169513216,-0.532522996057818,-0.13140604467805286,0.016666666666666666,roc_reversal,0.2283,-0.3060778312199308
846,ALEPH-USD,roc_momentum,buy,2025-12-25 16:37:00+00:00,0.0376,0.25,2025-12-25 16:39:00+00:00,0.0379,0.25199468085106386,664.8936170212766,0.19946808510638406,-0.30252659574467977,0.7978723404255362,0.03333333333333333,roc_peak_drop,0.0386,0.25974025974027093
847,WET-USD,roc_momentum,buy,2025-12-25 16:38:00+00:00,0.228,0.25,2025-12-25 16:39:00+00:00,0.2282,0.250219298245614,109.64912280701753,0.021929824561401093,-0.47828947368421293,0.08771929824560437,0.016666666666666666,roc_reversal,0.2282,-0.13129102844640084
848,WET-USD,roc_momentum,buy,2025-12-25 16:39:00+00:00,0.2282,0.25,2025-12-25 16:41:00+00:00,0.2272,0.2489044697633655,109.55302366345312,-0.10955302366345017,-0.6084574934268157,-0.4382120946538007,0.03333333333333333,roc_reversal,0.2282,
849,ALEPH-USD,roc_momentum,buy,2025-12-25 16:39:00+00:00,0.0379,0.25,2025-12-25 16:42:00+00:00,0.0377,0.24868073878627964,659.6306068601583,-0.13192612137203544,-0.6306068601583151,-0.5277044854881418,0.05,roc_peak_drop,0.0388,3.4666666666666845
850,WET-USD,roc_momentum,buy,2025-12-25 16:41:00+00:00,0.2272,0.25,2025-12-25 16:42:00+00:00,0.2281,0.25099031690140844,110.03521126760563,0.09903169014084331,-0.4019586267605651,0.39612676056337326,0.016666666666666666,roc_reversal,0.2281,-0.08760402978537085
851,ALEPH-USD,roc_momentum,buy,2025-12-25 16:42:00+00:00,0.0377,0.25,2025-12-25 16:43:00+00:00,0.0386,0.25596816976127323,663.1299734748011,0.5968169761273243,0.09084880636605104,2.3872679045092973,0.016666666666666666,roc_peak_drop,0.0386,0.26595744680850686
852,WET-USD,roc_momentum,buy,2025-12-25 16:42:00+00:00,0.2281,0.25,2025-12-25 16:43:00+00:00,0.2276,0.2494519947391495,109.60105217010083,-0.05480052608505047,-0.5542525208242,-0.21920210434020188,0.016666666666666666,roc_reversal,0.2281,-0.08760402978537085
853,WET-USD,roc_momentum,buy,2025-12-25 16:43:00+00:00,0.2276,0.25,2025-12-25 16:44:00+00:00,0.2276,0.25,109.84182776801406,0.0,-0.5,0.0,0.016666666666666666,roc_reversal,0.2276,-0.17543859649122862
854,ALEPH-USD,roc_momentum,buy,2025-12-25 16:43:00+00:00,0.0386,0.25,2025-12-25 16:45:00+00:00,0.0382,0.24740932642487043,647.6683937823834,-0.2590673575129563,-0.7564766839378267,-1.0362694300518251,0.03333333333333333,roc_peak_drop,0.0386,1.055408970976246
855,WET-USD,roc_momentum,buy,2025-12-25 16:44:00+00:00,0.2276,0.25,2025-12-25 16:45:00+00:00,0.2268,0.2491212653778559,109.84182776801406,-0.08787346221441071,-0.5869947275922666,-0.35149384885764284,0.016666666666666666,roc_reversal,0.2276,-0.262927256792278
856,ALEPH-USD,roc_momentum,buy,2025-12-25 16:45:00+00:00,0.0382,0.25,2025-12-25 16:46:00+00:00,0.0381,0.24934554973821993,654.4502617801047,-0.0654450261780078,-0.5647905759162277,-0.2617801047120312,0.016666666666666666,roc_reversal,0.0382,-0.5208333333333259
857,ALEPH-USD,roc_momentum,buy,2025-12-25 16:46:00+00:00,0.0381,0.25,2025-12-25 16:48:00+00:00,0.0375,0.24606299212598423,656.1679790026246,-0.39370078740157693,-0.8897637795275611,-1.5748031496063077,0.03333333333333333,roc_peak_drop,0.0381,0.2652519893899363
858,ALEPH-USD,roc_momentum,buy,2025-12-25 16:48:00+00:00,0.0375,0.25,2025-12-25 16:49:00+00:00,0.038,0.25333333333333335,666.6666666666667,0.33333333333333365,-0.1699999999999997,1.3333333333333346,0.016666666666666666,roc_reversal,0.038,-0.7832898172323799
859,ALEPH-USD,roc_momentum,buy,2025-12-25 16:49:00+00:00,0.038,0.25,2025-12-25 16:50:00+00:00,0.038,0.25,657.8947368421053,0.0,-0.5,0.0,0.016666666666666666,roc_reversal,0.038,-0.5235602094240788
860,WET-USD,roc_momentum,buy,2025-12-25 16:49:00+00:00,0.2267,0.25,2025-12-25 16:50:00+00:00,0.2259,0.24911777679752975,110.27790030877811,-0.08822232024702502,-0.5873400970445548,-0.3528892809881001,0.016666666666666666,roc_reversal,0.2267,-0.39543057996483943
861,ALEPH-USD,roc_momentum,buy,2025-12-25 16:50:00+00:00,0.038,0.25,2025-12-25 16:51:00+00:00,0.0375,0.24671052631578946,657.8947368421053,-0.32894736842105293,-0.8256578947368424,-1.3157894736842117,0.016666666666666666,roc_reversal,0.038,-0.5235602094240788
862,ALEPH-USD,roc_momentum,buy,2025-12-25 16:51:00+00:00,0.0375,0.25,2025-12-25 16:52:00+00:00,0.037,0.24666666666666667,666.6666666666667,-0.33333333333333365,-0.8300000000000003,-1.3333333333333346,0.016666666666666666,roc_reversal,0.0375,-1.5748031496063075
863,ALEPH-USD,roc_momentum,buy,2025-12-25 16:52:00+00:00,0.037,0.25,2025-12-25 16:53:00+00:00,0.0371,0.25067567567567567,675.6756756756757,0.0675675675675695,-0.4331081081081062,0.270270270270278,0.016666666666666666,roc_reversal,0.0371,-1.0666666666666602
864,WET-USD,roc_momentum,buy,2025-12-25 16:52:00+00:00,0.2267,0.25,2025-12-25 16:54:00+00:00,0.2265,0.24977944419938244,110.27790030877811,-0.022055580061756255,-0.5218350242611387,-0.08822232024702502,0.03333333333333333,roc_peak_drop,0.2268,0.3097345132743401
865,ALEPH-USD,roc_momentum,buy,2025-12-25 16:53:00+00:00,0.0371,0.25,2025-12-25 16:58:00+00:00,0.0373,0.2513477088948787,673.8544474393531,0.1347708894878698,-0.3665768194070089,0.5390835579514792,0.08333333333333333,roc_peak_drop,0.0383,3.513513513513522
866,ALEPH-USD,roc_momentum,buy,2025-12-25 16:58:00+00:00,0.0373,0.25,2025-12-25 16:59:00+00:00,0.0374,0.25067024128686327,670.2412868632708,0.067024128686329,-0.4336461126005343,0.268096514745316,0.016666666666666666,roc_peak_drop,0.0374,0.5390835579514697
867,ALEPH-USD,roc_momentum,buy,2025-12-25 16:59:00+00:00,0.0374,0.25,2025-12-25 17:00:00+00:00,0.0372,0.24866310160427804,668.4491978609625,-0.13368983957219632,-0.6323529411764743,-0.5347593582887853,0.016666666666666666,roc_reversal,0.0374,-1.5789473684210464
868,ALEPH-USD,roc_momentum,buy,2025-12-25 17:00:00+00:00,0.0372,0.25,2025-12-25 17:01:00+00:00,0.0372,0.25,672.0430107526882,0.0,-0.5,0.0,0.016666666666666666,roc_reversal,0.0372,-1.326259946949604
869,ALEPH-USD,roc_momentum,buy,2025-12-25 17:01:00+00:00,0.0372,0.25,2025-12-25 17:02:00+00:00,0.038,0.2553763440860215,672.0430107526882,0.537634408602152,0.032258064516130475,2.150537634408608,0.016666666666666666,roc_reversal,0.038,-0.7832898172323799
870,ALEPH-USD,roc_momentum,buy,2025-12-25 17:02:00+00:00,0.038,0.25,2025-12-25 17:05:00+00:00,0.0371,0.24407894736842106,657.8947368421053,-0.5921052631578935,-1.0861842105263144,-2.368421052631574,0.05,roc_peak_drop,0.038,1.8766756032171594
871,ALEPH-USD,roc_momentum,buy,2025-12-25 17:05:00+00:00,0.0371,0.25,2025-12-25 17:06:00+00:00,0.0371,0.25,673.8544474393531,0.0,-0.5,0.0,0.016666666666666666,roc_reversal,0.0371,-0.26881720430106393
872,WET-USD,roc_momentum,buy,2025-12-25 17:05:00+00:00,0.227,0.25,2025-12-25 17:06:00+00:00,0.2264,0.24933920704845813,110.13215859030836,-0.06607929515418691,-0.565418502202645,-0.26431718061674764,0.016666666666666666,roc_peak_drop,0.227,0.5759858218874703
873,ALEPH-USD,roc_momentum,buy,2025-12-25 17:06:00+00:00,0.0371,0.25,2025-12-25 17:07:00+00:00,0.037,0.24932614555256064,673.8544474393531,-0.06738544474393723,-0.5667115902964979,-0.26954177897574894,0.016666666666666666,roc_reversal,0.0371,-0.26881720430106393
874,ALEPH-USD,roc_momentum,buy,2025-12-25 17:07:00+00:00,0.037,0.25,2025-12-25 17:08:00+00:00,0.0364,0.24594594594594596,675.6756756756757,-0.405405405405403,-0.9013513513513489,-1.621621621621612,0.016666666666666666,roc_reversal,0.037,-2.631578947368418
875,ALEPH-USD,roc_momentum,buy,2025-12-25 17:08:00+00:00,0.0364,0.25,2025-12-25 17:09:00+00:00,0.0361,0.24793956043956042,686.8131868131868,-0.20604395604395717,-0.7039835164835176,-0.8241758241758287,0.016666666666666666,roc_reversal,0.0364,-4.210526315789465
876,ALEPH-USD,roc_momentum,buy,2025-12-25 17:09:00+00:00,0.0361,0.25,2025-12-25 17:10:00+00:00,0.036,0.2493074792243767,692.5207756232687,-0.06925207756232886,-0.5685595567867056,-0.27700831024931544,0.016666666666666666,roc_reversal,0.0361,-2.964959568733161
877,ALEPH-USD,roc_momentum,buy,2025-12-25 17:10:00+00:00,0.036,0.25,2025-12-25 17:11:00+00:00,0.0364,0.2527777777777778,694.4444444444445,0.27777777777778095,-0.22499999999999687,1.1111111111111238,0.016666666666666666,roc_reversal,0.0364,-1.8867924528301883
878,WET-USD,roc_momentum,buy,2025-12-25 17:08:00+00:00,0.227,0.25,2025-12-25 17:12:00+00:00,0.2277,0.25077092511013216,110.13215859030836,0.07709251101321654,-0.42367841409691565,0.30837004405286617,0.06666666666666667,roc_peak_drop,0.2288,1.0600706713780994
879,ALEPH-USD,roc_momentum,buy,2025-12-25 17:11:00+00:00,0.0364,0.25,2025-12-25 17:12:00+00:00,0.0359,0.24656593406593405,686.8131868131868,-0.3434065934065937,-0.8399725274725277,-1.3736263736263747,0.016666666666666666,roc_reversal,0.0364,-1.8867924528301883
880,ALEPH-USD,roc_momentum,buy,2025-12-25 17:12:00+00:00,0.0359,0.25,2025-12-25 17:13:00+00:00,0.0354,0.24651810584958217,696.3788300835654,-0.348189415041783,-0.8447075208913652,-1.392757660167132,0.016666666666666666,roc_reversal,0.0359,-2.7472527472527486
881,WET-USD,roc_momentum,buy,2025-12-25 17:12:00+00:00,0.2277,0.25,2025-12-25 17:13:00+00:00,0.227,0.24923144488361879,109.79358805445762,-0.076855511638121,-0.5760869565217398,-0.307422046552484,0.016666666666666666,roc_peak_drop,0.2277,0.5742049469964705
882,ALEPH-USD,roc_momentum,buy,2025-12-25 17:13:00+00:00,0.0354,0.25,2025-12-25 17:14:00+00:00,0.035,0.24717514124293788,706.2146892655367,-0.282485875706213,-0.7796610169491508,-1.129943502824852,0.016666666666666666,roc_reversal,0.0354,-2.7472527472527486
883,WET-USD,roc_momentum,buy,2025-12-25 17:13:00+00:00,0.227,0.25,2025-12-25 17:15:00+00:00,0.227,0.25,110.13215859030836,0.0,-0.5,0.0,0.03333333333333333,roc_peak_drop,0.2273,0.04401408450702693
884,ALEPH-USD,roc_momentum,buy,2025-12-25 17:14:00+00:00,0.035,0.25,2025-12-25 17:15:00+00:00,0.0348,0.24857142857142853,714.2857142857142,-0.14285714285714693,-0.6414285714285755,-0.5714285714285877,0.016666666666666666,roc_reversal,0.035,-3.0470914127423754
885,ALEPH-USD,roc_momentum,buy,2025-12-25 17:15:00+00:00,0.0348,0.25,2025-12-25 17:16:00+00:00,0.0329,0.23635057471264367,718.3908045977012,-1.3649425287356316,-1.8512931034482751,-5.459770114942526,0.016666666666666666,stop_loss,0.0348,-3.3333333333333326
886,WET-USD,roc_momentum,buy,2025-12-25 17:15:00+00:00,0.227,0.25,2025-12-25 17:16:00+00:00,0.2272,0.25022026431718064,110.13215859030836,0.022026431718062303,-0.4781938325991183,0.08810572687224921,0.016666666666666666,roc_reversal,0.2272,-0.6993006993006978
887,ALEPH-USD,roc_momentum,buy,2025-12-25 17:16:00+00:00,0.0329,0.25,2025-12-25 17:17:00+00:00,0.0348,0.26443768996960487,759.8784194528876,1.4437689969604857,0.9293313069908807,5.775075987841943,0.016666666666666666,take_profit,0.0348,-3.0640668523676973
888,ALEPH-USD,roc_momentum,buy,2025-12-25 17:17:00+00:00,0.0348,0.25,2025-12-25 17:18:00+00:00,0.0342,0.2456896551724138,718.3908045977012,-0.4310344827586181,-0.9267241379310319,-1.7241379310344724,0.016666666666666666,roc_reversal,0.0348,-3.0640668523676973
889,ALEPH-USD,roc_momentum,buy,2025-12-25 17:18:00+00:00,0.0342,0.25,2025-12-25 17:19:00+00:00,0.0349,0.25511695906432746,730.9941520467836,0.511695906432748,0.00657894736842048,2.046783625730992,0.016666666666666666,roc_reversal,0.0349,-0.28571428571428914
890,ALEPH-USD,roc_momentum,buy,2025-12-25 17:19:00+00:00,0.0349,0.25,2025-12-25 17:20:00+00:00,0.0338,0.2421203438395415,716.3323782234957,-0.7879656160458479,-1.2800859598853895,-3.1518624641833917,0.016666666666666666,roc_reversal,0.0349,-0.28571428571428914
891,WET-USD,roc_momentum,buy,2025-12-25 17:16:00+00:00,0.2272,0.25,2025-12-25 17:22:00+00:00,0.2306,0.25374119718309857,110.03521126760563,0.37411971830985763,-0.12962147887324094,1.4964788732394305,0.1,roc_peak_drop,0.2306,1.4964788732394263
892,ALEPH-USD,roc_momentum,buy,2025-12-25 17:20:00+00:00,0.0338,0.25,2025-12-25 17:22:00+00:00,0.0344,0.25443786982248523,739.6449704142012,0.4437869822485232,-0.06065088757396203,1.7751479289940928,0.03333333333333333,roc_peak_drop,0.0344,4.55927051671734
893,WET-USD,roc_momentum,buy,2025-12-25 17:22:00+00:00,0.2306,0.25,2025-12-25 17:23:00+00:00,0.2303,0.24967476149176063,108.41283607979184,-0.03252385082393698,-0.5321986123156977,-0.13009540329574792,0.016666666666666666,roc_peak_drop,0.2306,1.0074463425317592
894,ALEPH-USD,roc_momentum,buy,2025-12-25 17:22:00+00:00,0.0344,0.25,2025-12-25 17:24:00+00:00,0.0345,0.2507267441860465,726.7441860465116,0.07267441860465325,-0.4280523255813933,0.290697674418613,0.03333333333333333,roc_peak_drop,0.0345,0.8771929824561431
895,WET-USD,roc_momentum,buy,2025-12-25 17:23:00+00:00,0.2303,0.25,2025-12-25 17:24:00+00:00,0.2293,0.24891445940078158,108.55405992184107,-0.10855405992184117,-0.6074685193226228,-0.43421623968736467,0.016666666666666666,roc_peak_drop,0.2303,0.5676855895196509
896,WET-USD,roc_momentum,buy,2025-12-25 17:24:00+00:00,0.2293,0.25,2025-12-25 17:25:00+00:00,0.2298,0.2505451373746184,109.02747492368077,0.054513737461840434,-0.44603139991277796,0.21805494984736173,0.016666666666666666,roc_peak_drop,0.2298,0.13100436681221517
897,ALEPH-USD,roc_momentum,buy,2025-12-25 17:24:00+00:00,0.0345,0.25,2025-12-25 17:26:00+00:00,0.0351,0.2543478260869565,724.6376811594203,0.4347826086956495,-0.06956521739130699,1.739130434782598,0.03333333333333333,roc_peak_drop,0.0351,3.550295857988184
898,WET-USD,roc_momentum,buy,2025-12-25 17:25:00+00:00,0.2298,0.25,2025-12-25 17:26:00+00:00,0.2301,0.25032637075718017,108.79025239338556,0.03263707571801509,-0.46768929503916506,0.13054830287206037,0.016666666666666666,roc_reversal,0.2301,-0.21682567215958182
899,WET-USD,roc_momentum,buy,2025-12-25 17:26:00+00:00,0.2301,0.25,2025-12-25 17:27:00+00:00,0.2296,0.2494567579313342,108.6484137331595,-0.054324206866579794,-0.5537809647979139,-0.21729682746631918,0.016666666666666666,roc_reversal,0.2301,-0.21682567215958182
900,ALEPH-USD,roc_momentum,buy,2025-12-25 17:26:00+00:00,0.0351,0.25,2025-12-25 17:28:00+00:00,0.0349,0.24857549857549857,712.2507122507122,-0.1424501424501416,-0.6410256410256402,-0.5698005698005664,0.03333333333333333,roc_peak_drop,0.0351,2.034883720930236
901,WET-USD,roc_momentum,buy,2025-12-25 17:27:00+00:00,0.2296,0.25,2025-12-25 17:28:00+00:00,0.2292,0.24956445993031356,108.88501742160278,-0.04355400696864236,-0.5431184668989559,-0.17421602787456944,0.016666666666666666,roc_reversal,0.2296,-0.43365134431916363
902,WET-USD,roc_momentum,buy,2025-12-25 17:28:00+00:00,0.2292,0.25,2025-12-25 17:29:00+00:00,0.2292,0.25,109.07504363001746,0.0,-0.5,0.0,0.016666666666666666,roc_reversal,0.2292,-0.0436109899694781
903,ALEPH-USD,roc_momentum,buy,2025-12-25 17:28:00+00:00,0.0349,0.25,2025-12-25 17:30:00+00:00,0.0345,0.24713467048710602,716.3323782234957,-0.28653295128939654,-0.7836676217765026,-1.1461318051575862,0.03333333333333333,roc_peak_drop,0.0349,1.1594202898550732
904,WET-USD,roc_momentum,buy,2025-12-25 17:29:00+00:00,0.2292,0.25,2025-12-25 17:30:00+00:00,0.2292,0.25,109.07504363001746,0.0,-0.5,0.0,0.016666666666666666,roc_reversal,0.2292,-0.0436109899694781
905,ALEPH-USD,roc_momentum,buy,2025-12-25 17:30:00+00:00,0.0345,0.25,2025-12-25 17:31:00+00:00,0.0345,0.25,724.6376811594203,0.0,-0.5,0.0,0.016666666666666666,roc_reversal,0.0345,-1.4285714285714346
906,WET-USD,roc_momentum,buy,2025-12-25 17:30:00+00:00,0.2292,0.25,2025-12-25 17:31:00+00:00,0.2296,0.25043630017452007,109.07504363001746,0.04363001745200823,-0.45680628272251184,0.17452006980803292,0.016666666666666666,roc_reversal,0.2296,-0.21729682746631784
907,ALEPH-USD,roc_momentum,buy,2025-12-25 17:31:00+00:00,0.0345,0.25,2025-12-25 17:34:00+00:00,0.0344,0.24927536231884057,724.6376811594203,-0.0724637681159441,-0.5717391304347846,-0.2898550724637764,0.05,roc_peak_drop,0.0351,0.5730659025787954
908,WET-USD,roc_momentum,buy,2025-12-25 17:31:00+00:00,0.2296,0.25,2025-12-25 17:34:00+00:00,0.2296,0.25,108.88501742160278,0.0,-0.5,0.0,0.05,roc_peak_drop,0.2302,0.2613240418118501
909,WET-USD,roc_momentum,buy,2025-12-25 17:34:00+00:00,0.2296,0.25,2025-12-25 17:35:00+00:00,0.2291,0.249455574912892,108.88501742160278,-0.05444250871080144,-0.5538980836236934,-0.21777003484320576,0.016666666666666666,roc_peak_drop,0.2296,0.17452006980802626
910,WET-USD,roc_momentum,buy,2025-12-25 17:35:00+00:00,0.2291,0.25,2025-12-25 17:36:00+00:00,0.2292,0.2501091226538629,109.12265386294195,0.010912265386292993,-0.48919685726756995,0.04364906154517197,0.016666666666666666,roc_reversal,0.2292,-0.04363001745200101
911,WET-USD,roc_momentum,buy,2025-12-25 17:36:00+00:00,0.2292,0.25,2025-12-25 17:37:00+00:00,0.2296,0.25043630017452007,109.07504363001746,0.04363001745200823,-0.45680628272251184,0.17452006980803292,0.016666666666666666,roc_reversal,0.2296,-0.17421602787457413
912,ALEPH-USD,roc_momentum,buy,2025-12-25 17:37:00+00:00,0.0347,0.25,2025-12-25 17:38:00+00:00,0.0348,0.2507204610951008,720.4610951008646,0.07204610951008351,-0.4286743515850173,0.28818443804033406,0.016666666666666666,roc_reversal,0.0348,-0.5730659025787954
913,WET-USD,roc_momentum,buy,2025-12-25 17:37:00+00:00,0.2296,0.25,2025-12-25 17:38:00+00:00,0.2292,0.24956445993031356,108.88501742160278,-0.04355400696864236,-0.5431184668989559,-0.17421602787456944,0.016666666666666666,roc_reversal,0.2296,-0.2176752285589889
914,ALEPH-USD,roc_momentum,buy,2025-12-25 17:38:00+00:00,0.0348,0.25,2025-12-25 17:40:00+00:00,0.0355,0.2550287356321839,718.3908045977012,0.5028735632183903,-0.002155172413793614,2.011494252873561,0.03333333333333333,roc_peak_drop,0.0355,2.6162790697674465
915,WET-USD,roc_momentum,buy,2025-12-25 17:38:00+00:00,0.2292,0.25,2025-12-25 17:41:00+00:00,0.2308,0.2517452006980803,109.07504363001746,0.1745200698080299,-0.3272251308900504,0.6980802792321196,0.05,roc_peak_drop,0.2317,1.1348756001746008
916,WET-USD,roc_momentum,buy,2025-12-25 17:41:00+00:00,0.2308,0.25,2025-12-25 17:42:00+00:00,0.2305,0.24967504332755633,108.31889081455806,-0.032495667244366845,-0.5321707105719232,-0.12998266897746738,0.016666666666666666,roc_peak_drop,0.2308,0.6980802792321272
917,WET-USD,roc_momentum,buy,2025-12-25 17:42:00+00:00,0.2305,0.25,2025-12-25 17:44:00+00:00,0.2302,0.24967462039045552,108.45986984815617,-0.03253796095444929,-0.5322125813449048,-0.13015184381779715,0.03333333333333333,roc_peak_drop,0.2305,0.5235602094240788
918,WET-USD,roc_momentum,buy,2025-12-25 17:44:00+00:00,0.2302,0.25,2025-12-25 17:45:00+00:00,0.2299,0.24967419635099913,108.60121633362294,-0.03258036490008631,-0.5322545612510855,-0.13032145960034525,0.016666666666666666,roc_peak_drop,0.2302,0.08695652173911217
919,WET-USD,roc_momentum,buy,2025-12-25 17:45:00+00:00,0.2299,0.25,2025-12-25 17:46:00+00:00,0.23,0.2501087429317095,108.74293170943889,0.010874293170945709,-0.48923444976076375,0.043497172683782837,0.016666666666666666,roc_reversal,0.23,-0.34662045060658286
920,WET-USD,roc_momentum,buy,2025-12-25 17:46:00+00:00,0.23,0.25,2025-12-25 17:47:00+00:00,0.2297,0.24967391304347825,108.69565217391303,-0.032608695652176355,-0.5322826086956546,-0.13043478260870542,0.016666666666666666,roc_reversal,0.23,-0.34662045060658286
921,ALEPH-USD,roc_momentum,buy,2025-12-25 17:40:00+00:00,0.0355,0.25,2025-12-25 17:48:00+00:00,0.0364,0.25633802816901413,704.2253521126761,0.633802816901412,0.1274647887323979,2.535211267605648,0.13333333333333333,roc_peak_drop,0.0366,3.1161473087818914
922,WET-USD,roc_momentum,buy,2025-12-25 17:47:00+00:00,0.2297,0.25,2025-12-25 17:48:00+00:00,0.2297,0.25,108.837614279495,0.0,-0.5,0.0,0.016666666666666666,roc_reversal,0.2297,-0.303819444444442
923,ALEPH-USD,roc_momentum,buy,2025-12-25 17:48:00+00:00,0.0364,0.25,2025-12-25 17:49:00+00:00,0.0365,0.2506868131868132,686.8131868131868,0.06868131868131588,-0.4320054945054973,0.27472527472526354,0.016666666666666666,roc_peak_drop,0.0365,1.6759776536312998
924,WET-USD,roc_momentum,buy,2025-12-25 17:48:00+00:00,0.2297,0.25,2025-12-25 17:49:00+00:00,0.23,0.2503265128428385,108.837614279495,0.032651284283850945,-0.4676752285589876,0.13060513713540378,0.016666666666666666,roc_reversal,0.23,-0.08688097306689402
925,ALEPH-USD,roc_momentum,buy,2025-12-25 17:49:00+00:00,0.0365,0.25,2025-12-25 17:50:00+00:00,0.0361,0.24726027397260275,684.9315068493152,-0.2739726027397244,-0.7712328767123271,-1.0958904109588976,0.016666666666666666,roc_peak_drop,0.0365,0.27472527472527375
926,ALEPH-USD,roc_momentum,buy,2025-12-25 17:50:00+00:00,0.0361,0.25,2025-12-25 17:51:00+00:00,0.0363,0.2513850415512465,692.5207756232687,0.1385041551246529,-0.3628808864265936,0.5540166204986116,0.016666666666666666,roc_reversal,0.0363,-0.5509641873278182
927,ALEPH-USD,roc_momentum,buy,2025-12-25 17:51:00+00:00,0.0363,0.25,2025-12-25 17:52:00+00:00,0.0353,0.2431129476584022,688.7052341597796,-0.6887052341597802,-1.1818181818181825,-2.754820936639121,0.016666666666666666,roc_reversal,0.0363,-0.8196721311475419
928,WET-USD,roc_momentum,buy,2025-12-25 17:49:00+00:00,0.23,0.25,2025-12-25 17:53:00+00:00,0.2302,0.2502173913043478,108.69565217391303,0.021739130434780214,-0.4784782608695676,0.08695652173912086,0.06666666666666667,roc_peak_drop,0.2314,0.6965607313887734
929,ALEPH-USD,roc_momentum,buy,2025-12-25 17:52:00+00:00,0.0353,0.25,2025-12-25 17:54:00+00:00,0.0364,0.25779036827195473,708.2152974504249,0.7790368271954701,0.2712464589235154,3.1161473087818803,0.03333333333333333,roc_reversal,0.0364,
930,WET-USD,roc_momentum,buy,2025-12-25 17:53:00+00:00,0.2302,0.25,2025-12-25 17:56:00+00:00,0.2311,0.2509774109470026,108.60121633362294,0.09774109470026195,-0.40323631624674067,0.3909643788010478,0.05,roc_peak_drop,0.2311,0.3913043478260825
931,ALEPH-USD,roc_momentum,buy,2025-12-25 17:54:00+00:00,0.0364,0.25,2025-12-25 17:56:00+00:00,0.0363,0.2493131868131868,686.8131868131868,-0.06868131868132064,-0.5679945054945075,-0.2747252747252826,0.03333333333333333,roc_peak_drop,0.0364,0.5540166204986097
932,WET-USD,roc_momentum,buy,2025-12-25 17:56:00+00:00,0.2311,0.25,2025-12-25 17:57:00+00:00,0.231,0.2498918217221982,108.1782778018174,-0.010817827780180547,-0.5107096495023787,-0.04327131112072219,0.016666666666666666,roc_reversal,0.2311,-0.12964563526360884
933,ALEPH-USD,roc_momentum,buy,2025-12-25 17:56:00+00:00,0.0363,0.25,2025-12-25 17:58:00+00:00,0.0359,0.2472451790633609,688.7052341597796,-0.2754820936639102,-0.772727272727271,-1.1019283746556408,0.03333333333333333,roc_peak_drop,0.0363,1.6997167138810276
934,WET-USD,roc_momentum,buy,2025-12-25 17:57:00+00:00,0.231,0.25,2025-12-25 17:59:00+00:00,0.2302,0.2491341991341991,108.22510822510822,-0.08658008658008906,-0.5857142857142882,-0.34632034632035624,0.03333333333333333,roc_peak_drop,0.231,0.3475238922675983
935,ALEPH-USD,roc_momentum,buy,2025-12-25 17:58:00+00:00,0.0359,0.25,2025-12-25 17:59:00+00:00,0.0359,0.25,696.3788300835654,0.0,-0.5,0.0,0.016666666666666666,roc_reversal,0.0359,-1.3736263736263798
936,WET-USD,roc_momentum,buy,2025-12-25 17:59:00+00:00,0.2302,0.25,2025-12-25 18:00:00+00:00,0.2301,0.2498913987836664,108.60121633362294,-0.010860121633361098,-0.5107515204170275,-0.04344048653344439,0.016666666666666666,roc_reversal,0.2302,-0.3031615417929845
937,ALEPH-USD,roc_momentum,buy,2025-12-25 17:59:00+00:00,0.0359,0.25,2025-12-25 18:01:00+00:00,0.0362,0.2520891364902507,696.3788300835654,0.20891364902507079,-0.2931754874651799,0.8356545961002831,0.03333333333333333,roc_reversal,0.0363,
938,WET-USD,roc_momentum,buy,2025-12-25 18:00:00+00:00,0.2301,0.25,2025-12-25 18:01:00+00:00,0.2291,0.2489135158626684,108.6484137331595,-0.10864841373315959,-0.607561929595828,-0.43459365493263835,0.016666666666666666,roc_reversal,0.2301,-0.4327131112072724
939,ALEPH-USD,roc_momentum,buy,2025-12-25 18:01:00+00:00,0.0362,0.25,2025-12-25 18:02:00+00:00,0.0358,0.24723756906077346,690.6077348066298,-0.27624309392265506,-0.7734806629834284,-1.1049723756906202,0.016666666666666666,roc_reversal,0.0362,-0.2754820936639035
940,WET-USD,roc_momentum,buy,2025-12-25 18:01:00+00:00,0.2291,0.25,2025-12-25 18:02:00+00:00,0.2281,0.24890877346137058,109.12265386294195,-0.10912265386294205,-0.6080314273243126,-0.4364906154517682,0.016666666666666666,roc_reversal,0.2291,-0.8654262224145448
941,WET-USD,roc_momentum,buy,2025-12-25 18:02:00+00:00,0.2281,0.25,2025-12-25 18:03:00+00:00,0.2285,0.2504384042086804,109.60105217010083,0.04384042086804159,-0.45659798334063884,0.17536168347216635,0.016666666666666666,roc_reversal,0.2285,-1.0822510822510845
942,WET-USD,roc_momentum,buy,2025-12-25 18:03:00+00:00,0.2285,0.25,2025-12-25 18:04:00+00:00,0.2286,0.250109409190372,109.40919037199124,0.010940919037197919,-0.48916849015317404,0.043763676148791675,0.016666666666666666,roc_reversal,0.2286,-0.6950477845351855
943,ALEPH-USD,roc_momentum,buy,2025-12-25 18:02:00+00:00,0.0358,0.25,2025-12-25 18:05:00+00:00,0.036,0.25139664804469275,698.3240223463688,0.1396648044692729,-0.3617318435754198,0.5586592178770916,0.05,roc_peak_drop,0.0363,1.114206128133688
944,WET-USD,roc_momentum,buy,2025-12-25 18:04:00+00:00,0.2286,0.25,2025-12-25 18:05:00+00:00,0.229,0.2504374453193351,109.36132983377078,0.043744531933509564,-0.4566929133858255,0.17497812773403826,0.016666666666666666,roc_reversal,0.229,-0.4780530204258948
945,ALEPH-USD,roc_momentum,buy,2025-12-25 18:05:00+00:00,0.036,0.25,2025-12-25 18:06:00+00:00,0.036,0.25,694.4444444444445,0.0,-0.5,0.0,0.016666666666666666,roc_reversal,0.036,-0.5524861878453247
946,ALEPH-USD,roc_momentum,buy,2025-12-25 18:06:00+00:00,0.036,0.25,2025-12-25 18:08:00+00:00,0.0354,0.24583333333333335,694.4444444444445,-0.4166666666666642,-0.9124999999999975,-1.6666666666666567,0.03333333333333333,roc_peak_drop,0.036,0.5586592178770999
947,WET-USD,roc_momentum,buy,2025-12-25 18:05:00+00:00,0.229,0.25,2025-12-25 18:09:00+00:00,0.2295,0.25054585152838427,109.17030567685589,0.05458515283842799,-0.4459606986899563,0.21834061135371197,0.06666666666666667,roc_peak_drop,0.2295,0.6137658921525624
948,ALEPH-USD,roc_momentum,buy,2025-12-25 18:08:00+00:00,0.0354,0.25,2025-12-25 18:09:00+00:00,0.0349,0.2464689265536723,706.2146892655367,-0.35310734463276866,-0.849576271186441,-1.4124293785310746,0.016666666666666666,roc_reversal,0.0354,-2.4793388429751984
949,ALEPH-USD,roc_momentum,buy,2025-12-25 18:09:00+00:00,0.0349,0.25,2025-12-25 18:10:00+00:00,0.0366,0.2621776504297994,716.3323782234957,1.2177650429799427,0.7055873925501434,4.871060171919771,0.016666666666666666,take_profit,0.0366,1.666666666666683
950,WET-USD,roc_momentum,buy,2025-12-25 18:09:00+00:00,0.2295,0.25,2025-12-25 18:10:00+00:00,0.2295,0.25,108.93246187363835,0.0,-0.5,0.0,0.016666666666666666,roc_peak_drop,0.2295,0.3937007874015741
951,WET-USD,roc_momentum,buy,2025-12-25 18:10:00+00:00,0.2295,0.25,2025-12-25 18:11:00+00:00,0.2295,0.25,108.93246187363835,0.0,-0.5,0.0,0.016666666666666666,roc_peak_drop,0.2295,0.21834061135370675
952,ALEPH-USD,roc_momentum,buy,2025-12-25 18:10:00+00:00,0.0366,0.25,2025-12-25 18:12:00+00:00,0.0348,0.23770491803278687,683.0601092896175,-1.2295081967213135,-1.7172131147541003,-4.918032786885254,0.03333333333333333,stop_loss,0.0366,1.666666666666683
953,ALEPH-USD,roc_momentum,buy,2025-12-25 18:12:00+00:00,0.0348,0.25,2025-12-25 18:13:00+00:00,0.0349,0.25071839080459773,718.3908045977012,0.07183908045977218,-0.42887931034482557,0.2873563218390887,0.016666666666666666,roc_reversal,0.0349,-1.412429378531077
954,ALEPH-USD,roc_momentum,buy,2025-12-25 18:13:00+00:00,0.0349,0.25,2025-12-25 18:15:00+00:00,0.0349,0.25,716.3323782234957,0.0,-0.5,0.0,0.03333333333333333,roc_reversal,0.0349,
955,ALEPH-USD,roc_momentum,buy,2025-12-25 18:15:00+00:00,0.0349,0.25,2025-12-25 18:16:00+00:00,0.0349,0.25,716.3323782234957,0.0,-0.5,0.0,0.016666666666666666,roc_reversal,0.0349,-4.6448087431694045
956,ALEPH-USD,roc_momentum,buy,2025-12-25 18:16:00+00:00,0.0349,0.25,2025-12-25 18:18:00+00:00,0.0349,0.25,716.3323782234957,0.0,-0.5,0.0,0.03333333333333333,roc_peak_drop,0.0349,0.287356321839094
957,WET-USD,roc_momentum,buy,2025-12-25 18:11:00+00:00,0.2295,0.25,2025-12-25 18:58:00+00:00,0.2283,0.24869281045751634,108.93246187363835,-0.13071895424836674,-0.6294117647058831,-0.522875816993467,0.7833333333333333,roc_reversal,0.2295,
958,ALEPH-USD,roc_momentum,buy,2025-12-25 18:18:00+00:00,0.0349,0.25,2025-12-25 19:04:00+00:00,0.0339,0.24283667621776503,716.3323782234957,-0.7163323782234964,-1.2091690544412614,-2.8653295128939855,0.7666666666666667,roc_reversal,0.0349,
959,WET-USD,roc_momentum,buy,2025-12-25 19:09:00+00:00,0.23,0.25,2025-12-25 19:10:00+00:00,0.23,0.25,108.69565217391303,0.0,-0.5,0.0,0.016666666666666666,roc_peak_drop,0.23,1.098901098901095
960,WET-USD,roc_momentum,buy,2025-12-25 19:10:00+00:00,0.23,0.25,2025-12-25 19:12:00+00:00,0.2305,0.2505434782608696,108.69565217391303,0.05434782608695657,-0.446195652173913,0.21739130434782628,0.03333333333333333,roc_peak_drop,0.2308,1.2724879333040784
961,WET-USD,roc_momentum,buy,2025-12-25 19:12:00+00:00,0.2305,0.25,2025-12-25 19:13:00+00:00,0.2296,0.24902386117136657,108.45986984815617,-0.09761388286334186,-0.5966377440347085,-0.3904555314533674,0.016666666666666666,roc_peak_drop,0.2305,0.8311461067366688
962,WET-USD,roc_momentum,buy,2025-12-25 19:13:00+00:00,0.2296,0.25,2025-12-25 19:14:00+00:00,0.2293,0.2496733449477352,108.88501742160278,-0.03266550522648026,-0.5323388501742154,-0.13066202090592105,0.016666666666666666,roc_peak_drop,0.2296,0.26200873362445254
963,ALEPH-USD,roc_momentum,buy,2025-12-25 19:25:00+00:00,0.0352,0.25,2025-12-25 19:26:00+00:00,0.0353,0.25071022727272724,710.2272727272726,0.07102272727272438,-0.4296875000000029,0.2840909090908975,0.016666666666666666,roc_reversal,0.0353,-0.28248587570621764
964,ALEPH-USD,roc_momentum,buy,2025-12-25 19:26:00+00:00,0.0353,0.25,2025-12-25 19:28:00+00:00,0.0352,0.2492917847025496,708.2152974504249,-0.07082152974503961,-0.5701133144475892,-0.28328611898015843,0.03333333333333333,roc_peak_drop,0.0354,1.7241379310344973
965,ALEPH-USD,roc_momentum,buy,2025-12-25 19:29:00+00:00,0.0354,0.25,2025-12-25 19:30:00+00:00,0.0354,0.25,706.2146892655367,0.0,-0.5,0.0,0.016666666666666666,roc_peak_drop,0.0354,1.7241379310344973
966,ALEPH-USD,roc_momentum,buy,2025-12-25 19:30:00+00:00,0.0354,0.25,2025-12-25 19:31:00+00:00,0.0352,0.24858757062146894,706.2146892655367,-0.1412429378531065,-0.6398305084745755,-0.564971751412426,0.016666666666666666,roc_peak_drop,0.0354,0.5681818181818121
967,ALEPH-USD,roc_momentum,buy,2025-12-25 19:31:00+00:00,0.0352,0.25,2025-12-25 19:32:00+00:00,0.0352,0.25,710.2272727272726,0.0,-0.5,0.0,0.016666666666666666,roc_reversal,0.0352,-0.28328611898016387
968,ALEPH-USD,roc_momentum,buy,2025-12-25 19:32:00+00:00,0.0352,0.25,2025-12-25 19:38:00+00:00,0.036,0.2556818181818181,710.2272727272726,0.5681818181818147,0.062499999999996565,2.2727272727272587,0.1,roc_peak_drop,0.0363,3.125
969,ALEPH-USD,roc_momentum,buy,2025-12-25 19:38:00+00:00,0.036,0.25,2025-12-25 19:39:00+00:00,0.0355,0.24652777777777776,694.4444444444445,-0.34722222222222254,-0.8437500000000003,-1.3888888888888902,0.016666666666666666,roc_reversal,0.036,
970,ALEPH-USD,roc_momentum,buy,2025-12-25 19:39:00+00:00,0.0355,0.25,2025-12-25 19:40:00+00:00,0.0356,0.2507042253521127,704.2253521126761,0.07042253521126964,-0.43028169014084305,0.28169014084507854,0.016666666666666666,roc_reversal,0.0356,-1.1111111111111072
971,ALEPH-USD,roc_momentum,buy,2025-12-25 19:40:00+00:00,0.0356,0.25,2025-12-25 19:41:00+00:00,0.0353,0.24789325842696627,702.2471910112359,-0.21067415730337194,-0.7085674157303382,-0.8426966292134878,0.016666666666666666,roc_reversal,0.0356,-1.1111111111111072
972,ALEPH-USD,roc_momentum,buy,2025-12-25 19:41:00+00:00,0.0353,0.25,2025-12-25 19:42:00+00:00,0.0353,0.25,708.2152974504249,0.0,-0.5,0.0,0.016666666666666666,roc_reversal,0.0353,-1.9444444444444375
973,ALEPH-USD,roc_momentum,buy,2025-12-25 19:42:00+00:00,0.0353,0.25,2025-12-25 19:43:00+00:00,0.0341,0.2415014164305949,708.2152974504249,-0.8498583569405097,-1.3413597733711047,-3.399433427762039,0.016666666666666666,roc_reversal,0.0353,-1.9444444444444375
974,ALEPH-USD,roc_momentum,buy,2025-12-25 19:43:00+00:00,0.0341,0.25,2025-12-25 19:44:00+00:00,0.034,0.249266862170088,733.1378299120234,-0.07331378299119937,-0.5725806451612874,-0.29325513196479747,0.016666666666666666,roc_reversal,0.0341,-4.22535211267604
975,ALEPH-USD,roc_momentum,buy,2025-12-25 19:44:00+00:00,0.034,0.25,2025-12-25 19:45:00+00:00,0.0336,0.24705882352941172,735.2941176470588,-0.2941176470588268,-0.7911764705882386,-1.1764705882353073,0.016666666666666666,roc_reversal,0.034,-4.22535211267604
976,ALEPH-USD,roc_momentum,buy,2025-12-25 22:04:00+00:00,0.0364,0.25,2025-12-25 22:06:00+00:00,0.0351,0.24107142857142855,686.8131868131868,-0.8928571428571446,-1.3839285714285732,-3.5714285714285783,0.03333333333333333,roc_peak_drop,0.0364,6.1224489795918435
977,ALEPH-USD,roc_momentum,buy,2025-12-25 22:08:00+00:00,0.0361,0.25,2025-12-25 22:09:00+00:00,0.036,0.2493074792243767,692.5207756232687,-0.06925207756232886,-0.5685595567867056,-0.27700831024931544,0.016666666666666666,roc_reversal,0.0361,-0.8241758241758323
978,ALEPH-USD,roc_momentum,buy,2025-12-25 22:10:00+00:00,0.0362,0.25,2025-12-25 22:12:00+00:00,0.0376,0.2596685082872928,690.6077348066298,0.9668508287292806,0.4571823204419878,3.8674033149171225,0.03333333333333333,take_profit,0.0376,6.818181818181812
979,ALEPH-USD,roc_momentum,buy,2025-12-25 22:12:00+00:00,0.0376,0.25,2025-12-25 22:13:00+00:00,0.0378,0.25132978723404253,664.8936170212766,0.1329787234042545,-0.36835106382978805,0.531914893617018,0.016666666666666666,roc_peak_drop,0.0378,6.818181818181812
980,ALEPH-USD,roc_momentum,buy,2025-12-25 22:13:00+00:00,0.0378,0.25,2025-12-25 22:16:00+00:00,0.0369,0.24404761904761907,661.3756613756614,-0.5952380952380939,-1.089285714285713,-2.3809523809523756,0.05,roc_peak_drop,0.0379,5.277777777777803
981,ALEPH-USD,roc_momentum,buy,2025-12-25 22:16:00+00:00,0.0369,0.25,2025-12-25 22:17:00+00:00,0.0383,0.2594850948509485,677.5067750677506,0.9485094850948499,0.43902439024390133,3.7940379403793996,0.016666666666666666,take_profit,0.0383,3.361344537815114
982,ALEPH-USD,roc_momentum,buy,2025-12-25 22:17:00+00:00,0.0383,0.25,2025-12-25 22:18:00+00:00,0.0378,0.24673629242819842,652.7415143603133,-0.32637075718015696,-0.8231070496083553,-1.3054830287206278,0.016666666666666666,roc_peak_drop,0.0383,1.8617021276595702
983,ALEPH-USD,roc_momentum,buy,2025-12-25 22:18:00+00:00,0.0378,0.25,2025-12-25 22:19:00+00:00,0.0373,0.2466931216931217,661.3756613756614,-0.330687830687831,-0.8273809523809527,-1.322751322751324,0.016666666666666666,roc_reversal,0.0378,
984,ALEPH-USD,roc_momentum,buy,2025-12-25 22:19:00+00:00,0.0373,0.25,2025-12-25 22:22:00+00:00,0.0376,0.2520107238605898,670.2412868632708,0.20107238605898234,-0.3009383378016075,0.8042895442359294,0.05,roc_peak_drop,0.0383,3.7940379403794022
985,ALEPH-USD,roc_momentum,buy,2025-12-25 22:22:00+00:00,0.0376,0.25,2025-12-25 22:25:00+00:00,0.0379,0.25199468085106386,664.8936170212766,0.19946808510638406,-0.30252659574467977,0.7978723404255362,0.05,roc_peak_drop,0.0381,2.144772117962468
986,ALEPH-USD,roc_momentum,buy,2025-12-25 22:25:00+00:00,0.0379,0.25,2025-12-25 22:26:00+00:00,0.0379,0.25,659.6306068601583,0.0,-0.5,0.0,0.016666666666666666,roc_reversal,0.0379,-1.0443864229764954
987,ALEPH-USD,roc_momentum,buy,2025-12-25 22:26:00+00:00,0.0379,0.25,2025-12-25 22:28:00+00:00,0.0367,0.2420844327176781,659.6306068601583,-0.7915567282321897,-1.283641160949868,-3.166226912928759,0.03333333333333333,roc_peak_drop,0.0379,0.5319148936170137
988,ALEPH-USD,roc_momentum,buy,2025-12-25 22:29:00+00:00,0.0379,0.25,2025-12-25 22:33:00+00:00,0.0399,0.26319261213720313,659.6306068601583,1.319261213720313,0.80606860158311,5.277044854881252,0.06666666666666667,take_profit,0.0399,8.719346049046294
989,ALEPH-USD,roc_momentum,buy,2025-12-25 22:33:00+00:00,0.0399,0.25,2025-12-25 22:35:00+00:00,0.043,0.2694235588972431,626.5664160401003,1.94235588972431,1.422932330827067,7.76942355889724,0.03333333333333333,take_profit,0.043,12.860892388451429
990,ALEPH-USD,roc_momentum,buy,2025-12-25 22:35:00+00:00,0.043,0.25,2025-12-25 22:39:00+00:00,0.0435,0.25290697674418605,581.3953488372093,0.29069767441860495,-0.2122093023255811,1.1627906976744198,0.06666666666666667,roc_peak_drop,0.044,12.860892388451429
991,ALEPH-USD,roc_momentum,buy,2025-12-25 22:39:00+00:00,0.0435,0.25,2025-12-25 22:40:00+00:00,0.0425,0.24425287356321843,574.7126436781609,-0.5747126436781574,-1.068965517241376,-2.2988505747126298,0.016666666666666666,roc_peak_drop,0.0435,6.35696821515892
992,ALEPH-USD,roc_momentum,buy,2025-12-25 22:40:00+00:00,0.0425,0.25,2025-12-25 22:42:00+00:00,0.0426,0.2505882352941176,588.2352941176471,0.058823529411762304,-0.44176470588235534,0.23529411764704922,0.03333333333333333,roc_peak_drop,0.0439,1.385681293302543
993,ALEPH-USD,roc_momentum,buy,2025-12-25 22:42:00+00:00,0.0426,0.25,2025-12-25 22:43:00+00:00,0.0419,0.24589201877934272,586.8544600938967,-0.41079812206572724,-0.9066901408450699,-1.643192488262909,0.016666666666666666,roc_reversal,0.0426,
994,ALEPH-USD,roc_momentum,buy,2025-12-25 22:43:00+00:00,0.0419,0.25,2025-12-25 22:44:00+00:00,0.0428,0.2553699284009546,596.6587112171837,0.5369928400954642,0.03162291169450958,2.147971360381857,0.016666666666666666,roc_reversal,0.0428,-1.6091954022988464
995,ALEPH-USD,roc_momentum,buy,2025-12-25 22:44:00+00:00,0.0428,0.25,2025-12-25 22:45:00+00:00,0.0422,0.24649532710280375,584.1121495327103,-0.35046728971962404,-0.8469626168224278,-1.4018691588784962,0.016666666666666666,roc_reversal,0.0428,-0.7058823529411784
996,ALEPH-USD,roc_momentum,buy,2025-12-25 22:45:00+00:00,0.0422,0.25,2025-12-25 22:46:00+00:00,0.0422,0.25,592.4170616113744,0.0,-0.5,0.0,0.016666666666666666,roc_reversal,0.0422,-0.7058823529411784
997,ALEPH-USD,roc_momentum,buy,2025-12-25 22:46:00+00:00,0.0422,0.25,2025-12-25 22:47:00+00:00,0.0415,0.24585308056872038,592.4170616113744,-0.4146919431279616,-0.910545023696682,-1.6587677725118464,0.016666666666666666,roc_reversal,0.0422,-2.5821596244131384
998,ALEPH-USD,roc_momentum,buy,2025-12-25 22:47:00+00:00,0.0415,0.25,2025-12-25 22:48:00+00:00,0.0405,0.24397590361445784,602.4096385542168,-0.6024096385542174,-1.0963855421686752,-2.4096385542168695,0.016666666666666666,roc_reversal,0.0415,-2.5821596244131384
999,ALEPH-USD,roc_momentum,buy,2025-12-25 22:48:00+00:00,0.0405,0.25,2025-12-25 22:49:00+00:00,0.04,0.24691358024691357,617.283950617284,-0.30864197530864224,-0.8055555555555558,-1.234567901234569,0.016666666666666666,roc_reversal,0.0405,-3.3412887828162208
1000,ALEPH-USD,roc_momentum,buy,2025-12-25 22:49:00+00:00,0.04,0.25,2025-12-25 22:50:00+00:00,0.0424,0.265,625.0,1.4999999999999996,0.9849999999999995,5.999999999999998,0.016666666666666666,take_profit,0.0424,0.4739336492890933
1001,ALEPH-USD,roc_momentum,buy,2025-12-25 22:50:00+00:00,0.0424,0.25,2025-12-25 22:51:00+00:00,0.042,0.24764150943396226,589.622641509434,-0.23584905660377214,-0.7334905660377344,-0.9433962264150886,0.016666666666666666,roc_peak_drop,0.0424,0.4739336492890933
1002,ALEPH-USD,roc_momentum,buy,2025-12-25 22:51:00+00:00,0.042,0.25,2025-12-25 22:55:00+00:00,0.0427,0.25416666666666665,595.2380952380952,0.4166666666666662,-0.08750000000000048,1.6666666666666647,0.06666666666666667,roc_peak_drop,0.043,3.703703703703698
1003,ALEPH-USD,roc_momentum,buy,2025-12-25 22:55:00+00:00,0.0427,0.25,2025-12-25 22:57:00+00:00,0.0414,0.2423887587822014,585.4800936768149,-0.761124121779861,-1.2535128805620623,-3.044496487119444,0.03333333333333333,roc_peak_drop,0.0427,1.6666666666666607
1004,ALEPH-USD,roc_momentum,buy,2025-12-25 22:57:00+00:00,0.0414,0.25,2025-12-25 22:58:00+00:00,0.0418,0.2524154589371981,603.864734299517,0.2415458937198053,-0.26086956521739274,0.9661835748792212,0.016666666666666666,roc_reversal,0.0418,-0.4761904761904856
1005,ALEPH-USD,roc_momentum,buy,2025-12-25 22:58:00+00:00,0.0418,0.25,2025-12-25 22:59:00+00:00,0.0409,0.2446172248803828,598.0861244019139,-0.5382775119617214,-1.0328947368421042,-2.1531100478468854,0.016666666666666666,roc_reversal,0.0418,-0.4761904761904856
1006,ALEPH-USD,roc_momentum,buy,2025-12-25 22:59:00+00:00,0.0409,0.25,2025-12-25 23:00:00+00:00,0.0405,0.2475550122249389,611.2469437652812,-0.244498777506111,-0.7420537897310499,-0.977995110024444,0.016666666666666666,roc_reversal,0.0409,-0.7281553398058249
1007,ALEPH-USD,roc_momentum,buy,2025-12-25 23:00:00+00:00,0.0405,0.25,2025-12-25 23:01:00+00:00,0.0405,0.25,617.283950617284,0.0,-0.5,0.0,0.016666666666666666,roc_reversal,0.0405,-5.152224824355978
1008,ALEPH-USD,roc_momentum,buy,2025-12-25 23:01:00+00:00,0.0405,0.25,2025-12-25 23:02:00+00:00,0.0402,0.24814814814814815,617.283950617284,-0.1851851851851862,-0.6833333333333343,-0.7407407407407448,0.016666666666666666,roc_reversal,0.0405,-2.898550724637683
1009,ALEPH-USD,roc_momentum,buy,2025-12-25 23:02:00+00:00,0.0402,0.25,2025-12-25 23:03:00+00:00,0.0409,0.2543532338308458,621.8905472636816,0.43532338308457663,-0.06902985074626912,1.7412935323383065,0.016666666666666666,roc_reversal,0.0409,-2.1531100478468845
1010,ALEPH-USD,roc_momentum,buy,2025-12-25 23:03:00+00:00,0.0409,0.25,2025-12-25 23:04:00+00:00,0.0406,0.24816625916870413,611.2469437652812,-0.18337408312958536,-0.6815403422982895,-0.7334963325183415,0.016666666666666666,roc_reversal,0.0409,-0.7334963325183463
1011,ALEPH-USD,roc_momentum,buy,2025-12-25 23:04:00+00:00,0.0406,0.25,2025-12-25 23:07:00+00:00,0.0401,0.24692118226600984,615.7635467980296,-0.30788177339901507,-0.8048029556650249,-1.2315270935960603,0.05,roc_reversal,0.0406,
1012,ALEPH-USD,roc_momentum,buy,2025-12-25 23:07:00+00:00,0.0401,0.25,2025-12-25 23:08:00+00:00,0.0405,0.2524937655860349,623.4413965087282,0.24937655860349411,-0.2531172069825408,0.9975062344139765,0.016666666666666666,roc_reversal,0.0405,-0.24875621890547706
1013,ALEPH-USD,roc_momentum,buy,2025-12-25 23:08:00+00:00,0.0405,0.25,2025-12-25 23:09:00+00:00,0.0401,0.24753086419753084,617.283950617284,-0.24691358024691637,-0.7444444444444472,-0.9876543209876655,0.016666666666666666,roc_reversal,0.0405,-0.9779951100244433
1014,ALEPH-USD,roc_momentum,buy,2025-12-25 23:09:00+00:00,0.0401,0.25,2025-12-25 23:10:00+00:00,0.0392,0.24438902743142146,623.4413965087282,-0.5610972568578542,-1.0554862842892756,-2.2443890274314167,0.016666666666666666,roc_reversal,0.0401,-1.2315270935960632
1015,ALEPH-USD,roc_momentum,buy,2025-12-25 23:10:00+00:00,0.0392,0.25,2025-12-25 23:11:00+00:00,0.0389,0.24808673469387754,637.7551020408164,-0.19132653061224597,-0.6894132653061235,-0.7653061224489839,0.016666666666666666,roc_reversal,0.0392,-3.2098765432098775
1016,ALEPH-USD,roc_momentum,buy,2025-12-25 23:11:00+00:00,0.0389,0.25,2025-12-25 23:12:00+00:00,0.0396,0.2544987146529563,642.6735218508998,0.4498714652956338,-0.054627249357322515,1.7994858611825353,0.016666666666666666,roc_reversal,0.0396,-1.2468827930174453
1017,ALEPH-USD,roc_momentum,buy,2025-12-25 23:12:00+00:00,0.0396,0.25,2025-12-25 23:13:00+00:00,0.0396,0.25,631.3131313131313,0.0,-0.5,0.0,0.016666666666666666,roc_reversal,0.0396,-1.2468827930174453
1018,ALEPH-USD,roc_momentum,buy,2025-12-25 23:13:00+00:00,0.0396,0.25,2025-12-25 23:14:00+00:00,0.0396,0.25,631.3131313131313,0.0,-0.5,0.0,0.016666666666666666,roc_reversal,0.0396,-1.2468827930174453
1019,ALEPH-USD,roc_momentum,buy,2025-12-25 23:14:00+00:00,0.0396,0.25,2025-12-25 23:17:00+00:00,0.038,0.23989898989898986,631.3131313131313,-1.0101010101010126,-1.5000000000000024,-4.04040404040405,0.05,roc_peak_drop,0.0398,1.799485861182526
1020,ALEPH-USD,roc_momentum,buy,2025-12-25 23:17:00+00:00,0.038,0.25,2025-12-25 23:18:00+00:00,0.0381,0.25065789473684214,657.8947368421053,0.06578947368421241,-0.43486842105262974,0.26315789473684964,0.016666666666666666,roc_reversal,0.0381,-3.7878787878787956
1021,ALEPH-USD,roc_momentum,buy,2025-12-25 23:18:00+00:00,0.0381,0.25,2025-12-25 23:19:00+00:00,0.0385,0.25262467191601046,656.1679790026246,0.26246719160104826,-0.2401574803149622,1.049868766404193,0.016666666666666666,roc_reversal,0.0385,-2.77777777777779
1022,ALEPH-USD,roc_momentum,buy,2025-12-25 23:19:00+00:00,0.0385,0.25,2025-12-25 23:20:00+00:00,0.0392,0.2545454545454545,649.3506493506494,0.45454545454545403,-0.05000000000000049,1.8181818181818161,0.016666666666666666,roc_reversal,0.0392,-1.5075376884422176
1023,ALEPH-USD,roc_momentum,buy,2025-12-25 23:20:00+00:00,0.0392,0.25,2025-12-25 23:23:00+00:00,0.0385,0.2455357142857143,637.7551020408164,-0.44642857142857095,-0.9419642857142853,-1.7857142857142838,0.05,roc_peak_drop,0.0399,2.6315789473684292
1024,ALEPH-USD,roc_momentum,buy,2025-12-25 23:23:00+00:00,0.0385,0.25,2025-12-25 23:25:00+00:00,0.039,0.2532467532467533,649.3506493506494,0.32467532467532495,-0.17857142857142827,1.2987012987012998,0.03333333333333333,roc_peak_drop,0.0398,3.376623376623389
1025,ALEPH-USD,roc_momentum,buy,2025-12-25 23:25:00+00:00,0.039,0.25,2025-12-25 23:27:00+00:00,0.041,0.26282051282051283,641.025641025641,1.2820512820512833,0.7692307692307704,5.128205128205133,0.03333333333333333,take_profit,0.041,5.128205128205132
1026,ALEPH-USD,roc_momentum,buy,2025-12-25 23:27:00+00:00,0.041,0.25,2025-12-25 23:29:00+00:00,0.042,0.25609756097560976,609.7560975609756,0.6097560975609762,0.10365853658536636,2.4390243902439046,0.03333333333333333,roc_peak_drop,0.0421,9.350649350649354
1027,ALEPH-USD,roc_momentum,buy,2025-12-25 23:29:00+00:00,0.042,0.25,2025-12-25 23:32:00+00:00,0.0417,0.2482142857142857,595.2380952380952,-0.17857142857142955,-0.6767857142857152,-0.7142857142857182,0.05,roc_peak_drop,0.0423,7.692307692307709
1028,ALEPH-USD,roc_momentum,buy,2025-12-25 23:32:00+00:00,0.0417,0.25,2025-12-25 23:34:00+00:00,0.0446,0.2673860911270983,599.5203836930456,1.738609112709832,1.2212230215827335,6.954436450839328,0.03333333333333333,take_profit,0.0446,6.190476190476191
1029,ALEPH-USD,roc_momentum,buy,2025-12-25 23:34:00+00:00,0.0446,0.25,2025-12-25 23:36:00+00:00,0.0429,0.24047085201793722,560.5381165919282,-0.9529147982062781,-1.4433856502242153,-3.8116591928251125,0.03333333333333333,roc_peak_drop,0.0449,6.904761904761902
1030,ALEPH-USD,roc_momentum,buy,2025-12-25 23:36:00+00:00,0.0429,0.25,2025-12-25 23:38:00+00:00,0.047,0.2738927738927739,582.7505827505828,2.389277389277389,1.865384615384615,9.557109557109555,0.03333333333333333,take_profit,0.047,9.557109557109555
1031,ALEPH-USD,roc_momentum,buy,2025-12-25 23:38:00+00:00,0.047,0.25,2025-12-25 23:39:00+00:00,0.0465,0.2473404255319149,531.9148936170212,-0.26595744680851086,-0.7632978723404258,-1.0638297872340434,0.016666666666666666,roc_peak_drop,0.047,9.557109557109555
1032,ALEPH-USD,roc_momentum,buy,2025-12-25 23:39:00+00:00,0.0465,0.25,2025-12-25 23:40:00+00:00,0.049,0.26344086021505375,537.6344086021505,1.3440860215053776,0.8306451612903237,5.37634408602151,0.016666666666666666,take_profit,0.049,9.131403118040083
1033,ALEPH-USD,roc_momentum,buy,2025-12-25 23:40:00+00:00,0.049,0.25,2025-12-25 23:41:00+00:00,0.0465,0.23724489795918366,510.204081632653,-1.2755102040816337,-1.7627551020408174,-5.102040816326535,0.016666666666666666,stop_loss,0.049,9.131403118040083
1034,ALEPH-USD,roc_momentum,buy,2025-12-25 23:41:00+00:00,0.0465,0.25,2025-12-25 23:42:00+00:00,0.0484,0.26021505376344084,537.6344086021505,1.0215053763440853,0.5112903225806446,4.086021505376341,0.016666666666666666,take_profit,0.0484,12.82051282051282
1035,ALEPH-USD,roc_momentum,buy,2025-12-25 23:42:00+00:00,0.0484,0.25,2025-12-25 23:43:00+00:00,0.0481,0.2484504132231405,516.5289256198347,-0.15495867768595128,-0.6534090909090917,-0.6198347107438051,0.016666666666666666,roc_peak_drop,0.0484,12.82051282051282
1036,ALEPH-USD,roc_momentum,buy,2025-12-25 23:43:00+00:00,0.0481,0.25,2025-12-25 23:45:00+00:00,0.048,0.2494802494802495,519.7505197505197,-0.05197505197504986,-0.5514553014552993,-0.20790020790019945,0.03333333333333333,roc_peak_drop,0.0481,3.010752688172036
1037,ALEPH-USD,roc_momentum,buy,2025-12-25 23:45:00+00:00,0.048,0.25,2025-12-25 23:46:00+00:00,0.0458,0.23854166666666665,520.8333333333334,-1.1458333333333337,-1.6343750000000004,-4.583333333333335,0.016666666666666666,stop_loss,0.048,-1.505376344086018
1038,ALEPH-USD,roc_momentum,buy,2025-12-25 23:46:00+00:00,0.0458,0.25,2025-12-25 23:47:00+00:00,0.0444,0.2423580786026201,545.8515283842795,-0.7641921397379904,-1.2565502183406105,-3.0567685589519615,0.016666666666666666,roc_reversal,0.0458,-1.505376344086018
1039,ALEPH-USD,roc_momentum,buy,2025-12-25 23:47:00+00:00,0.0444,0.25,2025-12-25 23:48:00+00:00,0.047,0.2646396396396396,563.063063063063,1.4639639639639628,0.9493243243243232,5.855855855855851,0.016666666666666666,take_profit,0.047,-2.2869022869022815
1040,ALEPH-USD,roc_momentum,buy,2025-12-25 23:48:00+00:00,0.047,0.25,2025-12-25 23:49:00+00:00,0.0461,0.24521276595744682,531.9148936170212,-0.4787234042553181,-0.9739361702127649,-1.9148936170212725,0.016666666666666666,roc_reversal,0.047,-2.2869022869022815
1041,ALEPH-USD,roc_momentum,buy,2025-12-25 23:49:00+00:00,0.0461,0.25,2025-12-25 23:50:00+00:00,0.0457,0.24783080260303686,542.2993492407809,-0.2169197396963148,-0.7147505422993516,-0.8676789587852592,0.016666666666666666,roc_reversal,0.0461,-3.757828810020869
1042,ALEPH-USD,roc_momentum,buy,2025-12-25 23:50:00+00:00,0.0457,0.25,2025-12-25 23:53:00+00:00,0.0456,0.24945295404814008,547.0459518599563,-0.054704595185993396,-0.5541575492341335,-0.21881838074397358,0.05,roc_peak_drop,0.047,5.8558558558558405
1043,ALEPH-USD,roc_momentum,buy,2025-12-25 23:53:00+00:00,0.0456,0.25,2025-12-25 23:55:00+00:00,0.0487,0.2669956140350877,548.2456140350877,1.6995614035087712,1.1825657894736834,6.798245614035085,0.03333333333333333,take_profit,0.0487,6.564551422319487
1044,ALEPH-USD,roc_momentum,buy,2025-12-25 23:55:00+00:00,0.0487,0.25,2025-12-25 23:57:00+00:00,0.0475,0.24383983572895276,513.347022587269,-0.6160164271047226,-1.1098562628336754,-2.4640657084188904,0.03333333333333333,roc_peak_drop,0.0492,7.189542483660127
1045,ALEPH-USD,roc_momentum,buy,2025-12-25 23:57:00+00:00,0.0475,0.25,2025-12-26 00:00:00+00:00,0.048,0.25263157894736843,526.3157894736842,0.2631578947368423,-0.2394736842105261,1.0526315789473693,0.05,roc_peak_drop,0.048,4.166666666666674
1046,ALEPH-USD,roc_momentum,buy,2025-12-26 00:00:00+00:00,0.048,0.25,2025-12-26 00:01:00+00:00,0.0489,0.2546875,520.8333333333334,0.46874999999999895,-0.03593750000000103,1.8749999999999958,0.016666666666666666,roc_reversal,0.0489,-0.6097560975609762
1047,ALEPH-USD,roc_momentum,buy,2025-12-26 00:01:00+00:00,0.0489,0.25,2025-12-26 00:03:00+00:00,0.0477,0.24386503067484663,511.2474437627812,-0.6134969325153373,-1.1073619631901839,-2.4539877300613493,0.03333333333333333,roc_peak_drop,0.0489,2.1052631578947434
1048,ALEPH-USD,roc_momentum,buy,2025-12-26 00:03:00+00:00,0.0477,0.25,2025-12-26 00:04:00+00:00,0.0477,0.25,524.1090146750524,0.0,-0.5,0.0,0.016666666666666666,roc_peak_drop,0.0477,0.42105263157894424
1049,ALEPH-USD,roc_momentum,buy,2025-12-26 00:04:00+00:00,0.0477,0.25,2025-12-26 00:05:00+00:00,0.0477,0.25,524.1090146750524,0.0,-0.5,0.0,0.016666666666666666,roc_reversal,0.0477,-0.6250000000000089
1050,ALEPH-USD,roc_momentum,buy,2025-12-26 00:05:00+00:00,0.0477,0.25,2025-12-26 00:06:00+00:00,0.0477,0.25,524.1090146750524,0.0,-0.5,0.0,0.016666666666666666,roc_reversal,0.0477,-0.6250000000000089
1051,ALEPH-USD,roc_momentum,buy,2025-12-26 00:06:00+00:00,0.0477,0.25,2025-12-26 00:07:00+00:00,0.0477,0.25,524.1090146750524,0.0,-0.5,0.0,0.016666666666666666,roc_reversal,0.0477,-1.6494845360824795
1052,ALEPH-USD,roc_momentum,buy,2025-12-26 00:07:00+00:00,0.0477,0.25,2025-12-26 00:55:00+00:00,0.0481,0.2520964360587002,524.1090146750524,0.2096436058700197,-0.2924528301886805,0.8385744234800788,0.8,roc_peak_drop,0.0487,2.0964360587002018
1053,ALEPH-USD,roc_momentum,buy,2025-12-26 00:55:00+00:00,0.0481,0.25,2025-12-26 00:58:00+00:00,0.0486,0.2525987525987526,519.7505197505197,0.2598752598752601,-0.24272349272349247,1.0395010395010404,0.05,roc_peak_drop,0.0491,2.9350104821803003
1054,ALEPH-USD,roc_momentum,buy,2025-12-26 00:58:00+00:00,0.0486,0.25,2025-12-26 00:59:00+00:00,0.0491,0.2525720164609054,514.40329218107,0.2572016460905352,-0.24537037037037013,1.0288065843621408,0.016666666666666666,roc_peak_drop,0.0491,1.8867924528301883
1055,ALEPH-USD,roc_momentum,buy,2025-12-26 00:59:00+00:00,0.0491,0.25,2025-12-26 01:01:00+00:00,0.0489,0.2489816700610998,509.16496945010186,-0.10183299389001975,-0.6008146639511196,-0.407331975560079,0.03333333333333333,roc_peak_drop,0.0491,0.8213552361396204
1056,ALEPH-USD,roc_momentum,buy,2025-12-26 01:01:00+00:00,0.0489,0.25,2025-12-26 01:02:00+00:00,0.048,0.24539877300613497,511.2474437627812,-0.4601226993865021,-0.9555214723926371,-1.8404907975460083,0.016666666666666666,roc_reversal,0.0489,-0.40733197556007683
1057,ALEPH-USD,roc_momentum,buy,2025-12-26 01:02:00+00:00,0.048,0.25,2025-12-26 01:03:00+00:00,0.0453,0.2359375,520.8333333333334,-1.4062500000000004,-1.8921875000000006,-5.625000000000002,0.016666666666666666,stop_loss,0.048,-1.6393442622950838
1058,ALEPH-USD,roc_momentum,buy,2025-12-26 01:03:00+00:00,0.0453,0.25,2025-12-26 01:04:00+00:00,0.0459,0.2533112582781457,551.8763796909492,0.33112582781457134,-0.17218543046357435,1.3245033112582854,0.016666666666666666,roc_reversal,0.0459,-6.517311608961296
1059,ALEPH-USD,roc_momentum,buy,2025-12-26 01:04:00+00:00,0.0459,0.25,2025-12-26 01:05:00+00:00,0.0454,0.24727668845315903,544.6623093681917,-0.2723311546840961,-0.7696078431372552,-1.0893246187363843,0.016666666666666666,roc_reversal,0.0459,-6.198347107438007
1060,ALEPH-USD,roc_momentum,buy,2025-12-26 01:05:00+00:00,0.0454,0.25,2025-12-26 01:06:00+00:00,0.0466,0.2566079295154185,550.6607929515418,0.66079295154185,0.1541850220264315,2.6431718061674,0.016666666666666666,roc_reversal,0.0466,-4.703476482617575
1061,ALEPH-USD,roc_momentum,buy,2025-12-26 01:06:00+00:00,0.0466,0.25,2025-12-26 01:07:00+00:00,0.0456,0.2446351931330472,536.4806866952789,-0.5364806866952794,-1.0311158798283266,-2.1459227467811175,0.016666666666666666,roc_reversal,0.0466,-4.703476482617575
1062,ALEPH-USD,roc_momentum,buy,2025-12-26 01:07:00+00:00,0.0456,0.25,2025-12-26 01:09:00+00:00,0.0459,0.25164473684210525,548.2456140350877,0.16447368421052722,-0.33717105263157804,0.6578947368421089,0.03333333333333333,roc_peak_drop,0.0461,1.7660044150110465
1063,ALEPH-USD,roc_momentum,buy,2025-12-26 01:09:00+00:00,0.0459,0.25,2025-12-26 01:11:00+00:00,0.0475,0.2587145969498911,544.6623093681917,0.8714596949891052,0.3627450980392141,3.485838779956421,0.03333333333333333,roc_peak_drop,0.0475,3.7444933920704804
1064,ALEPH-USD,roc_momentum,buy,2025-12-26 01:11:00+00:00,0.0475,0.25,2025-12-26 01:13:00+00:00,0.0473,0.24894736842105264,526.3157894736842,-0.1052631578947362,-0.6042105263157889,-0.4210526315789448,0.03333333333333333,roc_peak_drop,0.0475,3.7280701754385914
1065,ALEPH-USD,roc_momentum,buy,2025-12-26 01:13:00+00:00,0.0473,0.25,2025-12-26 01:15:00+00:00,0.0471,0.24894291754756873,528.5412262156448,-0.10570824524312832,-0.6046511627906971,-0.42283298097251326,0.03333333333333333,roc_peak_drop,0.0473,2.614379084967311
1066,ALEPH-USD,roc_momentum,buy,2025-12-26 01:15:00+00:00,0.0471,0.25,2025-12-26 01:16:00+00:00,0.0467,0.2478768577494692,530.7855626326964,-0.21231422505308095,-0.7101910828025502,-0.8492569002123238,0.016666666666666666,roc_reversal,0.0471,
1067,ALEPH-USD,roc_momentum,buy,2025-12-26 01:16:00+00:00,0.0467,0.25,2025-12-26 01:17:00+00:00,0.0471,0.25214132762312635,535.3319057815846,0.21413276231263625,-0.28800856531049013,0.856531049250545,0.016666666666666666,roc_reversal,0.0471,-0.42283298097250954
1068,ALEPH-USD,roc_momentum,buy,2025-12-26 01:17:00+00:00,0.0471,0.25,2025-12-26 01:18:00+00:00,0.046,0.2441613588110403,530.7855626326964,-0.583864118895968,-1.0780254777070084,-2.335456475583872,0.016666666666666666,roc_reversal,0.0471,-0.42283298097250954
1069,ALEPH-USD,roc_momentum,buy,2025-12-26 01:18:00+00:00,0.046,0.25,2025-12-26 01:19:00+00:00,0.0463,0.2516304347826087,543.4782608695652,0.16304347826087046,-0.33858695652173826,0.6521739130434818,0.016666666666666666,roc_reversal,0.0463,-1.698513800424628
1070,ALEPH-USD,roc_momentum,buy,2025-12-26 01:19:00+00:00,0.0463,0.25,2025-12-26 01:20:00+00:00,0.0461,0.24892008639308855,539.9568034557235,-0.10799136069114405,-0.6069114470842326,-0.4319654427645762,0.016666666666666666,roc_reversal,0.0463,-1.698513800424628
1071,ALEPH-USD,roc_momentum,buy,2025-12-26 01:20:00+00:00,0.0461,0.25,2025-12-26 01:21:00+00:00,0.0453,0.24566160520607375,542.2993492407809,-0.43383947939262585,-0.9295010845986996,-1.7353579175705034,0.016666666666666666,roc_reversal,0.0461,-2.123142250530785
1072,ALEPH-USD,roc_momentum,buy,2025-12-26 01:21:00+00:00,0.0453,0.25,2025-12-26 01:22:00+00:00,0.0458,0.25275938189845476,551.8763796909492,0.27593818984547486,-0.2268211920529799,1.1037527593818994,0.016666666666666666,roc_reversal,0.0458,-2.7600849256900317
1073,ALEPH-USD,roc_momentum,buy,2025-12-26 01:22:00+00:00,0.0458,0.25,2025-12-26 01:23:00+00:00,0.0452,0.24672489082969432,545.8515283842795,-0.3275109170305695,-0.8242358078602638,-1.310043668122278,0.016666666666666666,roc_reversal,0.0458,-1.7391304347826098
1074,ALEPH-USD,roc_momentum,buy,2025-12-26 01:23:00+00:00,0.0452,0.25,2025-12-26 01:24:00+00:00,0.0468,0.2588495575221239,553.0973451327434,0.8849557522123918,0.37610619469026785,3.539823008849567,0.016666666666666666,take_profit,0.0468,1.0799136069114423
1075,ALEPH-USD,roc_momentum,buy,2025-12-26 01:24:00+00:00,0.0468,0.25,2025-12-26 01:27:00+00:00,0.0461,0.24626068376068377,534.1880341880342,-0.3739316239316235,-0.8701923076923073,-1.495726495726494,0.05,roc_peak_drop,0.0474,2.819956616052055
1076,ALEPH-USD,roc_momentum,buy,2025-12-26 01:27:00+00:00,0.0461,0.25,2025-12-26 01:29:00+00:00,0.0469,0.2543383947939262,542.2993492407809,0.4338394793926221,-0.07049891540130414,1.7353579175704883,0.03333333333333333,roc_peak_drop,0.0469,3.0973451327433787
1077,ALEPH-USD,roc_momentum,buy,2025-12-26 01:29:00+00:00,0.0469,0.25,2025-12-26 01:30:00+00:00,0.0463,0.24680170575692967,533.0490405117271,-0.3198294243070343,-0.816631130063964,-1.2793176972281373,0.016666666666666666,roc_peak_drop,0.0469,0.21367521367521292
1078,ALEPH-USD,roc_momentum,buy,2025-12-26 01:30:00+00:00,0.0463,0.25,2025-12-26 01:33:00+00:00,0.0456,0.24622030237580994,539.9568034557235,-0.37796976241900604,-0.874190064794816,-1.5118790496760242,0.05,roc_peak_drop,0.0467,1.3015184381778733
1079,ALEPH-USD,roc_momentum,buy,2025-12-26 01:33:00+00:00,0.0456,0.25,2025-12-26 01:34:00+00:00,0.0462,0.2532894736842105,548.2456140350877,0.32894736842105066,-0.17434210526315988,1.3157894736842026,0.016666666666666666,roc_reversal,0.0462,-1.492537313432829
1080,ALEPH-USD,roc_momentum,buy,2025-12-26 01:34:00+00:00,0.0462,0.25,2025-12-26 01:35:00+00:00,0.0454,0.2456709956709957,541.1255411255412,-0.4329004329004303,-0.928571428571426,-1.7316017316017212,0.016666666666666666,roc_reversal,0.0462,-1.492537313432829
1081,ALEPH-USD,roc_momentum,buy,2025-12-26 01:35:00+00:00,0.0454,0.25,2025-12-26 01:36:00+00:00,0.046,0.2533039647577092,550.6607929515418,0.33039647577092307,-0.17290748898678615,1.3215859030836923,0.016666666666666666,roc_reversal,0.046,-1.498929336188437
1082,ALEPH-USD,roc_momentum,buy,2025-12-26 01:36:00+00:00,0.046,0.25,2025-12-26 01:37:00+00:00,0.0451,0.2451086956521739,543.4782608695652,-0.48913043478260765,-0.9842391304347815,-1.9565217391304306,0.016666666666666666,roc_reversal,0.046,-1.498929336188437
1083,ALEPH-USD,roc_momentum,buy,2025-12-26 01:37:00+00:00,0.0451,0.25,2025-12-26 01:38:00+00:00,0.0455,0.2522172949002217,554.3237250554323,0.2217294900221716,-0.28048780487805014,0.8869179600886864,0.016666666666666666,roc_reversal,0.0455,-0.21929824561404132
1084,ALEPH-USD,roc_momentum,buy,2025-12-26 01:38:00+00:00,0.0455,0.25,2025-12-26 01:39:00+00:00,0.0444,0.24395604395604398,549.4505494505495,-0.6043956043956027,-1.0983516483516467,-2.4175824175824108,0.016666666666666666,roc_reversal,0.0455,-0.21929824561404132
1085,ALEPH-USD,roc_momentum,buy,2025-12-26 01:39:00+00:00,0.0444,0.25,2025-12-26 01:40:00+00:00,0.0431,0.24268018018018017,563.063063063063,-0.7319819819819834,-1.2246621621621636,-2.9279279279279335,0.016666666666666666,roc_reversal,0.0444,-3.8961038961038863
1086,ALEPH-USD,roc_momentum,buy,2025-12-26 01:40:00+00:00,0.0431,0.25,2025-12-26 01:41:00+00:00,0.0443,0.25696055684454755,580.046403712297,0.6960556844547562,0.18909512761020864,2.7842227378190247,0.016666666666666666,roc_reversal,0.0443,-3.6956521739130443
1087,ALEPH-USD,roc_momentum,buy,2025-12-26 01:41:00+00:00,0.0443,0.25,2025-12-26 01:42:00+00:00,0.0459,0.25902934537246053,564.3340857787811,0.902934537246052,0.3939051918735915,3.611738148984208,0.016666666666666666,take_profit,0.0459,1.7738359201773912
1088,ALEPH-USD,roc_momentum,buy,2025-12-26 01:42:00+00:00,0.0459,0.25,2025-12-26 01:43:00+00:00,0.046,0.25054466230936817,544.6623093681917,0.05446623093681695,-0.4460784313725512,0.2178649237472678,0.016666666666666666,roc_peak_drop,0.046,1.7738359201773912
1089,ALEPH-USD,roc_momentum,buy,2025-12-26 01:43:00+00:00,0.046,0.25,2025-12-26 01:46:00+00:00,0.043,0.23369565217391303,543.4782608695652,-1.6304347826086971,-2.11413043478261,-6.5217391304347885,0.05,stop_loss,0.046,3.480278422273786
1090,ALEPH-USD,roc_momentum,buy,2025-12-26 01:46:00+00:00,0.043,0.25,2025-12-26 01:47:00+00:00,0.0425,0.247093023255814,581.3953488372093,-0.2906976744186009,-0.7877906976744149,-1.1627906976744036,0.016666666666666666,roc_reversal,0.043,-2.934537246049662
1091,ALEPH-USD,roc_momentum,buy,2025-12-26 01:47:00+00:00,0.0425,0.25,2025-12-26 01:48:00+00:00,0.0422,0.24823529411764705,588.2352941176471,-0.17647058823529507,-0.6747058823529422,-0.7058823529411803,0.016666666666666666,roc_reversal,0.0425,-7.4074074074074066
1092,ALEPH-USD,roc_momentum,buy,2025-12-26 01:48:00+00:00,0.0422,0.25,2025-12-26 01:49:00+00:00,0.0433,0.2565165876777251,592.4170616113744,0.65165876777251,0.14514218009478483,2.60663507109004,0.016666666666666666,roc_reversal,0.0433,-3.9911308203991247
1093,ALEPH-USD,roc_momentum,buy,2025-12-26 01:49:00+00:00,0.0433,0.25,2025-12-26 01:50:00+00:00,0.0421,0.2430715935334873,577.3672055427252,-0.6928406466512701,-1.1859122401847573,-2.7713625866050804,0.016666666666666666,roc_reversal,0.0433,-3.9911308203991247
1094,ALEPH-USD,roc_momentum,buy,2025-12-26 01:50:00+00:00,0.0421,0.25,2025-12-26 01:51:00+00:00,0.0422,0.2505938242280285,593.8242280285036,0.05938242280285206,-0.44121140142517645,0.23752969121140824,0.016666666666666666,roc_reversal,0.0422,-1.8604651162790642
1095,ALEPH-USD,roc_momentum,buy,2025-12-26 01:51:00+00:00,0.0422,0.25,2025-12-26 01:52:00+00:00,0.044,0.2606635071090047,592.4170616113744,1.0663507109004715,0.5556872037914669,4.265402843601886,0.016666666666666666,take_profit,0.044,3.52941176470587
1096,ALEPH-USD,roc_momentum,buy,2025-12-26 01:52:00+00:00,0.044,0.25,2025-12-26 01:53:00+00:00,0.042,0.23863636363636367,568.1818181818182,-1.1363636363636336,-1.6249999999999971,-4.545454545454534,0.016666666666666666,stop_loss,0.044,3.52941176470587
1097,ALEPH-USD,roc_momentum,buy,2025-12-26 01:53:00+00:00,0.042,0.25,2025-12-26 01:54:00+00:00,0.0436,0.2595238095238095,595.2380952380952,0.9523809523809507,0.4428571428571412,3.8095238095238027,0.016666666666666666,take_profit,0.0436,0.6928406466512715
1098,ALEPH-USD,roc_momentum,buy,2025-12-26 01:54:00+00:00,0.0436,0.25,2025-12-26 01:57:00+00:00,0.0443,0.2540137614678899,573.3944954128441,0.40137614678899036,-0.10263761467889952,1.6055045871559614,0.05,roc_peak_drop,0.0446,5.938242280285033
1099,ALEPH-USD,roc_momentum,buy,2025-12-26 01:57:00+00:00,0.0443,0.25,2025-12-26 01:59:00+00:00,0.0437,0.24661399548532734,564.3340857787811,-0.3386004514672666,-0.835214446952594,-1.3544018058690663,0.03333333333333333,roc_peak_drop,0.0448,6.666666666666665
1100,ALEPH-USD,roc_momentum,buy,2025-12-26 01:59:00+00:00,0.0437,0.25,2025-12-26 02:00:00+00:00,0.0429,0.24542334096109839,572.0823798627002,-0.4576659038901614,-0.9530892448512598,-1.8306636155606455,0.016666666666666666,roc_peak_drop,0.0437,0.2293577981651529
1101,ALEPH-USD,roc_momentum,buy,2025-12-26 02:00:00+00:00,0.0429,0.25,2025-12-26 02:01:00+00:00,0.0414,0.24125874125874125,582.7505827505828,-0.8741258741258748,-1.365384615384616,-3.4965034965034993,0.016666666666666666,roc_reversal,0.0429,-3.811659192825112
1102,ALEPH-USD,roc_momentum,buy,2025-12-26 02:01:00+00:00,0.0414,0.25,2025-12-26 02:02:00+00:00,0.0445,0.268719806763285,603.864734299517,1.8719806763285016,1.3532608695652166,7.4879227053140065,0.016666666666666666,take_profit,0.0445,0.4514672686230181
1103,ALEPH-USD,roc_momentum,buy,2025-12-26 02:02:00+00:00,0.0445,0.25,2025-12-26 02:03:00+00:00,0.0424,0.23820224719101124,561.7977528089888,-1.179775280898875,-1.6679775280898863,-4.7191011235955,0.016666666666666666,stop_loss,0.0445,0.4514672686230181
1104,ALEPH-USD,roc_momentum,buy,2025-12-26 02:03:00+00:00,0.0424,0.25,2025-12-26 02:04:00+00:00,0.0429,0.2529481132075472,589.622641509434,0.2948113207547172,-0.20813679245282993,1.1792452830188689,0.016666666666666666,roc_reversal,0.0429,-1.830663615560646
1105,ALEPH-USD,roc_momentum,buy,2025-12-26 02:04:00+00:00,0.0429,0.25,2025-12-26 02:05:00+00:00,0.042,0.24475524475524477,582.7505827505828,-0.5244755244755234,-1.019230769230768,-2.0979020979020935,0.016666666666666666,roc_reversal,0.0429,-1.830663615560646
1106,ALEPH-USD,roc_momentum,buy,2025-12-26 02:05:00+00:00,0.042,0.25,2025-12-26 02:07:00+00:00,0.0425,0.25297619047619047,595.2380952380952,0.29761904761904784,-0.20535714285714263,1.1904761904761914,0.03333333333333333,roc_peak_drop,0.0425,2.657004830917886
1107,ALEPH-USD,roc_momentum,buy,2025-12-26 02:07:00+00:00,0.0425,0.25,2025-12-26 02:08:00+00:00,0.0421,0.2476470588235294,588.2352941176471,-0.23529411764706146,-0.7329411764705909,-0.9411764705882458,0.016666666666666666,roc_reversal,0.0425,-0.7075471698113289
1108,ALEPH-USD,roc_momentum,buy,2025-12-26 02:08:00+00:00,0.0421,0.25,2025-12-26 02:09:00+00:00,0.0428,0.25415676959619954,593.8242280285036,0.41567695961995205,-0.08847980997624746,1.6627078384798082,0.016666666666666666,roc_reversal,0.0428,-0.2331002331002363
1109,ALEPH-USD,roc_momentum,buy,2025-12-26 02:09:00+00:00,0.0428,0.25,2025-12-26 02:13:00+00:00,0.043,0.25116822429906543,584.1121495327103,0.11682242990654136,-0.38434579439252403,0.46728971962616545,0.06666666666666667,roc_peak_drop,0.0439,3.294117647058825
1110,ALEPH-USD,roc_momentum,buy,2025-12-26 02:13:00+00:00,0.043,0.25,2025-12-26 02:14:00+00:00,0.0426,0.24767441860465117,581.3953488372093,-0.23255813953488233,-0.7302325581395335,-0.9302325581395293,0.016666666666666666,roc_peak_drop,0.043,2.1377672209025977
1111,ALEPH-USD,roc_momentum,buy,2025-12-26 02:14:00+00:00,0.0426,0.25,2025-12-26 02:16:00+00:00,0.0424,0.24882629107981222,586.8544600938967,-0.11737089201877864,-0.6161971830985908,-0.46948356807511454,0.03333333333333333,roc_peak_drop,0.0426,0.7109004739336511
1112,ALEPH-USD,roc_momentum,buy,2025-12-26 02:16:00+00:00,0.0424,0.25,2025-12-26 02:17:00+00:00,0.0431,0.25412735849056606,589.622641509434,0.4127358490566033,-0.09139150943396271,1.6509433962264133,0.016666666666666666,roc_reversal,0.0431,-1.8223234624145879
1113,ALEPH-USD,roc_momentum,buy,2025-12-26 02:17:00+00:00,0.0431,0.25,2025-12-26 02:22:00+00:00,0.045,0.2610208816705336,580.046403712297,1.1020881670533635,0.59106728538283,4.408352668213454,0.08333333333333333,take_profit,0.045,4.408352668213444
1114,ALEPH-USD,roc_momentum,buy,2025-12-26 02:22:00+00:00,0.045,0.25,2025-12-26 02:23:00+00:00,0.0442,0.24555555555555558,555.5555555555555,-0.44444444444444176,-0.9399999999999974,-1.777777777777767,0.016666666666666666,roc_peak_drop,0.045,4.408352668213444
1115,ALEPH-USD,roc_momentum,buy,2025-12-26 02:23:00+00:00,0.0442,0.25,2025-12-26 02:24:00+00:00,0.0427,0.2415158371040724,565.6108597285067,-0.8484162895927608,-1.3399321266968334,-3.3936651583710433,0.016666666666666666,roc_peak_drop,0.0442,2.314814814814814
1116,ALEPH-USD,roc_momentum,buy,2025-12-26 02:24:00+00:00,0.0427,0.25,2025-12-26 02:25:00+00:00,0.0425,0.24882903981264637,585.4800936768149,-0.11709601873536228,-0.6159250585480086,-0.4683840749414491,0.016666666666666666,roc_reversal,0.0427,-2.511415525114147
1117,ALEPH-USD,roc_momentum,buy,2025-12-26 02:25:00+00:00,0.0425,0.25,2025-12-26 02:26:00+00:00,0.0424,0.24941176470588233,588.2352941176471,-0.058823529411766384,-0.5582352941176487,-0.23529411764706554,0.016666666666666666,roc_reversal,0.0425,-3.409090909090895
1118,ALEPH-USD,roc_momentum,buy,2025-12-26 02:26:00+00:00,0.0424,0.25,2025-12-26 02:27:00+00:00,0.043,0.2535377358490566,589.622641509434,0.35377358490565824,-0.14976415094339834,1.415094339622633,0.016666666666666666,roc_reversal,0.043,-3.8548752834467126
1119,ALEPH-USD,roc_momentum,buy,2025-12-26 02:27:00+00:00,0.043,0.25,2025-12-26 02:28:00+00:00,0.0428,0.24883720930232558,581.3953488372093,-0.11627906976744116,-0.6151162790697667,-0.46511627906976466,0.016666666666666666,roc_reversal,0.043,-3.167420814479649
1120,ALEPH-USD,roc_momentum,buy,2025-12-26 02:28:00+00:00,0.0428,0.25,2025-12-26 02:30:00+00:00,0.0425,0.2482476635514019,584.1121495327103,-0.17523364485981,-0.6734813084112119,-0.70093457943924,0.03333333333333333,roc_peak_drop,0.0435,1.8735362997657878
1121,ALEPH-USD,roc_momentum,buy,2025-12-26 02:30:00+00:00,0.0425,0.25,2025-12-26 02:31:00+00:00,0.0423,0.24882352941176467,588.2352941176471,-0.11764705882353277,-0.6164705882352974,-0.4705882352941311,0.016666666666666666,roc_reversal,0.0425,
1122,ALEPH-USD,roc_momentum,buy,2025-12-26 02:31:00+00:00,0.0423,0.25,2025-12-26 02:32:00+00:00,0.0422,0.24940898345153667,591.016548463357,-0.05910165484633329,-0.55851063829787,-0.23640661938533317,0.016666666666666666,roc_reversal,0.0423,-0.2358490566037763
1123,ALEPH-USD,roc_momentum,buy,2025-12-26 02:32:00+00:00,0.0422,0.25,2025-12-26 02:33:00+00:00,0.0426,0.25236966824644547,592.4170616113744,0.23696682464454832,-0.26540284360189714,0.9478672985781933,0.016666666666666666,roc_reversal,0.0426,-0.4672897196261627
1124,ALEPH-USD,roc_momentum,buy,2025-12-26 02:33:00+00:00,0.0426,0.25,2025-12-26 02:34:00+00:00,0.0434,0.2546948356807512,586.8544600938967,0.4694835680751186,-0.03521126760563257,1.8779342723004744,0.016666666666666666,roc_reversal,0.0434,-0.22988505747125743
1125,ALEPH-USD,roc_momentum,buy,2025-12-26 02:34:00+00:00,0.0434,0.25,2025-12-26 02:37:00+00:00,0.0424,0.24423963133640553,576.036866359447,-0.5760368663594475,-1.070276497695853,-2.30414746543779,0.05,roc_peak_drop,0.0434,1.4184397163120588
1126,ALEPH-USD,roc_momentum,buy,2025-12-26 02:37:00+00:00,0.0424,0.25,2025-12-26 02:39:00+00:00,0.0426,0.2511792452830189,589.622641509434,0.11792452830188607,-0.3832547169811328,0.4716981132075443,0.03333333333333333,roc_peak_drop,0.0428,0.4739336492890933
1127,ALEPH-USD,roc_momentum,buy,2025-12-26 02:39:00+00:00,0.0426,0.25,2025-12-26 02:40:00+00:00,0.0425,0.24941314553990612,586.8544600938967,-0.058685446009387285,-0.5580985915492934,-0.23474178403754914,0.016666666666666666,roc_reversal,0.0426,-1.1627906976743985
1128,ALEPH-USD,roc_momentum,buy,2025-12-26 02:40:00+00:00,0.0425,0.25,2025-12-26 02:41:00+00:00,0.0428,0.2517647058823529,588.2352941176471,0.176470588235291,-0.3252941176470619,0.705882352941164,0.016666666666666666,roc_reversal,0.0428,-0.2331002331002363
1129,ALEPH-USD,roc_momentum,buy,2025-12-26 02:41:00+00:00,0.0428,0.25,2025-12-26 02:46:00+00:00,0.0447,0.2610981308411215,584.1121495327103,1.109813084112149,0.5987149532710274,4.439252336448596,0.08333333333333333,take_profit,0.0447,4.439252336448596
1130,ALEPH-USD,roc_momentum,buy,2025-12-26 02:46:00+00:00,0.0447,0.25,2025-12-26 02:50:00+00:00,0.0447,0.25,559.2841163310962,0.0,-0.5,0.0,0.06666666666666667,roc_peak_drop,0.0447,4.439252336448596
1131,ALEPH-USD,roc_momentum,buy,2025-12-26 02:50:00+00:00,0.0447,0.25,2025-12-26 02:56:00+00:00,0.0464,0.2595078299776286,559.2841163310962,0.9507829977628637,0.441275167785235,3.8031319910514547,0.1,take_profit,0.0464,2.708803611738153
1132,ALEPH-USD,roc_momentum,buy,2025-12-26 02:56:00+00:00,0.0464,0.25,2025-12-26 02:58:00+00:00,0.046,0.2478448275862069,538.7931034482759,-0.21551724137930905,-0.713362068965516,-0.8620689655172362,0.03333333333333333,roc_peak_drop,0.0465,2.19780219780219
1133,ALEPH-USD,roc_momentum,buy,2025-12-26 02:58:00+00:00,0.046,0.25,2025-12-26 02:59:00+00:00,0.0431,0.23423913043478262,543.4782608695652,-1.576086956521739,-2.060326086956522,-6.304347826086956,0.016666666666666666,stop_loss,0.046,1.098901098901095
1134,ALEPH-USD,roc_momentum,buy,2025-12-26 02:59:00+00:00,0.0431,0.25,2025-12-26 03:00:00+00:00,0.0441,0.255800464037123,580.046403712297,0.5800464037122975,0.07424593967517454,2.32018561484919,0.016666666666666666,roc_reversal,0.0441,-3.7117903930131035
1135,ALEPH-USD,roc_momentum,buy,2025-12-26 03:00:00+00:00,0.0441,0.25,2025-12-26 03:01:00+00:00,0.0441,0.25,566.8934240362812,0.0,-0.5,0.0,0.016666666666666666,roc_reversal,0.0441,-3.7117903930131035
1136,ALEPH-USD,roc_momentum,buy,2025-12-26 03:01:00+00:00,0.0441,0.25,2025-12-26 03:02:00+00:00,0.0441,0.25,566.8934240362812,0.0,-0.5,0.0,0.016666666666666666,roc_reversal,0.0441,-4.956896551724133
1137,ALEPH-USD,roc_momentum,buy,2025-12-26 03:02:00+00:00,0.0441,0.25,2025-12-26 03:03:00+00:00,0.044,0.2494331065759637,566.8934240362812,-0.056689342403629744,-0.5561224489795934,-0.22675736961451898,0.016666666666666666,roc_reversal,0.0441,-4.34782608695653
1138,ALEPH-USD,roc_momentum,buy,2025-12-26 03:03:00+00:00,0.044,0.25,2025-12-26 03:04:00+00:00,0.0458,0.26022727272727275,568.1818181818182,1.0227272727272745,0.5125000000000017,4.090909090909098,0.016666666666666666,take_profit,0.0458,6.264501160092806
1139,ALEPH-USD,roc_momentum,buy,2025-12-26 03:04:00+00:00,0.0458,0.25,2025-12-26 03:05:00+00:00,0.0459,0.2505458515283843,545.8515283842795,0.05458515283842951,-0.4459606986899548,0.21834061135371804,0.016666666666666666,roc_peak_drop,0.0459,6.264501160092806
1140,ALEPH-USD,roc_momentum,buy,2025-12-26 03:05:00+00:00,0.0459,0.25,2025-12-26 03:09:00+00:00,0.045,0.24509803921568624,544.6623093681917,-0.4901960784313752,-0.9852941176470614,-1.9607843137255008,0.06666666666666667,roc_peak_drop,0.0459,4.081632653061229
1141,ALEPH-USD,roc_momentum,buy,2025-12-26 03:09:00+00:00,0.045,0.25,2025-12-26 03:10:00+00:00,0.0448,0.24888888888888888,555.5555555555555,-0.11111111111111044,-0.6099999999999993,-0.44444444444444176,0.016666666666666666,roc_reversal,0.045,-1.7467248908296984
1142,ALEPH-USD,roc_momentum,buy,2025-12-26 03:10:00+00:00,0.0448,0.25,2025-12-26 03:11:00+00:00,0.0452,0.25223214285714285,558.0357142857143,0.22321428571428437,-0.2790178571428585,0.8928571428571375,0.016666666666666666,roc_reversal,0.0452,-0.8771929824561542
1143,ALEPH-USD,roc_momentum,buy,2025-12-26 03:11:00+00:00,0.0452,0.25,2025-12-26 03:12:00+00:00,0.0448,0.24778761061946905,553.0973451327434,-0.22123893805309602,-0.7190265486725651,-0.8849557522123841,0.016666666666666666,roc_reversal,0.0452,-0.8771929824561542
1144,ALEPH-USD,roc_momentum,buy,2025-12-26 03:12:00+00:00,0.0448,0.25,2025-12-26 03:13:00+00:00,0.0452,0.25223214285714285,558.0357142857143,0.22321428571428437,-0.2790178571428585,0.8928571428571375,0.016666666666666666,roc_reversal,0.0452,-0.22075055187638082
1145,ALEPH-USD,roc_momentum,buy,2025-12-26 03:13:00+00:00,0.0452,0.25,2025-12-26 03:18:00+00:00,0.046,0.25442477876106195,553.0973451327434,0.4424778761061959,-0.06194690265486608,1.7699115044247835,0.08333333333333333,roc_peak_drop,0.046,2.678571428571419
1146,ALEPH-USD,roc_momentum,buy,2025-12-26 03:18:00+00:00,0.046,0.25,2025-12-26 03:19:00+00:00,0.0457,0.24836956521739129,543.4782608695652,-0.16304347826087046,-0.6614130434782618,-0.6521739130434818,0.016666666666666666,roc_peak_drop,0.046,1.7699115044247815
1147,ALEPH-USD,roc_momentum,buy,2025-12-26 03:19:00+00:00,0.0457,0.25,2025-12-26 03:21:00+00:00,0.0462,0.2527352297592998,547.0459518599563,0.2735229759299784,-0.22921225382932142,1.0940919037199135,0.03333333333333333,roc_peak_drop,0.0462,1.9911504424778848
1148,ALEPH-USD,roc_momentum,buy,2025-12-26 03:21:00+00:00,0.0462,0.25,2025-12-26 03:22:00+00:00,0.0463,0.25054112554112556,541.1255411255412,0.054112554112555666,-0.4464285714285699,0.21645021645022267,0.016666666666666666,roc_peak_drop,0.0463,1.0940919037199182
1149,ALEPH-USD,roc_momentum,buy,2025-12-26 03:22:00+00:00,0.0463,0.25,2025-12-26 03:25:00+00:00,0.0465,0.25107991360691145,539.9568034557235,0.10799136069114405,-0.3930885529157674,0.4319654427645762,0.05,roc_peak_drop,0.0467,1.521739130434785
1150,ALEPH-USD,roc_momentum,buy,2025-12-26 03:25:00+00:00,0.0465,0.25,2025-12-26 03:27:00+00:00,0.0464,0.24946236559139784,537.6344086021505,-0.053763440860216595,-0.5532258064516145,-0.21505376344086638,0.03333333333333333,roc_peak_drop,0.0465,0.867678958785234
1151,ALEPH-USD,roc_momentum,buy,2025-12-26 03:27:00+00:00,0.0464,0.25,2025-12-26 03:28:00+00:00,0.0464,0.25,538.7931034482759,0.0,-0.5,0.0,0.016666666666666666,roc_peak_drop,0.0464,0.21598272138227959
1152,ALEPH-USD,roc_momentum,buy,2025-12-26 03:28:00+00:00,0.0464,0.25,2025-12-26 03:29:00+00:00,0.0458,0.24676724137931036,538.7931034482759,-0.3232758620689636,-0.8200431034482739,-1.2931034482758543,0.016666666666666666,roc_reversal,0.0464,-0.6423982869379063
1153,ALEPH-USD,roc_momentum,buy,2025-12-26 03:30:00+00:00,0.0453,0.25,2025-12-26 03:31:00+00:00,0.045,0.24834437086092714,551.8763796909492,-0.16556291390728567,-0.6639072847682128,-0.6622516556291427,0.016666666666666666,roc_reversal,0.0453,-2.580645161290318
1154,ALEPH-USD,roc_momentum,buy,2025-12-26 03:31:00+00:00,0.045,0.25,2025-12-26 03:32:00+00:00,0.0451,0.2505555555555556,555.5555555555555,0.05555555555555715,-0.4449999999999984,0.2222222222222286,0.016666666666666666,roc_reversal,0.0451,-2.8017241379310276
1155,ALEPH-USD,roc_momentum,buy,2025-12-26 03:32:00+00:00,0.0451,0.25,2025-12-26 03:33:00+00:00,0.045,0.24944567627494454,554.3237250554323,-0.05543237250554482,-0.5548780487804894,-0.2217294900221793,0.016666666666666666,roc_reversal,0.0451,-2.8017241379310276
1156,ALEPH-USD,roc_momentum,buy,2025-12-26 03:33:00+00:00,0.045,0.25,2025-12-26 03:34:00+00:00,0.0454,0.25222222222222224,555.5555555555555,0.22222222222222474,-0.27999999999999753,0.8888888888888989,0.016666666666666666,roc_reversal,0.0454,-0.8733624454148381
1157,ALEPH-USD,roc_momentum,buy,2025-12-26 03:34:00+00:00,0.0454,0.25,2025-12-26 03:35:00+00:00,0.0442,0.2433920704845815,550.6607929515418,-0.66079295154185,-1.1541850220264316,-2.6431718061674,0.016666666666666666,roc_reversal,0.0454,-0.8733624454148381
1158,ALEPH-USD,roc_momentum,buy,2025-12-26 03:35:00+00:00,0.0442,0.25,2025-12-26 03:36:00+00:00,0.044,0.24886877828054296,565.6108597285067,-0.11312217194570459,-0.6119909502262475,-0.45248868778281837,0.016666666666666666,roc_reversal,0.0442,-2.2222222222222254
1159,ALEPH-USD,roc_momentum,buy,2025-12-26 03:36:00+00:00,0.044,0.25,2025-12-26 03:38:00+00:00,0.0438,0.24886363636363637,568.1818181818182,-0.11363636363636295,-0.6124999999999994,-0.4545454545454518,0.03333333333333333,roc_reversal,0.0451,
1160,ALEPH-USD,roc_momentum,buy,2025-12-26 03:39:00+00:00,0.0448,0.25,2025-12-26 03:42:00+00:00,0.0453,0.25279017857142855,558.0357142857143,0.2790178571428574,-0.22377232142857117,1.1160714285714295,0.05,roc_peak_drop,0.0459,3.8461538461538547
1161,ALEPH-USD,roc_momentum,buy,2025-12-26 03:42:00+00:00,0.0453,0.25,2025-12-26 03:43:00+00:00,0.0438,0.24172185430463575,551.8763796909492,-0.8278145695364246,-1.3195364238410603,-3.3112582781456985,0.016666666666666666,roc_peak_drop,0.0453,0.44345898004434225
1162,ALEPH-USD,roc_momentum,buy,2025-12-26 03:45:00+00:00,0.044,0.25,2025-12-26 03:46:00+00:00,0.044,0.25,568.1818181818182,0.0,-0.5,0.0,0.016666666666666666,roc_reversal,0.044,-2.8697571743929395
1163,ALEPH-USD,roc_momentum,buy,2025-12-26 03:46:00+00:00,0.044,0.25,2025-12-26 03:47:00+00:00,0.044,0.25,568.1818181818182,0.0,-0.5,0.0,0.016666666666666666,roc_reversal,0.044,-2.8697571743929395
1164,ALEPH-USD,roc_momentum,buy,2025-12-26 03:47:00+00:00,0.044,0.25,2025-12-26 03:49:00+00:00,0.0435,0.2471590909090909,568.1818181818182,-0.28409090909090934,-0.7812500000000002,-1.1363636363636374,0.03333333333333333,roc_peak_drop,0.0445,1.5981735159817267
1165,ALEPH-USD,roc_momentum,buy,2025-12-26 03:49:00+00:00,0.0435,0.25,2025-12-26 03:50:00+00:00,0.0435,0.25,574.7126436781609,0.0,-0.5,0.0,0.016666666666666666,roc_reversal,0.0435,-1.1363636363636354
1166,ALEPH-USD,roc_momentum,buy,2025-12-26 03:50:00+00:00,0.0435,0.25,2025-12-26 03:51:00+00:00,0.0429,0.24655172413793106,574.7126436781609,-0.34482758620689447,-0.8413793103448255,-1.3793103448275779,0.016666666666666666,roc_reversal,0.0435,-1.1363636363636354
1167,ALEPH-USD,roc_momentum,buy,2025-12-26 03:54:00+00:00,0.0432,0.25,2025-12-26 03:55:00+00:00,0.0428,0.24768518518518515,578.7037037037037,-0.2314814814814841,-0.7291666666666693,-0.9259259259259364,0.016666666666666666,roc_reversal,0.0432,-0.6896551724137834
1168,ALEPH-USD,roc_momentum,buy,2025-12-26 03:55:00+00:00,0.0428,0.25,2025-12-26 03:57:00+00:00,0.0425,0.2482476635514019,584.1121495327103,-0.17523364485981,-0.6734813084112119,-0.70093457943924,0.03333333333333333,roc_peak_drop,0.0431,0.4662004662004726
1169,ALEPH-USD,roc_momentum,buy,2025-12-26 03:57:00+00:00,0.0425,0.25,2025-12-26 03:59:00+00:00,0.0437,0.2570588235294118,588.2352941176471,0.7058823529411762,0.19882352941176445,2.8235294117647047,0.03333333333333333,roc_peak_drop,0.0437,1.904761904761898
1170,ALEPH-USD,roc_momentum,buy,2025-12-26 03:59:00+00:00,0.0437,0.25,2025-12-26 04:01:00+00:00,0.043,0.24599542334096106,572.0823798627002,-0.40045766590389364,-0.8964530892448548,-1.6018306636155746,0.03333333333333333,roc_peak_drop,0.0437,1.869158878504673
1171,ALEPH-USD,roc_momentum,buy,2025-12-26 04:01:00+00:00,0.043,0.25,2025-12-26 04:03:00+00:00,0.0429,0.2494186046511628,581.3953488372093,-0.05813953488371856,-0.5575581395348814,-0.23255813953487425,0.03333333333333333,roc_peak_drop,0.0431,1.4117647058823346
1172,ALEPH-USD,roc_momentum,buy,2025-12-26 04:03:00+00:00,0.0429,0.25,2025-12-26 04:04:00+00:00,0.0431,0.2511655011655012,582.7505827505828,0.11655011655011584,-0.3846153846153853,0.46620046620046335,0.016666666666666666,roc_peak_drop,0.0431,0.23364485981309802
1173,ALEPH-USD,roc_momentum,buy,2025-12-26 04:04:00+00:00,0.0431,0.25,2025-12-26 04:05:00+00:00,0.0431,0.25,580.046403712297,0.0,-0.5,0.0,0.016666666666666666,roc_reversal,0.0431,-1.1467889908256867
1174,ALEPH-USD,roc_momentum,buy,2025-12-26 04:05:00+00:00,0.0431,0.25,2025-12-26 04:07:00+00:00,0.0432,0.2505800464037123,580.046403712297,0.05800464037123136,-0.44257540603248097,0.23201856148492545,0.03333333333333333,roc_peak_drop,0.0439,2.093023255813975
1175,ALEPH-USD,roc_momentum,buy,2025-12-26 04:07:00+00:00,0.0432,0.25,2025-12-26 04:09:00+00:00,0.0433,0.25057870370370366,578.7037037037037,0.05787037037036801,-0.44270833333333565,0.23148148148147205,0.03333333333333333,roc_peak_drop,0.0433,0.6993006993007089
1176,ALEPH-USD,roc_momentum,buy,2025-12-26 04:09:00+00:00,0.0433,0.25,2025-12-26 04:11:00+00:00,0.0434,0.25057736720554274,577.3672055427252,0.057736720554274173,-0.44284064665126854,0.2309468822170967,0.03333333333333333,roc_peak_drop,0.0434,0.46403712296982924
1177,ALEPH-USD,roc_momentum,buy,2025-12-26 04:11:00+00:00,0.0434,0.25,2025-12-26 04:13:00+00:00,0.0431,0.24827188940092165,576.036866359447,-0.17281105990783505,-0.6710829493087567,-0.6912442396313402,0.03333333333333333,roc_peak_drop,0.0434,0.4629629629629539
1178,ALEPH-USD,roc_momentum,buy,2025-12-26 04:13:00+00:00,0.0431,0.25,2025-12-26 04:14:00+00:00,0.0431,0.25,580.046403712297,0.0,-0.5,0.0,0.016666666666666666,roc_reversal,0.0431,-0.23148148148148806
1179,ALEPH-USD,roc_momentum,buy,2025-12-26 04:14:00+00:00,0.0431,0.25,2025-12-26 04:16:00+00:00,0.043,0.24941995359628769,580.046403712297,-0.05800464037123136,-0.5574245939675191,-0.23201856148492545,0.03333333333333333,roc_reversal,0.0433,
1180,KAITO-USD,roc_momentum,buy,2025-12-27 02:40:00+00:00,0.6169,0.25,2025-12-27 02:41:00+00:00,0.616,0.249635273139893,40.52520667855406,-0.03647268601069913,-0.5361079591505922,-0.14589074404279653,0.016666666666666666,roc_peak_drop,0.6169,0.1786294251380216
1181,KAITO-USD,roc_momentum,buy,2025-12-27 02:41:00+00:00,0.616,0.25,2025-12-27 02:43:00+00:00,0.6147,0.2494724025974026,40.58441558441559,-0.05275974025973896,-0.5522321428571416,-0.21103896103895584,0.03333333333333333,roc_peak_drop,0.618,0.24330900243307862
1182,KAITO-USD,roc_momentum,buy,2025-12-27 02:43:00+00:00,0.6147,0.25,2025-12-27 02:44:00+00:00,0.6115,0.24869855213925493,40.67024564828371,-0.1301447860745071,-0.628843338213762,-0.5205791442980284,0.016666666666666666,roc_reversal,0.6147,-0.1948368241597609
1183,KAITO-USD,roc_momentum,buy,2025-12-27 02:44:00+00:00,0.6115,0.25,2025-12-27 02:45:00+00:00,0.6129,0.2505723630417007,40.883074407195416,0.05723630417007182,-0.4433360588716289,0.22894521668028728,0.016666666666666666,roc_reversal,0.6129,-0.6484033068568706
1184,KAITO-USD,roc_momentum,buy,2025-12-27 02:45:00+00:00,0.6129,0.25,2025-12-27 02:46:00+00:00,0.6105,0.2490210474791973,40.78968836678088,-0.09789525208027239,-0.5969162995594697,-0.39158100832108955,0.016666666666666666,roc_reversal,0.6129,-0.6484033068568706
1185,KAITO-USD,roc_momentum,buy,2025-12-27 02:46:00+00:00,0.6105,0.25,2025-12-27 02:47:00+00:00,0.6095,0.2495904995904996,40.95004095004095,-0.04095004095004098,-0.5405405405405406,-0.16380016380016393,0.016666666666666666,roc_reversal,0.6105,-0.8928571428571397
1186,KAITO-USD,roc_momentum,buy,2025-12-27 02:47:00+00:00,0.6095,0.25,2025-12-27 02:48:00+00:00,0.6096,0.25004101722723543,41.01722723543888,0.0041017227235434365,-0.495939294503692,0.016406890894173746,0.016666666666666666,roc_reversal,0.6096,-0.829673011224985
1187,KAITO-USD,roc_momentum,buy,2025-12-27 02:48:00+00:00,0.6096,0.25,2025-12-27 02:50:00+00:00,0.6099,0.25012303149606296,41.01049868766404,0.012303149606297857,-0.4878198818897651,0.04921259842519143,0.03333333333333333,roc_reversal,0.6115,
1188,KAITO-USD,roc_momentum,buy,2025-12-27 02:50:00+00:00,0.6099,0.25,2025-12-27 02:51:00+00:00,0.6079,0.24918019347434006,40.99032628299721,-0.0819806525659945,-0.5811608460403346,-0.327922610263978,0.016666666666666666,roc_reversal,0.6099,-0.4258804258804316
1189,KAITO-USD,roc_momentum,buy,2025-12-27 02:51:00+00:00,0.6079,0.25,2025-12-27 02:57:00+00:00,0.6169,0.2537012666557,41.125185063332786,0.3701266655699954,-0.13357460108570457,1.4805066622799816,0.1,roc_peak_drop,0.6209,2.1385096232933165
1190,KAITO-USD,roc_momentum,buy,2025-12-27 02:57:00+00:00,0.6169,0.25,2025-12-27 02:58:00+00:00,0.6159,0.24959474793321446,40.52520667855406,-0.040525206678554096,-0.5401199546117685,-0.16210082671421638,0.016666666666666666,roc_peak_drop,0.6169,0.9986902423051669
1191,KAITO-USD,roc_momentum,buy,2025-12-27 02:58:00+00:00,0.6159,0.25,2025-12-27 02:59:00+00:00,0.614,0.2492287709043676,40.591005033284624,-0.0771229095632413,-0.5763516804676089,-0.3084916382529652,0.016666666666666666,roc_peak_drop,0.6159,0.3911980440097773
1192,KAITO-USD,roc_momentum,buy,2025-12-27 02:59:00+00:00,0.614,0.25,2025-12-27 03:00:00+00:00,0.6139,0.24995928338762216,40.71661237785016,-0.004071661237784568,-0.5040309446254068,-0.016286644951138272,0.016666666666666666,roc_reversal,0.614,-0.919948353776634
1193,KAITO-USD,roc_momentum,buy,2025-12-27 03:00:00+00:00,0.6139,0.25,2025-12-27 03:01:00+00:00,0.6128,0.24955204430689037,40.723244828147905,-0.044795569310962284,-0.5443476136178527,-0.17918227724384914,0.016666666666666666,roc_reversal,0.6139,-0.919948353776634
1194,KAITO-USD,roc_momentum,buy,2025-12-27 03:01:00+00:00,0.6128,0.25,2025-12-27 03:02:00+00:00,0.6144,0.2506527415143603,40.79634464751958,0.06527415143602867,-0.43537859007833163,0.2610966057441147,0.016666666666666666,roc_reversal,0.6144,-0.40525206678555525
1195,KAITO-USD,roc_momentum,buy,2025-12-27 03:02:00+00:00,0.6144,0.25,2025-12-27 03:05:00+00:00,0.6148,0.2501627604166667,40.69010416666667,0.01627604166666939,-0.4838867187499973,0.06510416666667757,0.05,roc_peak_drop,0.6169,0.390879478827344
1196,KAITO-USD,roc_momentum,buy,2025-12-27 03:05:00+00:00,0.6148,0.25,2025-12-27 03:14:00+00:00,0.6383,0.25955595315549773,40.663630448926476,0.9555953155497708,0.44603936239427316,3.8223812621990834,0.15,take_profit,0.6383,2.2097678142513955
1197,KAITO-USD,roc_momentum,buy,2025-12-27 03:14:00+00:00,0.6383,0.25,2025-12-27 03:15:00+00:00,0.6361,0.24913833620554598,39.16653611154629,-0.08616637944540106,-0.585304715650947,-0.34466551778160426,0.016666666666666666,roc_peak_drop,0.6383,2.2097678142513955
1198,KAITO-USD,roc_momentum,buy,2025-12-27 03:15:00+00:00,0.6361,0.25,2025-12-27 03:17:00+00:00,0.6389,0.2511004559031599,39.3019965414243,0.11004559031598903,-0.39105486558717084,0.4401823612639561,0.03333333333333333,roc_peak_drop,0.6422,2.2937241159604937
1199,KAITO-USD,roc_momentum,buy,2025-12-27 03:17:00+00:00,0.6389,0.25,2025-12-27 03:18:00+00:00,0.636,0.24886523712631084,39.12975426514321,-0.11347628736891585,-0.6123415244952267,-0.4539051494756634,0.016666666666666666,roc_peak_drop,0.6389,0.9161269941557526
1200,KAITO-USD,roc_momentum,buy,2025-12-27 03:18:00+00:00,0.636,0.25,2025-12-27 03:19:00+00:00,0.6322,0.2485062893081761,39.30817610062893,-0.14937106918239093,-0.647877358490567,-0.5974842767295637,0.016666666666666666,roc_peak_drop,0.636,0.01572574304136154
1201,KAITO-USD,roc_momentum,buy,2025-12-27 03:19:00+00:00,0.6322,0.25,2025-12-27 03:20:00+00:00,0.6294,0.2488927554571338,39.544447959506485,-0.11072445428661913,-0.609617209743753,-0.4428978171464765,0.016666666666666666,roc_reversal,0.6322,-0.9556634811217268
1202,KAITO-USD,roc_momentum,buy,2025-12-27 03:20:00+00:00,0.6294,0.25,2025-12-27 03:21:00+00:00,0.6269,0.2490069907848745,39.72036860502066,-0.09930092151254953,-0.5983079122974241,-0.3972036860501981,0.016666666666666666,roc_reversal,0.6294,-1.0532935073101823
1203,KAITO-USD,roc_momentum,buy,2025-12-27 03:21:00+00:00,0.6269,0.25,2025-12-27 03:22:00+00:00,0.6281,0.2504785452225235,39.87876854362737,0.047854522252352004,-0.4526240229701715,0.19141808900940802,0.016666666666666666,roc_reversal,0.6281,-1.69040538425419
1204,KAITO-USD,roc_momentum,buy,2025-12-27 03:22:00+00:00,0.6281,0.25,2025-12-27 03:23:00+00:00,0.6282,0.2500398025792071,39.802579207132624,0.003980257920712824,-0.4960595446584943,0.015921031682851295,0.016666666666666666,roc_reversal,0.6282,-1.226415094339628
1205,KAITO-USD,roc_momentum,buy,2025-12-27 03:23:00+00:00,0.6282,0.25,2025-12-27 03:24:00+00:00,0.6317,0.25139286851321235,39.79624323463865,0.1392868513212376,-0.36210601719197477,0.5571474052849504,0.016666666666666666,roc_reversal,0.6317,-0.07908889591899948
1206,KAITO-USD,roc_momentum,buy,2025-12-27 03:24:00+00:00,0.6317,0.25,2025-12-27 03:27:00+00:00,0.63,0.24932721228431215,39.57574798163685,-0.06727877156878402,-0.5666059838530961,-0.2691150862751361,0.05,roc_peak_drop,0.6341,0.8773329079597936
1207,KAITO-USD,roc_momentum,buy,2025-12-27 03:27:00+00:00,0.63,0.25,2025-12-27 03:28:00+00:00,0.6248,0.24793650793650795,39.682539682539684,-0.20634920634920564,-0.7042857142857136,-0.8253968253968226,0.016666666666666666,roc_peak_drop,0.63,0.30249960197421544
1208,KAITO-USD,roc_momentum,buy,2025-12-27 03:28:00+00:00,0.6248,0.25,2025-12-27 03:29:00+00:00,0.6271,0.25092029449423814,40.01280409731114,0.09202944942381437,-0.4088908450704238,0.3681177976952575,0.016666666666666666,roc_reversal,0.6271,-0.5412289079910759
1209,KAITO-USD,roc_momentum,buy,2025-12-27 03:29:00+00:00,0.6271,0.25,2025-12-27 03:30:00+00:00,0.63,0.251156115452081,39.86605007175889,0.11561154520810132,-0.3855445702439797,0.4624461808324053,0.016666666666666666,roc_reversal,0.63,-0.6465857120327989
1210,KAITO-USD,roc_momentum,buy,2025-12-27 03:30:00+00:00,0.63,0.25,2025-12-27 03:31:00+00:00,0.6252,0.2480952380952381,39.682539682539684,-0.19047619047619152,-0.6885714285714296,-0.7619047619047661,0.016666666666666666,roc_reversal,0.63,-0.6465857120327989
1211,KAITO-USD,roc_momentum,buy,2025-12-27 03:31:00+00:00,0.6252,0.25,2025-12-27 03:32:00+00:00,0.6265,0.25051983365323094,39.9872040946897,0.051983365323095325,-0.4485364683301356,0.2079334612923813,0.016666666666666666,roc_reversal,0.6265,-0.5555555555555647
1212,KAITO-USD,roc_momentum,buy,2025-12-27 03:32:00+00:00,0.6265,0.25,2025-12-27 03:33:00+00:00,0.6215,0.24800478850758184,39.90422984836393,-0.1995211492418154,-0.6975259377493972,-0.7980845969672616,0.016666666666666666,roc_reversal,0.6265,-0.5281690140845008
1213,KAITO-USD,roc_momentum,buy,2025-12-27 03:33:00+00:00,0.6215,0.25,2025-12-27 03:34:00+00:00,0.6182,0.2486725663716814,40.22526146419951,-0.13274336283186164,-0.6314159292035431,-0.5309734513274466,0.016666666666666666,roc_reversal,0.6215,-0.5281690140845008
1214,KAITO-USD,roc_momentum,buy,2025-12-27 03:34:00+00:00,0.6182,0.25,2025-12-27 03:35:00+00:00,0.6175,0.2497169200905856,40.43998705920414,-0.028307990941439782,-0.5280249110320254,-0.11323196376575913,0.016666666666666666,roc_reversal,0.6182,-1.41923138255462
1215,KAITO-USD,roc_momentum,buy,2025-12-27 03:35:00+00:00,0.6175,0.25,2025-12-27 03:36:00+00:00,0.6155,0.2491902834008097,40.48582995951417,-0.08097165991902841,-0.5801619433198382,-0.32388663967611364,0.016666666666666666,roc_reversal,0.6175,-1.5515035188739534
1216,KAITO-USD,roc_momentum,buy,2025-12-27 03:36:00+00:00,0.6155,0.25,2025-12-27 03:37:00+00:00,0.6159,0.2501624695369618,40.61738424045491,0.016246953696180174,-0.48391551584078163,0.0649878147847207,0.016666666666666666,roc_reversal,0.6159,-1.5515035188739534
1217,KAITO-USD,roc_momentum,buy,2025-12-27 03:37:00+00:00,0.6159,0.25,2025-12-27 03:38:00+00:00,0.6192,0.2513395031660984,40.591005033284624,0.13395031660983803,-0.36738918655626035,0.5358012664393521,0.016666666666666666,roc_reversal,0.6192,-0.370072405470645
1218,KAITO-USD,roc_momentum,buy,2025-12-27 03:38:00+00:00,0.6192,0.25,2025-12-27 03:40:00+00:00,0.618,0.249515503875969,40.37467700258398,-0.048449612403099925,-0.547965116279069,-0.1937984496123997,0.03333333333333333,roc_peak_drop,0.6192,0.16175994823681705
1219,KAITO-USD,roc_momentum,buy,2025-12-27 03:40:00+00:00,0.618,0.25,2025-12-27 03:43:00+00:00,0.619,0.25040453074433655,40.45307443365696,0.04045307443365699,-0.4599514563106796,0.16181229773462796,0.05,roc_peak_drop,0.622,0.9904205228121521
1220,KAITO-USD,roc_momentum,buy,2025-12-27 03:43:00+00:00,0.619,0.25,2025-12-27 03:46:00+00:00,0.6238,0.2519386106623587,40.38772213247173,0.19386106623586538,-0.30807754442649327,0.7754442649434615,0.05,roc_peak_drop,0.6238,0.922330097087376
1221,KAITO-USD,roc_momentum,buy,2025-12-27 03:46:00+00:00,0.6238,0.25,2025-12-27 03:47:00+00:00,0.6207,0.24875761462007054,40.07694773966015,-0.12423853799294612,-0.6229961526130167,-0.4969541519717845,0.016666666666666666,roc_peak_drop,0.6238,0.5642431081734678
1222,KAITO-USD,roc_momentum,buy,2025-12-27 03:47:00+00:00,0.6207,0.25,2025-12-27 03:49:00+00:00,0.6222,0.25060415659739005,40.27710649266957,0.06041565973900216,-0.44018849685838785,0.24166263895600865,0.03333333333333333,roc_peak_drop,0.6222,0.3392568659127626
1223,KAITO-USD,roc_momentum,buy,2025-12-27 03:49:00+00:00,0.6222,0.25,2025-12-27 03:50:00+00:00,0.6216,0.2497589199614272,40.18000642880103,-0.024108003857277963,-0.5238669238187051,-0.09643201542911185,0.016666666666666666,roc_reversal,0.6222,-0.016069419893938175
1224,KAITO-USD,roc_momentum,buy,2025-12-27 03:50:00+00:00,0.6216,0.25,2025-12-27 03:51:00+00:00,0.6188,0.24887387387387386,40.21879021879022,-0.1126126126126136,-0.6114864864864875,-0.4504504504504544,0.016666666666666666,roc_reversal,0.6216,-0.33670033670033517
1225,KAITO-USD,roc_momentum,buy,2025-12-27 03:51:00+00:00,0.6188,0.25,2025-12-27 03:54:00+00:00,0.6219,0.2512524240465417,40.40077569489334,0.12524240465416903,-0.37601001939237266,0.5009696186166761,0.05,roc_peak_drop,0.6225,0.22540653678957412
1226,KAITO-USD,roc_momentum,buy,2025-12-27 03:54:00+00:00,0.6219,0.25,2025-12-27 03:55:00+00:00,0.6192,0.24891461649782923,40.19938896928767,-0.10853835021707814,-0.6074529667149073,-0.43415340086831256,0.016666666666666666,roc_reversal,0.6219,-0.048216007714552145
1227,KAITO-USD,roc_momentum,buy,2025-12-27 03:55:00+00:00,0.6192,0.25,2025-12-27 03:57:00+00:00,0.6222,0.2512112403100775,40.37467700258398,0.12112403100775206,-0.3800872093023255,0.4844961240310082,0.03333333333333333,roc_peak_drop,0.6227,0.6302521008403339
1228,KAITO-USD,roc_momentum,buy,2025-12-27 03:57:00+00:00,0.6222,0.25,2025-12-27 03:59:00+00:00,0.6211,0.2495580199292832,40.18000642880103,-0.04419800707168073,-0.5437560270009639,-0.1767920282867229,0.03333333333333333,roc_peak_drop,0.6241,0.2570281124497864
1229,KAITO-USD,roc_momentum,buy,2025-12-27 03:59:00+00:00,0.6211,0.25,2025-12-27 04:00:00+00:00,0.613,0.24673965545000806,40.25116728385123,-0.3260344549991948,-0.8227741104492029,-1.3041378199967792,0.016666666666666666,roc_reversal,0.6211,-0.12863804470172324
1230,KAITO-USD,roc_momentum,buy,2025-12-27 04:00:00+00:00,0.613,0.25,2025-12-27 04:01:00+00:00,0.6114,0.24934747145187605,40.783034257748774,-0.06525285481239539,-0.5646003262642715,-0.26101141924958154,0.016666666666666666,roc_reversal,0.613,-1.001291989664077
1231,KAITO-USD,roc_momentum,buy,2025-12-27 04:01:00+00:00,0.6114,0.25,2025-12-27 04:02:00+00:00,0.6105,0.24963199214916584,40.88976120379456,-0.036800785083415596,-0.5364327772325814,-0.14720314033366239,0.016666666666666666,roc_reversal,0.6114,-1.81467801509555
1232,KAITO-USD,roc_momentum,buy,2025-12-27 04:02:00+00:00,0.6105,0.25,2025-12-27 04:03:00+00:00,0.6105,0.25,40.95004095004095,0.0,-0.5,0.0,0.016666666666666666,roc_reversal,0.6105,-1.8804243008678778
1233,KAITO-USD,roc_momentum,buy,2025-12-27 04:03:00+00:00,0.6105,0.25,2025-12-27 04:04:00+00:00,0.6099,0.24975429975429975,40.95004095004095,-0.024570024570026407,-0.5243243243243262,-0.09828009828010563,0.016666666666666666,roc_reversal,0.6105,-1.8032522943165374
1234,KAITO-USD,roc_momentum,buy,2025-12-27 04:04:00+00:00,0.6099,0.25,2025-12-27 04:05:00+00:00,0.6109,0.25040990326282997,40.99032628299721,0.04099032628299725,-0.4594195769798327,0.163961305131989,0.016666666666666666,roc_reversal,0.6109,-0.34257748776508334
1235,KAITO-USD,roc_momentum,buy,2025-12-27 04:05:00+00:00,0.6109,0.25,2025-12-27 04:07:00+00:00,0.6129,0.2508184645604845,40.92322802422655,0.08184645604845317,-0.41897200851203137,0.3273858241938127,0.03333333333333333,roc_peak_drop,0.6152,0.6215243702976547
1236,KAITO-USD,roc_momentum,buy,2025-12-27 04:07:00+00:00,0.6129,0.25,2025-12-27 04:10:00+00:00,0.6124,0.24979605155816612,40.78968836678088,-0.020394844183388192,-0.5201908957415543,-0.08157937673355277,0.05,roc_peak_drop,0.6135,0.5902606984751646
1237,KAITO-USD,roc_momentum,buy,2025-12-27 04:10:00+00:00,0.6124,0.25,2025-12-27 04:11:00+00:00,0.6122,0.24991835401698234,40.822991508817765,-0.008164598301767186,-0.5080829523187496,-0.032658393207068745,0.016666666666666666,roc_peak_drop,0.6124,0.24553936814537547
1238,KAITO-USD,roc_momentum,buy,2025-12-27 04:11:00+00:00,0.6122,0.25,2025-12-27 04:12:00+00:00,0.612,0.24991832734400524,40.836327997386476,-0.008167265599476396,-0.5080855929434817,-0.03266906239790558,0.016666666666666666,roc_reversal,0.6122,-0.1468428781204123
1239,KAITO-USD,roc_momentum,buy,2025-12-27 04:12:00+00:00,0.612,0.25,2025-12-27 04:13:00+00:00,0.6122,0.25008169934640523,40.84967320261438,0.008169934640521976,-0.49191176470588327,0.032679738562087904,0.016666666666666666,roc_reversal,0.6122,-0.14679497634969563
1240,KAITO-USD,roc_momentum,buy,2025-12-27 04:13:00+00:00,0.6122,0.25,2025-12-27 04:14:00+00:00,0.6115,0.24971414570401831,40.836327997386476,-0.028585429598167386,-0.5282995753021857,-0.11434171839266954,0.016666666666666666,roc_reversal,0.6122,-0.14679497634969563
1241,KAITO-USD,roc_momentum,buy,2025-12-27 04:14:00+00:00,0.6115,0.25,2025-12-27 04:15:00+00:00,0.6117,0.2500817661488144,40.883074407195416,0.008176614881438183,-0.4919051512673762,0.03270645952575273,0.016666666666666666,roc_reversal,0.6117,-0.11430437622469425
1242,KAITO-USD,roc_momentum,buy,2025-12-27 04:15:00+00:00,0.6117,0.25,2025-12-27 04:16:00+00:00,0.6089,0.24885564819355893,40.869707372895206,-0.1144351806441076,-0.6132908288376665,-0.4577407225764304,0.016666666666666666,roc_reversal,0.6117,-0.11430437622469425
1243,KAITO-USD,roc_momentum,buy,2025-12-27 04:16:00+00:00,0.6089,0.25,2025-12-27 04:17:00+00:00,0.6077,0.24950730826079817,41.057644933486614,-0.04926917392018307,-0.5487764821809813,-0.19707669568073227,0.016666666666666666,roc_reversal,0.6089,-0.5390395295654993
1244,KAITO-USD,roc_momentum,buy,2025-12-27 04:17:00+00:00,0.6077,0.25,2025-12-27 04:18:00+00:00,0.6081,0.25016455487905215,41.138719763040974,0.016455487905214578,-0.4837090669738376,0.06582195162085831,0.016666666666666666,roc_reversal,0.6081,-0.6697157791571318
1245,KAITO-USD,roc_momentum,buy,2025-12-27 04:18:00+00:00,0.6081,0.25,2025-12-27 04:19:00+00:00,0.61,0.2507811215260648,41.111659266568,0.07811215260647973,-0.42266896891958505,0.3124486104259189,0.016666666666666666,roc_reversal,0.61,-0.24529844644318732
1246,KAITO-USD,roc_momentum,buy,2025-12-27 04:19:00+00:00,0.61,0.25,2025-12-27 04:20:00+00:00,0.6102,0.25008196721311476,40.98360655737705,0.008196721311474506,-0.49188524590164023,0.032786885245898026,0.016666666666666666,roc_reversal,0.6102,-0.24521824423737737
1247,KAITO-USD,roc_momentum,buy,2025-12-27 04:20:00+00:00,0.6102,0.25,2025-12-27 04:24:00+00:00,0.6131,0.25118813503769255,40.970173713536546,0.11881350376925655,-0.382374631268436,0.4752540150770262,0.06666666666666667,roc_peak_drop,0.6131,0.888596346881676
1248,KAITO-USD,roc_momentum,buy,2025-12-27 04:24:00+00:00,0.6131,0.25,2025-12-27 04:27:00+00:00,0.6131,0.25,40.77638231936063,0.0,-0.5,0.0,0.05,roc_peak_drop,0.6131,0.5081967213114824
1249,KAITO-USD,roc_momentum,buy,2025-12-27 04:27:00+00:00,0.6131,0.25,2025-12-27 05:13:00+00:00,0.6066,0.24734953514924157,40.77638231936063,-0.26504648507584205,-0.7623960202250837,-1.0601859403033682,0.7666666666666667,roc_reversal,0.6131,
1250,KAITO-USD,roc_momentum,buy,2025-12-27 05:25:00+00:00,0.6137,0.25,2025-12-27 05:27:00+00:00,0.6039,0.2460078214111129,40.73651621313345,-0.3992178588887091,-0.895225680299822,-1.5968714355548363,0.03333333333333333,roc_peak_drop,0.6144,0.491239561159329
1251,STORJ-USD,roc_momentum,buy,2025-12-28 06:28:00+00:00,0.1588,0.25,2025-12-28 06:31:00+00:00,0.1595,0.2511020151133501,157.43073047858942,0.11020151133501357,-0.39090050377833657,0.4408060453400543,0.05,roc_peak_drop,0.1622,3.24633991088481
1252,STORJ-USD,roc_momentum,buy,2025-12-28 06:31:00+00:00,0.1595,0.25,2025-12-28 06:33:00+00:00,0.156,0.2445141065830721,156.7398119122257,-0.5485893416927905,-1.0431034482758625,-2.194357366771162,0.03333333333333333,roc_peak_drop,0.1595,0.9493670886076
1253,STORJ-USD,roc_momentum,buy,2025-12-28 07:09:00+00:00,0.16,0.25,2025-12-28 07:14:00+00:00,0.1676,0.26187499999999997,156.25,1.1874999999999993,0.6756249999999993,4.749999999999997,0.08333333333333333,take_profit,0.1676,5.226258763543656
1254,STORJ-USD,roc_momentum,buy,2025-12-28 07:14:00+00:00,0.1676,0.25,2025-12-28 07:15:00+00:00,0.1643,0.24507756563245825,149.16467780429593,-0.4922434367541762,-0.9873210023866344,-1.9689737470167048,0.016666666666666666,roc_peak_drop,0.1676,4.749999999999988
1255,STORJ-USD,roc_momentum,buy,2025-12-28 07:15:00+00:00,0.1643,0.25,2025-12-28 07:16:00+00:00,0.1638,0.24923919659160074,152.16068167985392,-0.07608034083992703,-0.5753195374315277,-0.3043213633597081,0.016666666666666666,roc_peak_drop,0.1643,1.169950738916259
1256,STORJ-USD,roc_momentum,buy,2025-12-28 07:16:00+00:00,0.1638,0.25,2025-12-28 07:17:00+00:00,0.1646,0.2512210012210012,152.62515262515262,0.12210012210012136,-0.37912087912087983,0.48840048840048544,0.016666666666666666,roc_peak_drop,0.1646,0.18348623853210455
1257,STORJ-USD,roc_momentum,buy,2025-12-28 07:17:00+00:00,0.1646,0.25,2025-12-28 07:18:00+00:00,0.1641,0.24924058323207776,151.88335358444715,-0.07594167679222365,-0.5751822600243014,-0.3037667071688946,0.016666666666666666,roc_reversal,0.1646,-0.12172854534389099
1258,STORJ-USD,roc_momentum,buy,2025-12-28 07:18:00+00:00,0.1641,0.25,2025-12-28 07:19:00+00:00,0.163,0.24832419256550886,152.34613040828762,-0.16758074344911486,-0.6659049360146237,-0.6703229737964594,0.016666666666666666,roc_reversal,0.1641,-0.12172854534389099
1259,STORJ-USD,roc_momentum,buy,2025-12-28 07:19:00+00:00,0.163,0.25,2025-12-28 07:20:00+00:00,0.1611,0.24708588957055214,153.37423312883436,-0.2914110429447872,-0.7884969325153394,-1.1656441717791488,0.016666666666666666,roc_reversal,0.163,-1.9476567255021338
1260,STORJ-USD,roc_momentum,buy,2025-12-28 07:20:00+00:00,0.1611,0.25,2025-12-28 07:21:00+00:00,0.1611,0.25,155.18311607697083,0.0,-0.5,0.0,0.016666666666666666,roc_reversal,0.1611,-1.6483516483516536
1261,STORJ-USD,roc_momentum,buy,2025-12-28 07:21:00+00:00,0.1611,0.25,2025-12-28 07:22:00+00:00,0.1603,0.24875853507138423,155.18311607697083,-0.12414649286157592,-0.6229050279329602,-0.4965859714463037,0.016666666666666666,roc_reversal,0.1611,-1.6483516483516536
1262,STORJ-USD,roc_momentum,buy,2025-12-28 07:22:00+00:00,0.1603,0.25,2025-12-28 07:23:00+00:00,0.1595,0.2487523393636931,155.95757953836556,-0.1247660636306917,-0.6235184029943848,-0.4990642545227668,0.016666666666666666,roc_reversal,0.1603,-2.6123936816524918
1263,STORJ-USD,roc_momentum,buy,2025-12-28 07:23:00+00:00,0.1595,0.25,2025-12-28 07:24:00+00:00,0.1623,0.2543887147335423,156.7398119122257,0.4388714733542315,-0.06551724137931082,1.755485893416926,0.016666666666666666,roc_reversal,0.1623,-0.4294478527607448
1264,STORJ-USD,roc_momentum,buy,2025-12-28 07:24:00+00:00,0.1623,0.25,2025-12-28 07:29:00+00:00,0.1646,0.25354282193468886,154.03573629081947,0.35428219346888423,-0.1492606284658046,1.417128773875537,0.08333333333333333,roc_peak_drop,0.1646,2.5705329153604906
1265,STORJ-USD,roc_momentum,buy,2025-12-28 07:29:00+00:00,0.1646,0.25,2025-12-28 07:33:00+00:00,0.1661,0.2522782503037667,151.88335358444715,0.22782503037667093,-0.27445321992709576,0.9113001215066837,0.06666666666666667,roc_peak_drop,0.1675,2.886977886977893
1266,STORJ-USD,roc_momentum,buy,2025-12-28 07:33:00+00:00,0.1661,0.25,2025-12-28 07:34:00+00:00,0.1655,0.24909692956050575,150.51173991571343,-0.09030704394942647,-0.5894039735099322,-0.3612281757977059,0.016666666666666666,roc_peak_drop,0.1661,1.5281173594132058
1267,STORJ-USD,roc_momentum,buy,2025-12-28 07:34:00+00:00,0.1655,0.25,2025-12-28 07:36:00+00:00,0.1672,0.2525679758308157,151.05740181268882,0.25679758308156786,-0.2457703927492478,1.0271903323262714,0.03333333333333333,roc_peak_drop,0.1672,0.5467800729040073
1268,STORJ-USD,roc_momentum,buy,2025-12-28 07:36:00+00:00,0.1672,0.25,2025-12-28 07:41:00+00:00,0.168,0.25119617224880386,149.52153110047848,0.11961722488038622,-0.38157894736841763,0.47846889952154487,0.08333333333333333,roc_peak_drop,0.1687,1.449275362318847
1269,STORJ-USD,roc_momentum,buy,2025-12-28 07:41:00+00:00,0.168,0.25,2025-12-28 07:42:00+00:00,0.168,0.25,148.8095238095238,0.0,-0.5,0.0,0.016666666666666666,roc_peak_drop,0.168,0.4784688995215447
1270,STORJ-USD,roc_momentum,buy,2025-12-28 07:42:00+00:00,0.168,0.25,2025-12-28 07:43:00+00:00,0.1676,0.24940476190476188,148.8095238095238,-0.05952380952381123,-0.5589285714285731,-0.2380952380952449,0.016666666666666666,roc_reversal,0.168,-0.23809523809524835
1271,STORJ-USD,roc_momentum,buy,2025-12-28 07:43:00+00:00,0.1676,0.25,2025-12-28 07:46:00+00:00,0.1736,0.25894988066825775,149.16467780429593,0.8949880668257765,0.38603818615751867,3.579952267303106,0.05,take_profit,0.1736,3.3333333333333215
1272,STORJ-USD,roc_momentum,buy,2025-12-28 07:46:00+00:00,0.1736,0.25,2025-12-28 07:47:00+00:00,0.1718,0.2474078341013825,144.00921658986175,-0.25921658986175056,-0.7566244239631331,-1.0368663594470022,0.016666666666666666,roc_peak_drop,0.1736,3.3333333333333215
1273,STORJ-USD,roc_momentum,buy,2025-12-28 07:47:00+00:00,0.1718,0.25,2025-12-28 07:50:00+00:00,0.1732,0.25203725261932475,145.51804423748544,0.20372526193247736,-0.2983119906868474,0.8149010477299095,0.05,roc_peak_drop,0.1749,3.9215686274509665
1274,STORJ-USD,roc_momentum,buy,2025-12-28 07:50:00+00:00,0.1732,0.25,2025-12-28 07:51:00+00:00,0.1745,0.25187644341801385,144.3418013856813,0.18764434180138506,-0.3142321016166288,0.7505773672055402,0.016666666666666666,roc_peak_drop,0.1745,1.345816266822708
1275,STORJ-USD,roc_momentum,buy,2025-12-28 07:51:00+00:00,0.1745,0.25,2025-12-28 07:53:00+00:00,0.1718,0.24613180515759314,143.26647564469914,-0.38681948424068485,-0.882951289398278,-1.5472779369627394,0.03333333333333333,roc_peak_drop,0.1745,0.640279394644927
1276,STORJ-USD,roc_momentum,buy,2025-12-28 07:53:00+00:00,0.1718,0.25,2025-12-28 07:54:00+00:00,0.1715,0.24956344586728754,145.51804423748544,-0.043655413271244864,-0.5432188591385324,-0.17462165308497946,0.016666666666666666,roc_reversal,0.1718,-1.2075905692926936
1277,STORJ-USD,roc_momentum,buy,2025-12-28 07:54:00+00:00,0.1715,0.25,2025-12-28 07:55:00+00:00,0.1702,0.24810495626822154,145.77259475218656,-0.18950437317784596,-0.6876093294460675,-0.7580174927113839,0.016666666666666666,roc_reversal,0.1715,-1.7321016166281789
1278,STORJ-USD,roc_momentum,buy,2025-12-28 07:55:00+00:00,0.1702,0.25,2025-12-28 07:56:00+00:00,0.1692,0.24853113983548766,146.88601645123384,-0.14688601645123397,-0.6454171562867217,-0.5875440658049359,0.016666666666666666,roc_reversal,0.1702,-1.7321016166281789
1279,STORJ-USD,roc_momentum,buy,2025-12-28 07:56:00+00:00,0.1692,0.25,2025-12-28 07:57:00+00:00,0.1689,0.2495567375886525,147.75413711583926,-0.044326241134751,-0.5438829787234035,-0.177304964539004,0.016666666666666666,roc_reversal,0.1692,-2.3134759976865316
1280,STORJ-USD,roc_momentum,buy,2025-12-28 07:57:00+00:00,0.1689,0.25,2025-12-28 07:58:00+00:00,0.1688,0.2498519834221433,148.01657785671995,-0.014801657785670365,-0.5146536412078137,-0.05920663114268146,0.016666666666666666,roc_reversal,0.1689,-1.7462165308498312
1281,STORJ-USD,roc_momentum,buy,2025-12-28 07:58:00+00:00,0.1688,0.25,2025-12-28 07:59:00+00:00,0.1688,0.25,148.1042654028436,0.0,-0.5,0.0,0.016666666666666666,roc_reversal,0.1688,-1.574344023323615
1282,STORJ-USD,roc_momentum,buy,2025-12-28 07:59:00+00:00,0.1688,0.25,2025-12-28 08:00:00+00:00,0.1688,0.25,148.1042654028436,0.0,-0.5,0.0,0.016666666666666666,roc_reversal,0.1688,-0.8225616921268997
1283,STORJ-USD,roc_momentum,buy,2025-12-28 08:00:00+00:00,0.1688,0.25,2025-12-28 08:01:00+00:00,0.1688,0.25,148.1042654028436,0.0,-0.5,0.0,0.016666666666666666,roc_reversal,0.1688,-0.23640661938533203
1284,STORJ-USD,roc_momentum,buy,2025-12-28 08:01:00+00:00,0.1688,0.25,2025-12-28 08:02:00+00:00,0.1688,0.25,148.1042654028436,0.0,-0.5,0.0,0.016666666666666666,roc_reversal,0.1688,-0.0592066311426831
1285,STORJ-USD,roc_momentum,buy,2025-12-28 08:02:00+00:00,0.1688,0.25,2025-12-28 08:49:00+00:00,0.159,0.2354857819905213,148.1042654028436,-1.4514218009478677,-1.936907582938389,-5.805687203791471,0.7833333333333333,stop_loss,0.1688,
1286,STORJ-USD,roc_momentum,buy,2025-12-28 08:49:00+00:00,0.159,0.25,2025-12-28 08:50:00+00:00,0.1597,0.25110062893081764,157.2327044025157,0.11006289308176198,-0.39103773584905566,0.4402515723270479,0.016666666666666666,roc_reversal,0.1597,-5.3909952606635
1287,STORJ-USD,roc_momentum,buy,2025-12-28 08:50:00+00:00,0.1597,0.25,2025-12-28 08:51:00+00:00,0.1591,0.2490607388854101,156.54351909830933,-0.09392611145898828,-0.5929868503443984,-0.37570444583595314,0.016666666666666666,roc_reversal,0.1597,-5.3909952606635
1288,SPK-USD,roc_momentum,buy,2025-12-28 08:50:00+00:00,0.02357,0.25,2025-12-28 08:52:00+00:00,0.02353,0.2495757318625371,1060.6703436571913,-0.04242681374628961,-0.5420025456088267,-0.16970725498515843,0.03333333333333333,roc_peak_drop,0.02364,0.2544529262086481
1289,STORJ-USD,roc_momentum,buy,2025-12-28 08:51:00+00:00,0.1591,0.25,2025-12-28 08:52:00+00:00,0.1598,0.2510999371464488,157.13387806411063,0.10999371464487841,-0.3911062225015704,0.43997485857951363,0.016666666666666666,roc_reversal,0.1598,-5.331753554502372
1290,SPK-USD,roc_momentum,buy,2025-12-28 08:52:00+00:00,0.02353,0.25,2025-12-28 08:53:00+00:00,0.02353,0.25,1062.473438164046,0.0,-0.5,0.0,0.016666666666666666,roc_reversal,0.02353,-0.5073995771670226
1291,STORJ-USD,roc_momentum,buy,2025-12-28 08:52:00+00:00,0.1598,0.25,2025-12-28 08:53:00+00:00,0.159,0.24874843554443055,156.44555694618273,-0.12515644555694544,-0.623904881101376,-0.5006257822277818,0.016666666666666666,roc_reversal,0.1598,-5.331753554502372
1292,SPK-USD,roc_momentum,buy,2025-12-28 08:53:00+00:00,0.02353,0.25,2025-12-28 08:55:00+00:00,0.02347,0.2493625159371016,1062.473438164046,-0.06374840628984016,-0.5631109222269418,-0.25499362515936064,0.03333333333333333,roc_peak_drop,0.02353,0.042535091450446316
1293,STORJ-USD,roc_momentum,buy,2025-12-28 08:53:00+00:00,0.159,0.25,2025-12-28 08:55:00+00:00,0.1564,0.2459119496855346,157.2327044025157,-0.4088050314465395,-0.9047169811320741,-1.635220125786158,0.03333333333333333,roc_peak_drop,0.1594,0.2515723270440251
1294,STORJ-USD,roc_momentum,buy,2025-12-28 08:55:00+00:00,0.1564,0.25,2025-12-28 08:56:00+00:00,0.1566,0.25031969309462915,159.846547314578,0.03196930946291208,-0.46835038363171705,0.1278772378516483,0.016666666666666666,roc_reversal,0.1566,-1.5713387806411072
1295,STORJ-USD,roc_momentum,buy,2025-12-28 08:56:00+00:00,0.1566,0.25,2025-12-28 08:57:00+00:00,0.1572,0.2509578544061303,159.64240102171138,0.09578544061302957,-0.4051724137931007,0.3831417624521183,0.016666666666666666,roc_reversal,0.1572,-1.5713387806411072
1296,SPK-USD,roc_momentum,buy,2025-12-28 08:56:00+00:00,0.02347,0.25,2025-12-28 08:58:00+00:00,0.02361,0.25149126544524925,1065.1896037494673,0.14912654452492305,-0.35236472092032617,0.5965061780996922,0.03333333333333333,roc_peak_drop,0.02375,0.9349766255843717
1297,STORJ-USD,roc_momentum,buy,2025-12-28 08:57:00+00:00,0.1572,0.25,2025-12-28 08:58:00+00:00,0.1575,0.2504770992366412,159.03307888040712,0.047709923664121294,-0.45276717557251994,0.19083969465648518,0.016666666666666666,roc_reversal,0.1575,-0.9433962264150941
1298,STORJ-USD,roc_momentum,buy,2025-12-28 08:58:00+00:00,0.1575,0.25,2025-12-28 08:59:00+00:00,0.1572,0.24952380952380954,158.73015873015873,-0.04761904761904678,-0.5471428571428563,-0.1904761904761871,0.016666666666666666,roc_reversal,0.1575,-0.9433962264150941
1299,SPK-USD,roc_momentum,buy,2025-12-28 08:58:00+00:00,0.02361,0.25,2025-12-28 09:02:00+00:00,0.02364,0.2503176620076239,1058.873358746294,0.0317662007623912,-0.4685514612452327,0.1270648030495648,0.06666666666666667,roc_peak_drop,0.0237,0.9799744354495044
1300,STORJ-USD,roc_momentum,buy,2025-12-28 08:59:00+00:00,0.1572,0.25,2025-12-28 09:02:00+00:00,0.1582,0.25159033078880405,159.03307888040712,0.15903307888040727,-0.3425572519083968,0.6361323155216291,0.05,roc_peak_drop,0.1582,1.0217113665389688
1301,STORJ-USD,roc_momentum,buy,2025-12-28 09:02:00+00:00,0.1582,0.25,2025-12-28 09:03:00+00:00,0.1582,0.25,158.02781289506953,0.0,-0.5,0.0,0.016666666666666666,roc_peak_drop,0.1582,0.6361323155216203
1302,SPK-USD,roc_momentum,buy,2025-12-28 09:02:00+00:00,0.02364,0.25,2025-12-28 09:04:00+00:00,0.02362,0.24978849407783416,1057.5296108291031,-0.02115059221658487,-0.520939086294419,-0.08460236886633948,0.03333333333333333,roc_peak_drop,0.02364,0.042354934349853046
1303,STORJ-USD,roc_momentum,buy,2025-12-28 09:03:00+00:00,0.1582,0.25,2025-12-28 09:05:00+00:00,0.1582,0.25,158.02781289506953,0.0,-0.5,0.0,0.03333333333333333,roc_peak_drop,0.1584,0.7633587786259666
1304,SPK-USD,roc_momentum,buy,2025-12-28 09:04:00+00:00,0.02362,0.25,2025-12-28 09:05:00+00:00,0.02362,0.25,1058.4250635055039,0.0,-0.5,0.0,0.016666666666666666,roc_reversal,0.02362,-0.042319085907760456
1305,SPK-USD,roc_momentum,buy,2025-12-28 09:05:00+00:00,0.02362,0.25,2025-12-28 09:06:00+00:00,0.02362,0.25,1058.4250635055039,0.0,-0.5,0.0,0.016666666666666666,roc_reversal,0.02362,-0.08460236886633776
1306,STORJ-USD,roc_momentum,buy,2025-12-28 09:05:00+00:00,0.1582,0.25,2025-12-28 09:06:00+00:00,0.1572,0.2484197218710493,158.02781289506953,-0.15802781289506967,-0.656447534766119,-0.6321112515802787,0.016666666666666666,roc_peak_drop,0.1582,0.25348542458809575
1307,SPK-USD,roc_momentum,buy,2025-12-28 09:06:00+00:00,0.02362,0.25,2025-12-28 09:07:00+00:00,0.02362,0.25,1058.4250635055039,0.0,-0.5,0.0,0.016666666666666666,roc_reversal,0.02362,-0.08460236886633776
1308,STORJ-USD,roc_momentum,buy,2025-12-28 09:06:00+00:00,0.1572,0.25,2025-12-28 09:07:00+00:00,0.1572,0.25,159.03307888040712,0.0,-0.5,0.0,0.016666666666666666,roc_reversal,0.1572,-0.6321112515802807
1309,STORJ-USD,roc_momentum,buy,2025-12-28 09:07:00+00:00,0.1572,0.25,2025-12-28 09:08:00+00:00,0.1576,0.2506361323155216,159.03307888040712,0.06361323155216025,-0.43702290076336137,0.254452926208641,0.016666666666666666,roc_reversal,0.1576,-0.37926675094818174
1310,SPK-USD,roc_momentum,buy,2025-12-28 09:07:00+00:00,0.02362,0.25,2025-12-28 09:09:00+00:00,0.02361,0.24989415749364946,1058.4250635055039,-0.010584250635054608,-0.510478408128704,-0.04233700254021843,0.03333333333333333,roc_peak_drop,0.02364,0.08467400508045397
1311,STORJ-USD,roc_momentum,buy,2025-12-28 09:08:00+00:00,0.1576,0.25,2025-12-28 09:09:00+00:00,0.1575,0.24984137055837566,158.62944162436548,-0.015862944162434802,-0.5157043147208105,-0.06345177664973921,0.016666666666666666,roc_reversal,0.1576,-0.37926675094818174
1312,SPK-USD,roc_momentum,buy,2025-12-28 09:09:00+00:00,0.02361,0.25,2025-12-28 09:10:00+00:00,0.02361,0.25,1058.873358746294,0.0,-0.5,0.0,0.016666666666666666,roc_reversal,0.02361,-0.042337002540215884
1313,STORJ-USD,roc_momentum,buy,2025-12-28 09:09:00+00:00,0.1575,0.25,2025-12-28 09:10:00+00:00,0.1573,0.24968253968253967,158.73015873015873,-0.03174603174603265,-0.5314285714285724,-0.1269841269841306,0.016666666666666666,roc_reversal,0.1575,-0.5681818181818232
1314,SPK-USD,roc_momentum,buy,2025-12-28 09:10:00+00:00,0.02361,0.25,2025-12-28 09:11:00+00:00,0.02361,0.25,1058.873358746294,0.0,-0.5,0.0,0.016666666666666666,roc_reversal,0.02361,-0.042337002540215884
1315,STORJ-USD,roc_momentum,buy,2025-12-28 09:10:00+00:00,0.1573,0.25,2025-12-28 09:11:00+00:00,0.1569,0.24936427209154485,158.9319771137953,-0.06357279084551554,-0.5629370629370604,-0.25429116338206215,0.016666666666666666,roc_reversal,0.1573,-0.1908396946564861
1316,STORJ-USD,roc_momentum,buy,2025-12-28 09:11:00+00:00,0.1569,0.25,2025-12-28 09:12:00+00:00,0.1558,0.24824729126832373,159.3371574251115,-0.1752708731676255,-0.6735181644359493,-0.701083492670502,0.016666666666666666,roc_reversal,0.1569,-0.1908396946564861
1317,SPK-USD,roc_momentum,buy,2025-12-28 09:11:00+00:00,0.02361,0.25,2025-12-28 09:13:00+00:00,0.02362,0.25010588733587463,1058.873358746294,0.010588733587462509,-0.4895171537484121,0.042354934349850035,0.03333333333333333,roc_reversal,0.02362,
1318,STORJ-USD,roc_momentum,buy,2025-12-28 09:12:00+00:00,0.1558,0.25,2025-12-28 09:13:00+00:00,0.1565,0.2511232349165597,160.46213093709886,0.11232349165597019,-0.3887997432605895,0.44929396662388077,0.016666666666666666,roc_reversal,0.1565,-0.6979695431472033
1319,SPK-USD,roc_momentum,buy,2025-12-28 09:13:00+00:00,0.02362,0.25,2025-12-28 09:14:00+00:00,0.02351,0.24883573243014395,1058.4250635055039,-0.11642675698560435,-0.6152624894157483,-0.4657070279424174,0.016666666666666666,roc_reversal,0.02362,-0.08460236886633776
1320,SPK-USD,roc_momentum,buy,2025-12-28 09:14:00+00:00,0.02351,0.25,2025-12-28 09:15:00+00:00,0.02359,0.2508507018290089,1063.3772862611654,0.08507018290089347,-0.41578051892811546,0.34028073160357386,0.016666666666666666,roc_reversal,0.02359,-0.08470986869969499
1321,SPK-USD,roc_momentum,buy,2025-12-28 09:15:00+00:00,0.02359,0.25,2025-12-28 09:16:00+00:00,0.02359,0.25,1059.77108944468,0.0,-0.5,0.0,0.016666666666666666,roc_reversal,0.02359,-0.08470986869969499
1322,SPK-USD,roc_momentum,buy,2025-12-28 09:16:00+00:00,0.02359,0.25,2025-12-28 09:18:00+00:00,0.02364,0.25052988554472233,1059.77108944468,0.052988554472235515,-0.44754133107248684,0.21195421788894206,0.03333333333333333,roc_peak_drop,0.02366,0.16934801016088574
1323,SPK-USD,roc_momentum,buy,2025-12-28 09:18:00+00:00,0.02364,0.25,2025-12-28 09:20:00+00:00,0.02365,0.2501057529610829,1057.5296108291031,0.0105752961082906,-0.4895304568527923,0.0423011844331624,0.03333333333333333,roc_peak_drop,0.02366,0.6380263717566947
1324,SPK-USD,roc_momentum,buy,2025-12-28 09:20:00+00:00,0.02365,0.25,2025-12-28 09:22:00+00:00,0.02358,0.2492600422832981,1057.0824524312895,-0.07399577167019092,-0.573255813953489,-0.2959830866807637,0.03333333333333333,roc_peak_drop,0.02365,0.25434506146673197
1325,STORJ-USD,roc_momentum,buy,2025-12-28 09:19:00+00:00,0.1579,0.25,2025-12-28 09:23:00+00:00,0.1588,0.25142495250158325,158.32805573147562,0.14249525015832554,-0.3589297023432577,0.5699810006333021,0.06666666666666667,roc_peak_drop,0.159,1.662404092071612
1326,SPK-USD,roc_momentum,buy,2025-12-28 09:22:00+00:00,0.02358,0.25,2025-12-28 09:23:00+00:00,0.02362,0.25042408821034773,1060.2205258693807,0.0424088210347735,-0.4580152671755742,0.169635284139094,0.016666666666666666,roc_reversal,0.02362,-0.08460236886633776
1327,SPK-USD,roc_momentum,buy,2025-12-28 09:23:00+00:00,0.02362,0.25,2025-12-28 09:24:00+00:00,0.02362,0.25,1058.4250635055039,0.0,-0.5,0.0,0.016666666666666666,roc_reversal,0.02362,-0.08460236886633776
1328,SPK-USD,roc_momentum,buy,2025-12-28 09:24:00+00:00,0.02362,0.25,2025-12-28 09:28:00+00:00,0.02363,0.2501058425063506,1058.4250635055039,0.01058425063505828,-0.4895215918712923,0.04233700254023312,0.06666666666666667,roc_peak_drop,0.02369,0.46649703138252896
1329,STORJ-USD,roc_momentum,buy,2025-12-28 09:27:00+00:00,0.1614,0.25,2025-12-28 09:28:00+00:00,0.1603,0.24829615861214377,154.89467162329618,-0.17038413878562422,-0.668680297397768,-0.6815365551424969,0.016666666666666666,roc_peak_drop,0.1614,1.6372795969773257
1330,SPK-USD,roc_momentum,buy,2025-12-28 09:28:00+00:00,0.02363,0.25,2025-12-28 09:30:00+00:00,0.0236,0.24968260685569188,1057.9771476936098,-0.03173931443081067,-0.5314219212865026,-0.12695725772324268,0.03333333333333333,roc_peak_drop,0.02363,0.04233700254023809
1331,SPK-USD,roc_momentum,buy,2025-12-28 09:30:00+00:00,0.0236,0.25,2025-12-28 09:31:00+00:00,0.02352,0.24915254237288134,1059.322033898305,-0.08474576271186463,-0.5838983050847459,-0.3389830508474585,0.016666666666666666,roc_reversal,0.0236,-0.33783783783783994
1332,SPK-USD,roc_momentum,buy,2025-12-28 09:31:00+00:00,0.02352,0.25,2025-12-28 09:32:00+00:00,0.02352,0.25,1062.9251700680272,0.0,-0.5,0.0,0.016666666666666666,roc_reversal,0.02352,-0.7176023638666096
1333,STORJ-USD,roc_momentum,buy,2025-12-28 09:31:00+00:00,0.1626,0.25,2025-12-28 09:32:00+00:00,0.1622,0.24938499384993854,153.75153751537516,-0.061500615006147556,-0.5608856088560861,-0.24600246002459022,0.016666666666666666,roc_peak_drop,0.1626,1.245330012453305
1334,SPK-USD,roc_momentum,buy,2025-12-28 09:32:00+00:00,0.02352,0.25,2025-12-28 09:33:00+00:00,0.02349,0.2496811224489796,1062.9251700680272,-0.03188775510203952,-0.5315688775510191,-0.12755102040815808,0.016666666666666666,roc_reversal,0.02352,-0.5924672027084243
1335,SPK-USD,roc_momentum,buy,2025-12-28 09:33:00+00:00,0.02349,0.25,2025-12-28 09:34:00+00:00,0.02348,0.2498935717326522,1064.2826734780758,-0.010642826734780324,-0.5105363984674325,-0.0425713069391213,0.016666666666666666,roc_reversal,0.02349,-0.5924672027084243
1336,SPK-USD,roc_momentum,buy,2025-12-28 09:34:00+00:00,0.02348,0.25,2025-12-28 09:35:00+00:00,0.02346,0.2497870528109029,1064.7359454855196,-0.021294718909709524,-0.5210817717206124,-0.0851788756388381,0.016666666666666666,roc_reversal,0.02348,-0.5932203389830359
1337,STORJ-USD,roc_momentum,buy,2025-12-28 09:32:00+00:00,0.1622,0.25,2025-12-28 09:36:00+00:00,0.1632,0.25154130702836003,154.13070283600493,0.15413070283600505,-0.347410604192355,0.6165228113440202,0.06666666666666667,roc_peak_drop,0.1645,1.8714909544603975
1338,SPK-USD,roc_momentum,buy,2025-12-28 09:35:00+00:00,0.02346,0.25,2025-12-28 09:36:00+00:00,0.0235,0.25042625745950553,1065.6436487638532,0.04262574595055239,-0.4578005115089531,0.17050298380220957,0.016666666666666666,roc_reversal,0.0235,-0.08503401360543394
1339,SPK-USD,roc_momentum,buy,2025-12-28 09:36:00+00:00,0.0235,0.25,2025-12-28 09:37:00+00:00,0.0235,0.25,1063.8297872340424,0.0,-0.5,0.0,0.016666666666666666,roc_reversal,0.0235,-0.08503401360543394
1340,STORJ-USD,roc_momentum,buy,2025-12-28 09:36:00+00:00,0.1632,0.25,2025-12-28 09:38:00+00:00,0.1634,0.25030637254901955,153.18627450980392,0.030637254901957407,-0.46966911764706215,0.12254901960782963,0.03333333333333333,roc_peak_drop,0.1646,1.479654747225645
1341,SPK-USD,roc_momentum,buy,2025-12-28 09:37:00+00:00,0.0235,0.25,2025-12-28 09:38:00+00:00,0.02348,0.2497872340425532,1063.8297872340424,-0.021276595744679983,-0.5210638297872332,-0.08510638297871993,0.016666666666666666,roc_reversal,0.0235,-0.04257130693912092
1342,STORJ-USD,roc_momentum,buy,2025-12-28 09:38:00+00:00,0.1634,0.25,2025-12-28 09:39:00+00:00,0.1635,0.2501529987760098,152.99877600979192,0.015299877600981754,-0.48485312117502805,0.061199510403927015,0.016666666666666666,roc_peak_drop,0.1635,0.061236987140222965
1343,STORJ-USD,roc_momentum,buy,2025-12-28 09:39:00+00:00,0.1635,0.25,2025-12-28 09:40:00+00:00,0.1636,0.25015290519877675,152.9051987767584,0.015290519877674156,-0.4848623853211026,0.061162079510696625,0.016666666666666666,roc_reversal,0.1636,-0.061124694376524236
1344,SPK-USD,roc_momentum,buy,2025-12-28 09:38:00+00:00,0.02348,0.25,2025-12-28 09:41:00+00:00,0.02348,0.25,1064.7359454855196,0.0,-0.5,0.0,0.05,roc_peak_drop,0.02348,0.08525149190110604
1345,STORJ-USD,roc_momentum,buy,2025-12-28 09:40:00+00:00,0.1636,0.25,2025-12-28 09:42:00+00:00,0.1631,0.2492359413202934,152.8117359413203,-0.07640586797066022,-0.5756418092909537,-0.3056234718826409,0.03333333333333333,roc_peak_drop,0.1637,0.30637254901961786
1346,SPK-USD,roc_momentum,buy,2025-12-28 09:41:00+00:00,0.02348,0.25,2025-12-28 09:42:00+00:00,0.02345,0.2496805792163543,1064.7359454855196,-0.03194207836456798,-0.5316226575809223,-0.12776831345827191,0.016666666666666666,roc_reversal,0.02348,-0.08510638297871687
1347,SPK-USD,roc_momentum,buy,2025-12-28 09:42:00+00:00,0.02345,0.25,2025-12-28 09:43:00+00:00,0.02345,0.25,1066.0980810234541,0.0,-0.5,0.0,0.016666666666666666,roc_reversal,0.02345,-0.12776831345827633
1348,STORJ-USD,roc_momentum,buy,2025-12-28 09:42:00+00:00,0.1631,0.25,2025-12-28 09:43:00+00:00,0.1581,0.24233599019006744,153.28019619865114,-0.7664009809932564,-1.2587369711833238,-3.0656039239730255,0.016666666666666666,roc_reversal,0.1631,-0.9113001215066863
1349,STORJ-USD,roc_momentum,buy,2025-12-28 09:44:00+00:00,0.1588,0.25,2025-12-28 09:45:00+00:00,0.1591,0.25047229219143574,157.43073047858942,0.047229219143575994,-0.45324307304785977,0.18891687657430398,0.016666666666666666,roc_reversal,0.1591,-2.7506112469437682
1350,SPK-USD,roc_momentum,buy,2025-12-28 09:43:00+00:00,0.02345,0.25,2025-12-28 09:46:00+00:00,0.02349,0.2504264392324094,1066.0980810234541,0.04264392324094013,-0.4577825159914693,0.17057569296376052,0.05,roc_peak_drop,0.0235,0.08517887563883608
1351,STORJ-USD,roc_momentum,buy,2025-12-28 09:45:00+00:00,0.1591,0.25,2025-12-28 09:46:00+00:00,0.1585,0.24905719673161536,157.13387806411063,-0.09428032683846471,-0.5933375235700801,-0.37712130735385885,0.016666666666666666,roc_reversal,0.1591,-2.7506112469437682
1352,SPK-USD,roc_momentum,buy,2025-12-28 09:46:00+00:00,0.02349,0.25,2025-12-28 09:49:00+00:00,0.02352,0.2503192848020434,1064.2826734780758,0.03192848020434097,-0.46839080459770244,0.12771392081736388,0.05,roc_peak_drop,0.02352,0.29850746268655914
1353,SPK-USD,roc_momentum,buy,2025-12-28 09:49:00+00:00,0.02352,0.25,2025-12-28 09:56:00+00:00,0.02379,0.2528698979591837,1062.9251700680272,0.2869897959183667,-0.21588010204081695,1.1479591836734668,0.11666666666666667,roc_peak_drop,0.02379,1.1054421768707412
1354,SPK-USD,roc_momentum,buy,2025-12-28 09:56:00+00:00,0.02379,0.25,2025-12-28 09:57:00+00:00,0.02374,0.24947456914670033,1050.8617065994115,-0.05254308532996844,-0.5520176544766687,-0.21017234131987375,0.016666666666666666,roc_peak_drop,0.02379,0.5069708491761693
1355,SPK-USD,roc_momentum,buy,2025-12-28 09:57:00+00:00,0.02374,0.25,2025-12-28 09:59:00+00:00,0.02374,0.25,1053.0749789385004,0.0,-0.5,0.0,0.03333333333333333,roc_peak_drop,0.02374,0.295732995352771
1356,SPK-USD,roc_momentum,buy,2025-12-28 09:59:00+00:00,0.02374,0.25,2025-12-28 10:01:00+00:00,0.02376,0.2502106149957877,1053.0749789385004,0.021061499578769148,-0.47914911541701855,0.08424599831507659,0.03333333333333333,roc_peak_drop,0.0238,0.12620950778292617
1357,SPK-USD,roc_momentum,buy,2025-12-28 10:01:00+00:00,0.02376,0.25,2025-12-28 10:02:00+00:00,0.02369,0.24926346801346802,1052.1885521885522,-0.0736531986531993,-0.5729166666666673,-0.2946127946127972,0.016666666666666666,roc_reversal,0.02376,-0.12610340479192184
1358,SPK-USD,roc_momentum,buy,2025-12-28 10:02:00+00:00,0.02369,0.25,2025-12-28 10:03:00+00:00,0.02369,0.25,1055.297593921486,0.0,-0.5,0.0,0.016666666666666666,roc_reversal,0.02369,-0.2106149957877057
1359,SPK-USD,roc_momentum,buy,2025-12-28 10:03:00+00:00,0.02369,0.25,2025-12-28 10:04:00+00:00,0.02369,0.25,1055.297593921486,0.0,-0.5,0.0,0.016666666666666666,roc_reversal,0.02369,-0.2106149957877057
1360,SPK-USD,roc_momentum,buy,2025-12-28 10:04:00+00:00,0.02369,0.25,2025-12-28 10:05:00+00:00,0.02375,0.2506331785563529,1055.297593921486,0.06331785563529023,-0.4373153229210627,0.2532714225411609,0.016666666666666666,roc_reversal,0.02375,-0.21008403361345573
1361,SPK-USD,roc_momentum,buy,2025-12-28 10:05:00+00:00,0.02375,0.25,2025-12-28 10:06:00+00:00,0.0235,0.24736842105263157,1052.6315789473683,-0.2631578947368423,-0.7605263157894739,-1.0526315789473693,0.016666666666666666,roc_reversal,0.02375,-0.21008403361345573
1362,SPK-USD,roc_momentum,buy,2025-12-28 10:06:00+00:00,0.0235,0.25,2025-12-28 10:07:00+00:00,0.0235,0.25,1063.8297872340424,0.0,-0.5,0.0,0.016666666666666666,roc_reversal,0.0235,-0.8020261713803212
1363,SPK-USD,roc_momentum,buy,2025-12-28 10:07:00+00:00,0.0235,0.25,2025-12-28 10:08:00+00:00,0.02348,0.2497872340425532,1063.8297872340424,-0.021276595744679983,-0.5210638297872332,-0.08510638297871993,0.016666666666666666,roc_reversal,0.0235,-0.8020261713803212
1364,SPK-USD,roc_momentum,buy,2025-12-28 10:08:00+00:00,0.02348,0.25,2025-12-28 10:09:00+00:00,0.02351,0.25031942078364566,1064.7359454855196,0.03194207836456429,-0.46837734241908136,0.12776831345825715,0.016666666666666666,roc_reversal,0.02351,-0.7598142676234709
1365,SPK-USD,roc_momentum,buy,2025-12-28 10:09:00+00:00,0.02351,0.25,2025-12-28 10:10:00+00:00,0.02352,0.2501063377286261,1063.3772862611654,0.010633772862611222,-0.48947256486601487,0.04253509145044489,0.016666666666666666,roc_reversal,0.02352,-0.7598142676234709
1366,SPK-USD,roc_momentum,buy,2025-12-28 10:10:00+00:00,0.02352,0.25,2025-12-28 10:14:00+00:00,0.02354,0.2502125850340136,1062.9251700680272,0.02125850340135968,-0.4789540816326539,0.08503401360543872,0.06666666666666667,roc_peak_drop,0.02354,0.25553662691650825
1367,SPK-USD,roc_momentum,buy,2025-12-28 10:14:00+00:00,0.02354,0.25,2025-12-28 10:15:00+00:00,0.02354,0.25,1062.0220900594734,0.0,-0.5,0.0,0.016666666666666666,roc_peak_drop,0.02354,0.12760527435133895
1368,SPK-USD,roc_momentum,buy,2025-12-28 10:15:00+00:00,0.02354,0.25,2025-12-28 10:22:00+00:00,0.02363,0.2509558198810536,1062.0220900594734,0.09558198810535608,-0.40537383177569747,0.3823279524214243,0.11666666666666667,roc_peak_drop,0.02372,0.7646559048428259
1369,SPK-USD,roc_momentum,buy,2025-12-28 10:22:00+00:00,0.02363,0.25,2025-12-28 10:23:00+00:00,0.02363,0.25,1057.9771476936098,0.0,-0.5,0.0,0.016666666666666666,roc_peak_drop,0.02363,0.29711375212224667
1370,SPK-USD,roc_momentum,buy,2025-12-28 10:23:00+00:00,0.02363,0.25,2025-12-28 10:24:00+00:00,0.02364,0.2501057977147694,1057.9771476936098,0.010579771476935666,-0.4895260262378337,0.042319085907742665,0.016666666666666666,roc_reversal,0.02364,-0.3372681281618939
1371,SPK-USD,roc_momentum,buy,2025-12-28 10:24:00+00:00,0.02364,0.25,2025-12-28 10:25:00+00:00,0.02364,0.25,1057.5296108291031,0.0,-0.5,0.0,0.016666666666666666,roc_reversal,0.02364,-0.3372681281618939
1372,SPK-USD,roc_momentum,buy,2025-12-28 10:25:00+00:00,0.02364,0.25,2025-12-28 10:26:00+00:00,0.02365,0.2501057529610829,1057.5296108291031,0.0105752961082906,-0.4895304568527923,0.0423011844331624,0.016666666666666666,roc_reversal,0.02365,-0.295109612141653
1373,SPK-USD,roc_momentum,buy,2025-12-28 10:26:00+00:00,0.02365,0.25,2025-12-28 10:28:00+00:00,0.02358,0.2492600422832981,1057.0824524312895,-0.07399577167019092,-0.573255813953489,-0.2959830866807637,0.03333333333333333,roc_peak_drop,0.02365,0.0846381718154765
1374,SPK-USD,roc_momentum,buy,2025-12-28 10:28:00+00:00,0.02358,0.25,2025-12-28 10:29:00+00:00,0.02355,0.2496819338422392,1060.2205258693807,-0.03180661577608013,-0.5314885496183194,-0.1272264631043205,0.016666666666666666,roc_reversal,0.02358,-0.21159542953872457
1375,SPK-USD,roc_momentum,buy,2025-12-28 10:29:00+00:00,0.02355,0.25,2025-12-28 10:30:00+00:00,0.02353,0.2497876857749469,1061.5711252653928,-0.02123142250531067,-0.5210191082802575,-0.08492569002124269,0.016666666666666666,roc_reversal,0.02355,-0.3807106598984755
1376,SPK-USD,roc_momentum,buy,2025-12-28 10:30:00+00:00,0.02353,0.25,2025-12-28 10:31:00+00:00,0.02325,0.24702507437314067,1062.473438164046,-0.2974925626859318,-0.7945176370590725,-1.1899702507437273,0.016666666666666666,roc_reversal,0.02353,-0.4653130287648133
1377,ZEN-USD,roc_momentum,buy,2025-12-28 15:02:00+00:00,9.688,0.25,2025-12-28 15:03:00+00:00,9.658,0.2492258464079273,2.580511973575557,-0.07741535920726965,-0.5766412056151969,-0.3096614368290786,0.016666666666666666,roc_peak_drop,9.688,0.7068607068607236
1378,ZEN-USD,roc_momentum,buy,2025-12-28 15:05:00+00:00,9.683,0.25,2025-12-28 15:06:00+00:00,9.668,0.24961272332954662,2.581844469689146,-0.03872766704533866,-0.5383403903748852,-0.15491066818135463,0.016666666666666666,roc_peak_drop,9.683,0.42522298278366844
1379,ZEN-USD,roc_momentum,buy,2025-12-28 15:06:00+00:00,9.668,0.25,2025-12-28 15:09:00+00:00,9.7,0.2508274720728175,2.58585022755482,0.08274720728175432,-0.41808026479106325,0.33098882912701727,0.05,roc_peak_drop,9.713,0.5694760820045497
1380,ZEN-USD,roc_momentum,buy,2025-12-28 15:09:00+00:00,9.7,0.25,2025-12-28 15:11:00+00:00,9.677,0.24940721649484537,2.577319587628866,-0.05927835051546312,-0.5586855670103085,-0.23711340206185247,0.03333333333333333,roc_peak_drop,9.71,0.37251655629138014
1381,ZEN-USD,roc_momentum,buy,2025-12-28 15:11:00+00:00,9.677,0.25,2025-12-28 15:12:00+00:00,9.647,0.24922496641521133,2.583445282628914,-0.07750335847886577,-0.5767283248940771,-0.3100134339154631,0.016666666666666666,roc_peak_drop,9.677,0.09309060819198134
1382,ZEN-USD,roc_momentum,buy,2025-12-28 15:12:00+00:00,9.647,0.25,2025-12-28 15:13:00+00:00,9.666,0.250492381051104,2.591479216336685,0.04923810511039735,-0.4512542759407066,0.1969524204415894,0.016666666666666666,roc_reversal,9.666,-0.46430045398266895
1383,ZEN-USD,roc_momentum,buy,2025-12-28 15:13:00+00:00,9.666,0.25,2025-12-28 15:14:00+00:00,9.654,0.24968963376784606,2.5863852679495136,-0.03103662321539534,-0.5307262569832414,-0.12414649286158136,0.016666666666666666,roc_reversal,9.666,-0.4742268041237008
1384,ZEN-USD,roc_momentum,buy,2025-12-28 15:14:00+00:00,9.654,0.25,2025-12-28 15:15:00+00:00,9.626,0.24927491195359436,2.5896001657344105,-0.07250880464056471,-0.571783716594159,-0.29003521856225883,0.016666666666666666,roc_reversal,9.654,-0.4742268041237008
1385,ZEN-USD,roc_momentum,buy,2025-12-28 15:18:00+00:00,9.643,0.25,2025-12-28 15:23:00+00:00,9.662,0.25049258529503265,2.5925541843824536,0.049258529503266944,-0.45123405579176573,0.19703411801306778,0.08333333333333333,roc_peak_drop,9.673,0.4363183045917207
1386,ZEN-USD,roc_momentum,buy,2025-12-28 15:23:00+00:00,9.662,0.25,2025-12-28 15:24:00+00:00,9.633,0.2492496377561581,2.5874560132477744,-0.07503622438418983,-0.5742858621403479,-0.3001448975367593,0.016666666666666666,roc_peak_drop,9.662,0.19703411801306192
1387,ZEN-USD,roc_momentum,buy,2025-12-28 15:24:00+00:00,9.633,0.25,2025-12-28 15:25:00+00:00,9.601,0.24916952143672796,2.5952455102252676,-0.08304785632720403,-0.582217377763932,-0.3321914253088161,0.016666666666666666,roc_reversal,9.633,-0.23819386909694762
1388,ZEN-USD,roc_momentum,buy,2025-12-28 15:44:00+00:00,9.635,0.25,2025-12-28 15:49:00+00:00,9.666,0.2508043591074209,2.5947067981318113,0.08043591074208765,-0.4203684483653332,0.3217436429683506,0.08333333333333333,roc_peak_drop,9.684,1.1509888040179828
1389,ZEN-USD,roc_momentum,buy,2025-12-28 15:49:00+00:00,9.666,0.25,2025-12-28 15:51:00+00:00,9.682,0.2504138216428719,2.5863852679495136,0.041382164287192255,-0.4590316573556797,0.16552865714876902,0.03333333333333333,roc_peak_drop,9.688,0.35218562253989116
1390,ZEN-USD,roc_momentum,buy,2025-12-28 15:51:00+00:00,9.682,0.25,2025-12-28 15:52:00+00:00,9.661,0.24945775666184672,2.58211113406321,-0.05422433381532946,-0.5536820904771762,-0.21689733526131785,0.016666666666666666,roc_peak_drop,9.682,0.15516706320473084
1391,ZEN-USD,roc_momentum,buy,2025-12-28 15:52:00+00:00,9.661,0.25,2025-12-28 15:53:00+00:00,9.65,0.2497153503778077,2.5877238381119967,-0.028464962219229978,-0.5281803125970377,-0.11385984887691991,0.016666666666666666,roc_reversal,9.661,-0.1137303556658531
1392,ZEN-USD,roc_momentum,buy,2025-12-28 15:53:00+00:00,9.65,0.25,2025-12-28 15:54:00+00:00,9.65,0.25,2.5906735751295336,0.0,-0.5,0.0,0.016666666666666666,roc_reversal,9.65,-0.1655286571487724
1393,ZEN-USD,roc_momentum,buy,2025-12-28 15:54:00+00:00,9.65,0.25,2025-12-28 15:55:00+00:00,9.65,0.25,2.5906735751295336,0.0,-0.5,0.0,0.016666666666666666,roc_reversal,9.65,-0.1655286571487724
1394,ZEN-USD,roc_momentum,buy,2025-12-28 15:56:00+00:00,9.638,0.25,2025-12-28 15:57:00+00:00,9.646,0.25020751193193613,2.593899149201079,0.020751193193610955,-0.47945631873832517,0.08300477277444382,0.016666666666666666,roc_reversal,9.646,-0.15526343028671175
1395,ZEN-USD,roc_momentum,buy,2025-12-28 15:57:00+00:00,9.646,0.25,2025-12-28 15:58:00+00:00,9.608,0.24901513580758863,2.5917478747667424,-0.09848641924113688,-0.5975015550487255,-0.3939456769645475,0.016666666666666666,roc_reversal,9.646,-0.15526343028671175
1396,ZEN-USD,roc_momentum,buy,2025-12-28 17:43:00+00:00,9.448,0.25,2025-12-28 17:44:00+00:00,9.448,0.25,2.6460626587637592,0.0,-0.5,0.0,0.016666666666666666,roc_reversal,9.448,-0.01058313048999393
1397,ZEN-USD,roc_momentum,buy,2025-12-28 17:44:00+00:00,9.448,0.25,2025-12-28 17:45:00+00:00,9.448,0.25,2.6460626587637592,0.0,-0.5,0.0,0.016666666666666666,roc_reversal,9.448,-0.10573059843518307
1398,ZEN-USD,roc_momentum,buy,2025-12-28 17:45:00+00:00,9.448,0.25,2025-12-28 17:46:00+00:00,9.449,0.2500264606265876,2.6460626587637592,0.002646062658762293,-0.49738039796782535,0.010584250635049171,0.016666666666666666,roc_reversal,9.449,-0.05288766659615751
1399,ZEN-USD,roc_momentum,buy,2025-12-28 17:46:00+00:00,9.449,0.25,2025-12-28 17:47:00+00:00,9.445,0.24989416869510003,2.6457826224997354,-0.010583130489997776,-0.5104772991850978,-0.042332521959991105,0.016666666666666666,roc_reversal,9.449,-0.031752751905167464
1400,ZEN-USD,roc_momentum,buy,2025-12-28 17:47:00+00:00,9.445,0.25,2025-12-28 17:48:00+00:00,9.445,0.25,2.6469031233456857,0.0,-0.5,0.0,0.016666666666666666,roc_reversal,9.445,-0.031752751905167464
1401,SPK-USD,roc_momentum,buy,2025-12-28 18:50:00+00:00,0.0248,0.25,2025-12-28 18:51:00+00:00,0.02471,0.24909274193548386,1008.0645161290323,-0.09072580645161271,-0.5898185483870966,-0.36290322580645085,0.016666666666666666,roc_peak_drop,0.0248,1.764464505539598
1402,SPK-USD,roc_momentum,buy,2025-12-28 18:51:00+00:00,0.02471,0.25,2025-12-28 18:52:00+00:00,0.02461,0.24898826386078513,1011.7361392148928,-0.10117361392148867,-0.6001618777822738,-0.4046944556859547,0.016666666666666666,roc_peak_drop,0.02471,0.8571428571428452
1403,SPK-USD,roc_momentum,buy,2025-12-28 18:53:00+00:00,0.02464,0.25,2025-12-28 18:55:00+00:00,0.02493,0.25294237012987014,1014.6103896103897,0.2942370129870151,-0.20870535714285507,1.1769480519480604,0.03333333333333333,roc_peak_drop,0.02493,1.4291547570436824
1404,SPK-USD,roc_momentum,buy,2025-12-28 18:55:00+00:00,0.02493,0.25,2025-12-28 18:58:00+00:00,0.02475,0.24819494584837545,1002.8078620136381,-0.18050541516245447,-0.67870036101083,-0.7220216606498179,0.05,roc_peak_drop,0.02498,1.092675030352086
1405,SPK-USD,roc_momentum,buy,2025-12-28 18:58:00+00:00,0.02475,0.25,2025-12-28 19:00:00+00:00,0.02503,0.2528282828282828,1010.10101010101,0.2828282828282818,-0.220000000000001,1.1313131313131273,0.03333333333333333,roc_peak_drop,0.02503,0.7246376811594235
1406,SPK-USD,roc_momentum,buy,2025-12-28 19:00:00+00:00,0.02503,0.25,2025-12-28 19:02:00+00:00,0.02481,0.24780263683579704,998.8014382740711,-0.2197363164202971,-0.7175389532560941,-0.8789452656811884,0.03333333333333333,roc_peak_drop,0.02516,0.7205764611689425
1407,SPK-USD,roc_momentum,buy,2025-12-28 19:02:00+00:00,0.02481,0.25,2025-12-28 19:04:00+00:00,0.02485,0.25040306328093515,1007.6582023377671,0.04030632809351254,-0.4600967351874226,0.16122531237405016,0.03333333333333333,roc_peak_drop,0.02485,0.08080808080808133
1408,SPK-USD,roc_momentum,buy,2025-12-28 19:04:00+00:00,0.02485,0.25,2025-12-28 19:05:00+00:00,0.0247,0.24849094567404426,1006.0362173038229,-0.15090543259557426,-0.6493963782696185,-0.603621730382297,0.016666666666666666,roc_reversal,0.02485,-0.6794564348521215
1409,SPK-USD,roc_momentum,buy,2025-12-28 19:10:00+00:00,0.02492,0.25,2025-12-28 19:14:00+00:00,0.02482,0.24899678972712677,1003.2102728731942,-0.10032102728732228,-0.5993178170144491,-0.40128410914928914,0.06666666666666667,roc_peak_drop,0.02495,1.2581168831168776
1410,SPK-USD,roc_momentum,buy,2025-12-28 19:14:00+00:00,0.02482,0.25,2025-12-28 19:15:00+00:00,0.02482,0.25,1007.2522159548752,0.0,-0.5,0.0,0.016666666666666666,roc_peak_drop,0.02482,0.4045307443365731
1411,SPK-USD,roc_momentum,buy,2025-12-28 19:15:00+00:00,0.02482,0.25,2025-12-28 19:16:00+00:00,0.02482,0.25,1007.2522159548752,0.0,-0.5,0.0,0.016666666666666666,roc_reversal,0.02482,-0.40128410914929136
1412,SPK-USD,roc_momentum,buy,2025-12-28 19:16:00+00:00,0.02482,0.25,2025-12-28 19:17:00+00:00,0.02482,0.25,1007.2522159548752,0.0,-0.5,0.0,0.016666666666666666,roc_reversal,0.02482,-0.5210420841683439
1413,SPK-USD,roc_momentum,buy,2025-12-28 20:47:00+00:00,0.02469,0.25,2025-12-28 20:48:00+00:00,0.02463,0.2493924665856622,1012.555690562981,-0.060753341433779896,-0.5601458080194421,-0.24301336573511959,0.016666666666666666,roc_peak_drop,0.02469,0.28432168968319793
1414,RARI-USD,roc_momentum,buy,2025-12-29 00:47:00+00:00,0.3633,0.25,2025-12-29 00:48:00+00:00,0.3598,0.24759152215799615,68.81365262868152,-0.24084778420038555,-0.7384393063583817,-0.9633911368015422,0.016666666666666666,roc_reversal,0.3633,-2.60053619302949
1415,RARI-USD,roc_momentum,buy,2025-12-29 00:48:00+00:00,0.3598,0.25,2025-12-29 00:49:00+00:00,0.3612,0.2509727626459144,69.48304613674263,0.09727626459144055,-0.4036964980544739,0.3891050583657622,0.016666666666666666,roc_reversal,0.3612,-2.2727272727272596
1416,RARI-USD,roc_momentum,buy,2025-12-29 00:49:00+00:00,0.3612,0.25,2025-12-29 00:50:00+00:00,0.3614,0.25013842746400883,69.21373200442967,0.01384274640088441,-0.48629568106312443,0.05537098560353764,0.016666666666666666,roc_reversal,0.3614,-0.9591668950397425
1417,RARI-USD,roc_momentum,buy,2025-12-29 00:50:00+00:00,0.3614,0.25,2025-12-29 00:51:00+00:00,0.365,0.2524903154399557,69.17542888765911,0.24903154399557223,-0.2534587714443835,0.9961261759822889,0.016666666666666666,roc_reversal,0.365,-0.08212428141254335
1418,RARI-USD,roc_momentum,buy,2025-12-29 00:51:00+00:00,0.365,0.25,2025-12-29 00:53:00+00:00,0.385,0.2636986301369863,68.4931506849315,1.3698630136986314,0.856164383561645,5.479452054794526,0.03333333333333333,take_profit,0.385,7.003891050583655
1419,RARI-USD,roc_momentum,buy,2025-12-29 00:53:00+00:00,0.385,0.25,2025-12-29 00:57:00+00:00,0.389,0.2525974025974026,64.93506493506493,0.25974025974025994,-0.24285714285714263,1.0389610389610398,0.06666666666666667,roc_peak_drop,0.3918,8.301051466519095
1420,RARI-USD,roc_momentum,buy,2025-12-29 00:57:00+00:00,0.389,0.25,2025-12-29 00:58:00+00:00,0.3852,0.24755784061696656,64.26735218508998,-0.24421593830334354,-0.7417737789203102,-0.9768637532133742,0.016666666666666666,roc_peak_drop,0.389,5.420054200542013
1421,RARI-USD,roc_momentum,buy,2025-12-29 00:58:00+00:00,0.3852,0.25,2025-12-29 00:59:00+00:00,0.387,0.25116822429906543,64.90134994807892,0.11682242990654361,-0.3843457943925218,0.46728971962617444,0.016666666666666666,roc_peak_drop,0.387,0.05194805194803642
1422,RARI-USD,roc_momentum,buy,2025-12-29 00:59:00+00:00,0.387,0.25,2025-12-29 01:00:00+00:00,0.388,0.25064599483204136,64.59948320413436,0.06459948320413442,-0.4360465116279069,0.25839793281653767,0.016666666666666666,roc_reversal,0.388,-0.565262076053441
1423,RARI-USD,roc_momentum,buy,2025-12-29 01:00:00+00:00,0.388,0.25,2025-12-29 01:01:00+00:00,0.3872,0.2494845360824742,64.43298969072164,-0.051546391752578795,-0.551030927835053,-0.20618556701031518,0.016666666666666666,roc_reversal,0.388,-0.8686765457332712
1424,RARI-USD,roc_momentum,buy,2025-12-29 01:01:00+00:00,0.3872,0.25,2025-12-29 01:02:00+00:00,0.3886,0.2509039256198347,64.56611570247934,0.09039256198347187,-0.41051136363636287,0.3615702479338875,0.016666666666666666,roc_reversal,0.3886,-0.10282776349614942
1425,RARI-USD,roc_momentum,buy,2025-12-29 01:02:00+00:00,0.3886,0.25,2025-12-29 01:04:00+00:00,0.3865,0.24864899639732374,64.33350488934637,-0.13510036026762678,-0.6337493566649505,-0.5404014410705071,0.03333333333333333,roc_peak_drop,0.3897,1.1682242990654235
1426,RARI-USD,roc_momentum,buy,2025-12-29 01:04:00+00:00,0.3865,0.25,2025-12-29 01:05:00+00:00,0.382,0.24708926261319533,64.68305304010349,-0.291073738680466,-0.7881630012936613,-1.164294954721864,0.016666666666666666,roc_reversal,0.3865,-0.12919896640827266
1427,RARI-USD,roc_momentum,buy,2025-12-29 01:05:00+00:00,0.382,0.25,2025-12-29 01:06:00+00:00,0.3826,0.25039267015706806,65.44502617801047,0.03926701570680559,-0.4611256544502625,0.15706806282722235,0.016666666666666666,roc_reversal,0.3826,-1.1880165289256173
1428,RARI-USD,roc_momentum,buy,2025-12-29 01:06:00+00:00,0.3826,0.25,2025-12-29 01:07:00+00:00,0.3825,0.24993465760585468,65.34239414532149,-0.006534239414531429,-0.5064688970203861,-0.026136957658125716,0.016666666666666666,roc_reversal,0.3826,-1.1880165289256173
1429,RARI-USD,roc_momentum,buy,2025-12-29 01:07:00+00:00,0.3825,0.25,2025-12-29 01:08:00+00:00,0.3816,0.24941176470588233,65.359477124183,-0.05882352941176548,-0.5582352941176478,-0.23529411764706193,0.016666666666666666,roc_reversal,0.3825,-1.5697375193000518
1430,RARI-USD,roc_momentum,buy,2025-12-29 01:08:00+00:00,0.3816,0.25,2025-12-29 01:09:00+00:00,0.3807,0.24941037735849056,65.51362683438155,-0.058962264150944174,-0.5583726415094348,-0.2358490566037767,0.016666666666666666,roc_reversal,0.3816,-1.5006468305304055
1431,RARI-USD,roc_momentum,buy,2025-12-29 01:09:00+00:00,0.3807,0.25,2025-12-29 01:10:00+00:00,0.38,0.2495403204623063,65.66850538481745,-0.045967953769370795,-0.5455082742316771,-0.18387181507748318,0.016666666666666666,roc_reversal,0.3807,-0.5235602094240788
1432,RARI-USD,roc_momentum,buy,2025-12-29 01:10:00+00:00,0.38,0.25,2025-12-29 01:11:00+00:00,0.3715,0.2444078947368421,65.78947368421052,-0.5592105263157899,-1.053618421052632,-2.2368421052631597,0.016666666666666666,roc_reversal,0.38,-0.5235602094240788
1433,RARI-USD,roc_momentum,buy,2025-12-29 01:11:00+00:00,0.3715,0.25,2025-12-29 01:12:00+00:00,0.3711,0.2497308209959623,67.29475100942126,-0.026917900403769277,-0.5266487213997316,-0.1076716016150771,0.016666666666666666,roc_reversal,0.3715,-2.9012023000522746
1434,RARI-USD,roc_momentum,buy,2025-12-29 01:12:00+00:00,0.3711,0.25,2025-12-29 01:13:00+00:00,0.3673,0.24744004311506335,67.36728644570196,-0.2559956884936655,-0.7534357316087288,-1.023982753974662,0.016666666666666666,roc_reversal,0.3711,-2.9803921568627545
1435,RARI-USD,roc_momentum,buy,2025-12-29 01:13:00+00:00,0.3673,0.25,2025-12-29 01:14:00+00:00,0.3622,0.2465287231146202,68.06425265450585,-0.3471276885379794,-0.8436564116525996,-1.3885107541519175,0.016666666666666666,roc_reversal,0.3673,-3.747379454926625
1436,RARI-USD,roc_momentum,buy,2025-12-29 01:14:00+00:00,0.3622,0.25,2025-12-29 01:15:00+00:00,0.365,0.25193263390392046,69.02263942573164,0.19326339039204646,-0.308669243511874,0.7730535615681858,0.016666666666666666,roc_reversal,0.365,-3.9473684210526327
1437,RARI-USD,roc_momentum,buy,2025-12-29 01:15:00+00:00,0.365,0.25,2025-12-29 01:16:00+00:00,0.3657,0.25047945205479455,68.4931506849315,0.04794520547945438,-0.45253424657534014,0.1917808219178175,0.016666666666666666,roc_reversal,0.3657,-1.5612382234185707
1438,RARI-USD,roc_momentum,buy,2025-12-29 01:16:00+00:00,0.3657,0.25,2025-12-29 01:17:00+00:00,0.3647,0.24931637954607602,68.36204539239813,-0.0683620453923982,-0.5676784249384742,-0.2734481815695928,0.016666666666666666,roc_reversal,0.3657,-1.5612382234185707
1439,RARI-USD,roc_momentum,buy,2025-12-29 01:17:00+00:00,0.3647,0.25,2025-12-29 01:18:00+00:00,0.3642,0.24965725253633123,68.54949273375377,-0.03427474636687691,-0.5339319989032082,-0.13709898546750765,0.016666666666666666,roc_reversal,0.3647,-0.8439967329158748
1440,RARI-USD,roc_momentum,buy,2025-12-29 01:18:00+00:00,0.3642,0.25,2025-12-29 01:20:00+00:00,0.3877,0.26613124656781983,68.6436024162548,1.6131246567819855,1.0969934102141656,6.452498627127942,0.03333333333333333,take_profit,0.3877,6.21917808219179
1441,RARI-USD,roc_momentum,buy,2025-12-29 01:20:00+00:00,0.3877,0.25,2025-12-29 01:24:00+00:00,0.3841,0.24767861748774828,64.48284756254836,-0.2321382512251736,-0.7298168687129218,-0.9285530049006944,0.06666666666666667,roc_peak_drop,0.3877,6.21917808219179
1442,RARI-USD,roc_momentum,buy,2025-12-29 01:24:00+00:00,0.3841,0.25,2025-12-29 01:25:00+00:00,0.3837,0.24973965113251756,65.08721687060661,-0.02603488674824339,-0.525774537880761,-0.10413954699297356,0.016666666666666666,roc_peak_drop,0.3841,2.2902796271637715
1443,RARI-USD,roc_momentum,buy,2025-12-29 01:25:00+00:00,0.3837,0.25,2025-12-29 01:26:00+00:00,0.3851,0.2509121709669012,65.15506906437321,0.0912170966901233,-0.4096950742767779,0.3648683867604932,0.016666666666666666,roc_reversal,0.3851,-0.36222509702458217
1444,RARI-USD,roc_momentum,buy,2025-12-29 01:26:00+00:00,0.3851,0.25,2025-12-29 01:28:00+00:00,0.3997,0.2594780576473643,64.91820306413919,0.9478057647364322,0.4383277070890679,3.7912230589457288,0.03333333333333333,take_profit,0.3997,4.061442332725851
1445,RARI-USD,roc_momentum,buy,2025-12-29 01:28:00+00:00,0.3997,0.25,2025-12-29 01:29:00+00:00,0.3901,0.24399549662246686,62.54691018263698,-0.6004503377533148,-1.0944458343757817,-2.401801351013259,0.016666666666666666,roc_peak_drop,0.3997,4.061442332725851
1446,RARI-USD,roc_momentum,buy,2025-12-29 01:29:00+00:00,0.3901,0.25,2025-12-29 01:30:00+00:00,0.3847,0.2465393488849013,64.0861317610869,-0.3460651115098703,-0.8426044603947715,-1.3842604460394812,0.016666666666666666,roc_peak_drop,0.3901,1.5620932048945546
1447,RARI-USD,roc_momentum,buy,2025-12-29 01:30:00+00:00,0.3847,0.25,2025-12-29 01:31:00+00:00,0.3856,0.25058487132830776,64.98570314530804,0.058487132830778006,-0.44209773849752976,0.23394853132311202,0.016666666666666666,roc_peak_drop,0.3856,0.26062027625748385
1448,RARI-USD,roc_momentum,buy,2025-12-29 01:31:00+00:00,0.3856,0.25,2025-12-29 01:32:00+00:00,0.3844,0.24922199170124482,64.83402489626556,-0.0778008298755173,-0.5770228215767621,-0.3112033195020692,0.016666666666666666,roc_peak_drop,0.3856,0.12983640612826974
1449,RARI-USD,roc_momentum,buy,2025-12-29 01:32:00+00:00,0.3844,0.25,2025-12-29 01:33:00+00:00,0.3837,0.24954474505723204,65.03642039542143,-0.04552549427679721,-0.5450702393340292,-0.18210197710718884,0.016666666666666666,roc_reversal,0.3844,-0.8511735878256266
1450,RARI-USD,roc_momentum,buy,2025-12-29 01:33:00+00:00,0.3837,0.25,2025-12-29 01:34:00+00:00,0.3837,0.25,65.15506906437321,0.0,-0.5,0.0,0.016666666666666666,roc_reversal,0.3837,-1.6406049730838257
1451,RARI-USD,roc_momentum,buy,2025-12-29 01:34:00+00:00,0.3837,0.25,2025-12-29 01:35:00+00:00,0.3808,0.2481105029971332,65.15506906437321,-0.1889497002866796,-0.6870602032838128,-0.7557988011467184,0.016666666666666666,roc_reversal,0.3837,-1.013776969066793
1452,RARI-USD,roc_momentum,buy,2025-12-29 01:35:00+00:00,0.3808,0.25,2025-12-29 01:36:00+00:00,0.3771,0.24757090336134452,65.65126050420167,-0.2429096638655486,-0.7404805672268931,-0.9716386554621944,0.016666666666666666,roc_reversal,0.3808,-1.013776969066793
1453,XPL-USD,roc_momentum,buy,2025-12-29 02:05:00+00:00,0.1628,0.25,2025-12-29 02:07:00+00:00,0.162,0.2487714987714988,153.56265356265357,-0.1228501228501221,-0.6216216216216209,-0.4914004914004884,0.03333333333333333,roc_peak_drop,0.1628,0.8054522924411556
1454,XPL-USD,roc_momentum,buy,2025-12-29 02:09:00+00:00,0.1631,0.25,2025-12-29 02:10:00+00:00,0.1631,0.25,153.28019619865114,0.0,-0.5,0.0,0.016666666666666666,roc_peak_drop,0.1631,0.5548705302096169
1455,XPL-USD,roc_momentum,buy,2025-12-29 02:10:00+00:00,0.1631,0.25,2025-12-29 02:13:00+00:00,0.1631,0.25,153.28019619865114,0.0,-0.5,0.0,0.05,roc_peak_drop,0.1635,0.8641975308641969
1456,XPL-USD,roc_momentum,buy,2025-12-29 02:13:00+00:00,0.1631,0.25,2025-12-29 02:14:00+00:00,0.1634,0.25045984058859594,153.28019619865114,0.04598405885959453,-0.45447578172900144,0.18393623543837812,0.016666666666666666,roc_peak_drop,0.1634,0.4310344827586299
1457,XPL-USD,roc_momentum,buy,2025-12-29 02:14:00+00:00,0.1634,0.25,2025-12-29 02:16:00+00:00,0.1638,0.2506119951040392,152.99877600979192,0.06119951040391852,-0.4394124847001207,0.2447980416156741,0.03333333333333333,roc_peak_drop,0.1638,0.3065603923972926
1458,XPL-USD,roc_momentum,buy,2025-12-29 02:16:00+00:00,0.1638,0.25,2025-12-29 02:17:00+00:00,0.1627,0.24832112332112333,152.62515262515262,-0.16788766788766635,-0.6662087912087897,-0.6715506715506654,0.016666666666666666,roc_peak_drop,0.1638,0.18348623853210455
1459,XPL-USD,roc_momentum,buy,2025-12-29 02:29:00+00:00,0.1628,0.25,2025-12-29 02:30:00+00:00,0.1626,0.24969287469287468,153.56265356265357,-0.03071253071253159,-0.5304054054054063,-0.12285012285012636,0.016666666666666666,roc_peak_drop,0.1628,0.43183220234424
1460,XPL-USD,roc_momentum,buy,2025-12-29 02:32:00+00:00,0.1633,0.25,2025-12-29 02:36:00+00:00,0.1629,0.24938763012859766,153.09246785058176,-0.061236987140234456,-0.5606246172688321,-0.24494794856093782,0.06666666666666667,roc_peak_drop,0.1634,0.49200492004919383
1461,XPL-USD,roc_momentum,buy,2025-12-29 02:36:00+00:00,0.1629,0.25,2025-12-29 02:37:00+00:00,0.163,0.2501534683855126,153.4683855125844,0.01534683855126101,-0.4848066298342516,0.06138735420504404,0.016666666666666666,roc_peak_drop,0.163,0.12292562999383083
1462,XPL-USD,roc_momentum,buy,2025-12-29 02:37:00+00:00,0.163,0.25,2025-12-29 02:38:00+00:00,0.1621,0.24861963190184047,153.37423312883436,-0.13803680981595273,-0.6366564417177932,-0.5521472392638109,0.016666666666666666,roc_reversal,0.163,-0.1837109614206911
1463,XPL-USD,roc_momentum,buy,2025-12-29 02:46:00+00:00,0.1629,0.25,2025-12-29 02:52:00+00:00,0.1652,0.25352977286678946,153.4683855125844,0.3529772866789479,-0.1505524861878416,1.4119091467157916,0.1,roc_peak_drop,0.1655,1.596071209330896
1464,XPL-USD,roc_momentum,buy,2025-12-29 02:52:00+00:00,0.1652,0.25,2025-12-29 02:56:00+00:00,0.1667,0.2522699757869249,151.3317191283293,0.22699757869248993,-0.27527239709443496,0.9079903147699597,0.06666666666666667,roc_peak_drop,0.1667,1.4625228519195677
1465,XPL-USD,roc_momentum,buy,2025-12-29 02:56:00+00:00,0.1667,0.25,2025-12-29 03:02:00+00:00,0.1672,0.250749850029994,149.97000599880025,0.0749850029994002,-0.4257648470305938,0.2999400119976008,0.1,roc_peak_drop,0.1689,1.3197360527894553
1466,XPL-USD,roc_momentum,buy,2025-12-29 03:02:00+00:00,0.1672,0.25,2025-12-29 03:04:00+00:00,0.1679,0.2510466507177034,149.52153110047848,0.10466507177033586,-0.3963815789473675,0.41866028708134345,0.03333333333333333,roc_peak_drop,0.1679,0.7803121248499467
1467,XPL-USD,roc_momentum,buy,2025-12-29 03:04:00+00:00,0.1679,0.25,2025-12-29 03:05:00+00:00,0.1679,0.25,148.89815366289457,0.0,-0.5,0.0,0.016666666666666666,roc_peak_drop,0.1679,0.17899761336515052
1468,XPL-USD,roc_momentum,buy,2025-12-29 03:05:00+00:00,0.1679,0.25,2025-12-29 03:06:00+00:00,0.1679,0.25,148.89815366289457,0.0,-0.5,0.0,0.016666666666666666,roc_reversal,0.1679,-0.2376708259061222
1469,XPL-USD,roc_momentum,buy,2025-12-29 03:06:00+00:00,0.1679,0.25,2025-12-29 03:08:00+00:00,0.1679,0.25,148.89815366289457,0.0,-0.5,0.0,0.03333333333333333,roc_peak_drop,0.1679,0.4186602870813516
1470,XPL-USD,roc_momentum,buy,2025-12-29 03:08:00+00:00,0.1679,0.25,2025-12-29 03:54:00+00:00,0.1659,0.2470220369267421,148.89815366289457,-0.29779630732578943,-0.7948183442525315,-1.1911852293031577,0.7666666666666667,roc_reversal,0.1679,
1471,XPL-USD,roc_momentum,buy,2025-12-29 03:54:00+00:00,0.1659,0.25,2025-12-29 03:55:00+00:00,0.1662,0.2504520795660036,150.69318866787222,0.04520795660036087,-0.45524412296564276,0.1808318264014435,0.016666666666666666,roc_reversal,0.1662,-1.0125074449076843
1472,XPL-USD,roc_momentum,buy,2025-12-29 03:55:00+00:00,0.1662,0.25,2025-12-29 03:56:00+00:00,0.1666,0.2506016847172082,150.42117930204574,0.06016847172082002,-0.44043321299638816,0.2406738868832801,0.016666666666666666,roc_reversal,0.1666,-0.7742703990470501
1473,XPL-USD,roc_momentum,buy,2025-12-29 03:56:00+00:00,0.1666,0.25,2025-12-29 03:57:00+00:00,0.1665,0.24984993997599042,150.06002400960384,-0.015006002400958732,-0.5148559423769491,-0.06002400960383493,0.016666666666666666,roc_reversal,0.1666,-0.7742703990470501
1474,XPL-USD,roc_momentum,buy,2025-12-29 03:57:00+00:00,0.1665,0.25,2025-12-29 03:58:00+00:00,0.1663,0.24969969969969968,150.15015015015015,-0.03003003003003089,-0.5297297297297305,-0.12012012012012356,0.016666666666666666,roc_reversal,0.1665,-0.8338296605121975
1475,XPL-USD,roc_momentum,buy,2025-12-29 03:58:00+00:00,0.1663,0.25,2025-12-29 04:00:00+00:00,0.1658,0.2492483463619964,150.3307276007216,-0.07516536380036086,-0.5744137101623572,-0.30066145520144344,0.03333333333333333,roc_peak_drop,0.1663,0.060277275467157665
1476,XPL-USD,roc_momentum,buy,2025-12-29 04:00:00+00:00,0.1658,0.25,2025-12-29 04:01:00+00:00,0.1658,0.25,150.78407720144753,0.0,-0.5,0.0,0.016666666666666666,roc_reversal,0.1658,-0.24067388688325808
1477,XPL-USD,roc_momentum,buy,2025-12-29 04:01:00+00:00,0.1658,0.25,2025-12-29 04:02:00+00:00,0.1658,0.25,150.78407720144753,0.0,-0.5,0.0,0.016666666666666666,roc_reversal,0.1658,-0.4204204204204198
1478,XPL-USD,roc_momentum,buy,2025-12-29 04:02:00+00:00,0.1658,0.25,2025-12-29 04:03:00+00:00,0.1656,0.2496984318455971,150.78407720144753,-0.03015681544029037,-0.5298552472858875,-0.12062726176116148,0.016666666666666666,roc_reversal,0.1658,-0.4204204204204198
1479,XPL-USD,roc_momentum,buy,2025-12-29 04:03:00+00:00,0.1656,0.25,2025-12-29 04:07:00+00:00,0.166,0.2506038647342995,150.96618357487924,0.06038647342995342,-0.4402173913043461,0.2415458937198137,0.06666666666666667,roc_peak_drop,0.1665,0.42219541616406175
1480,XPL-USD,roc_momentum,buy,2025-12-29 04:07:00+00:00,0.166,0.25,2025-12-29 04:09:00+00:00,0.166,0.25,150.6024096385542,0.0,-0.5,0.0,0.03333333333333333,roc_peak_drop,0.166,0.18115942028984477
1481,XPL-USD,roc_momentum,buy,2025-12-29 04:09:00+00:00,0.166,0.25,2025-12-29 04:10:00+00:00,0.1661,0.25015060240963854,150.6024096385542,0.015060240963853761,-0.48509036144578477,0.060240963855415046,0.016666666666666666,roc_reversal,0.1661,
1482,XPL-USD,roc_momentum,buy,2025-12-29 04:10:00+00:00,0.1661,0.25,2025-12-29 04:11:00+00:00,0.1661,0.25,150.51173991571343,0.0,-0.5,0.0,0.016666666666666666,roc_reversal,0.1661,-0.2402402402402526
1483,XPL-USD,roc_momentum,buy,2025-12-29 04:11:00+00:00,0.1661,0.25,2025-12-29 04:13:00+00:00,0.1655,0.24909692956050575,150.51173991571343,-0.09030704394942647,-0.5894039735099322,-0.3612281757977059,0.03333333333333333,roc_peak_drop,0.1661,0.060240963855417995
1484,XPL-USD,roc_momentum,buy,2025-12-29 04:13:00+00:00,0.1655,0.25,2025-12-29 04:14:00+00:00,0.1654,0.2498489425981873,151.05740181268882,-0.01510574018127141,-0.5149546827794587,-0.06042296072508564,0.016666666666666666,roc_reversal,0.1655,-0.24110910186858625
1485,XPL-USD,roc_momentum,buy,2025-12-29 04:14:00+00:00,0.1654,0.25,2025-12-29 04:15:00+00:00,0.1657,0.250453446191052,151.14873035066506,0.04534461910519872,-0.45510882708585326,0.18137847642079488,0.016666666666666666,roc_reversal,0.1657,-0.24081878386514877
1486,XPL-USD,roc_momentum,buy,2025-12-29 04:15:00+00:00,0.1657,0.25,2025-12-29 04:16:00+00:00,0.1657,0.25,150.87507543753773,0.0,-0.5,0.0,0.016666666666666666,roc_reversal,0.1657,-0.24081878386514877
1487,XPL-USD,roc_momentum,buy,2025-12-29 04:16:00+00:00,0.1657,0.25,2025-12-29 04:17:00+00:00,0.1657,0.25,150.87507543753773,0.0,-0.5,0.0,0.016666666666666666,roc_reversal,0.1657,-0.24081878386514877
1488,XPL-USD,roc_momentum,buy,2025-12-29 04:17:00+00:00,0.1657,0.25,2025-12-29 04:20:00+00:00,0.1656,0.2498491249245625,150.87507543753773,-0.015087507543752111,-0.5149366324683146,-0.060350030175008444,0.05,roc_peak_drop,0.1657,0.1813784764207904
1489,XPL-USD,roc_momentum,buy,2025-12-29 04:20:00+00:00,0.1656,0.25,2025-12-29 04:22:00+00:00,0.1654,0.24969806763285024,150.96618357487924,-0.03019323671497671,-0.5298913043478269,-0.12077294685990685,0.03333333333333333,roc_reversal,0.1657,
1490,XPL-USD,roc_momentum,buy,2025-12-29 04:22:00+00:00,0.1654,0.25,2025-12-29 04:23:00+00:00,0.1653,0.24984885126964934,151.14873035066506,-0.01511487303506484,-0.5149637243047142,-0.06045949214025936,0.016666666666666666,roc_reversal,0.1654,-0.18105009052503673
1491,XPL-USD,roc_momentum,buy,2025-12-29 04:23:00+00:00,0.1653,0.25,2025-12-29 04:24:00+00:00,0.1649,0.24939503932244403,151.24016938898973,-0.06049606775559762,-0.5598911070780417,-0.24198427102239048,0.016666666666666666,roc_reversal,0.1653,-0.18115942028985588
1492,XPL-USD,roc_momentum,buy,2025-12-29 04:24:00+00:00,0.1649,0.25,2025-12-29 04:25:00+00:00,0.1651,0.2503032140691328,151.60703456640388,0.030321406913281647,-0.4699818071558512,0.12128562765312659,0.016666666666666666,roc_reversal,0.1651,-0.3019323671497598
1493,XPL-USD,roc_momentum,buy,2025-12-29 04:25:00+00:00,0.1651,0.25,2025-12-29 04:26:00+00:00,0.1649,0.24969715324046032,151.42337976983646,-0.030284675953968162,-0.5299818291944285,-0.12113870381587265,0.016666666666666666,roc_reversal,0.1651,-0.3019323671497598
1494,XPL-USD,roc_momentum,buy,2025-12-29 04:26:00+00:00,0.1649,0.25,2025-12-29 04:27:00+00:00,0.1649,0.25,151.60703456640388,0.0,-0.5,0.0,0.016666666666666666,roc_reversal,0.1649,-0.30229746070132846
1495,XPL-USD,roc_momentum,buy,2025-12-29 04:27:00+00:00,0.1649,0.25,2025-12-29 04:28:00+00:00,0.1652,0.25045482110369927,151.60703456640388,0.045482110369924576,-0.45497271073377465,0.1819284414796983,0.016666666666666666,roc_reversal,0.1652,-0.0604960677555888
1496,XPL-USD,roc_momentum,buy,2025-12-29 04:28:00+00:00,0.1652,0.25,2025-12-29 04:30:00+00:00,0.1654,0.25030266343825663,151.3317191283293,0.030266343825662522,-0.4700363196125941,0.12106537530265009,0.03333333333333333,roc_peak_drop,0.1657,0.4851425106124907
1497,XPL-USD,roc_momentum,buy,2025-12-29 04:30:00+00:00,0.1654,0.25,2025-12-29 04:31:00+00:00,0.165,0.24939540507859737,151.14873035066506,-0.06045949214026356,-0.559854897218861,-0.24183796856105425,0.016666666666666666,roc_peak_drop,0.1654,0.1817080557237949
1498,XPL-USD,roc_momentum,buy,2025-12-29 04:31:00+00:00,0.165,0.25,2025-12-29 04:32:00+00:00,0.1648,0.2496969696969697,151.5151515151515,-0.03030303030303117,-0.5300000000000008,-0.12121212121212468,0.016666666666666666,roc_peak_drop,0.165,0.06064281382656134
1499,XPL-USD,roc_momentum,buy,2025-12-29 04:32:00+00:00,0.1648,0.25,2025-12-29 04:33:00+00:00,0.1648,0.25,151.6990291262136,0.0,-0.5,0.0,0.016666666666666666,roc_reversal,0.1648,-0.060642813826550235
1500,XPL-USD,roc_momentum,buy,2025-12-29 04:33:00+00:00,0.1648,0.25,2025-12-29 04:34:00+00:00,0.165,0.2503033980582524,151.6990291262136,0.030339805825243586,-0.4699635922330089,0.12135922330097434,0.016666666666666666,roc_reversal,0.165,-0.2421307506053294
1501,XPL-USD,roc_momentum,buy,2025-12-29 04:34:00+00:00,0.165,0.25,2025-12-29 04:35:00+00:00,0.165,0.25,151.5151515151515,0.0,-0.5,0.0,0.016666666666666666,roc_reversal,0.165,-0.24183796856105388
1502,XPL-USD,roc_momentum,buy,2025-12-29 04:35:00+00:00,0.165,0.25,2025-12-29 04:39:00+00:00,0.166,0.2515151515151515,151.5151515151515,0.15151515151515163,-0.34999999999999987,0.6060606060606065,0.06666666666666667,roc_peak_drop,0.1663,0.9101941747572839
1503,XPL-USD,roc_momentum,buy,2025-12-29 04:39:00+00:00,0.166,0.25,2025-12-29 04:42:00+00:00,0.1657,0.2495481927710843,150.6024096385542,-0.045180722891569644,-0.5447289156626539,-0.18072289156627858,0.05,roc_peak_drop,0.166,0.60606060606061
1504,XPL-USD,roc_momentum,buy,2025-12-29 04:42:00+00:00,0.1657,0.25,2025-12-29 04:43:00+00:00,0.1652,0.24924562462281236,150.87507543753773,-0.07543753771876474,-0.5746831623415771,-0.30175015087505896,0.016666666666666666,roc_reversal,0.1657,
1505,XPL-USD,roc_momentum,buy,2025-12-29 04:43:00+00:00,0.1652,0.25,2025-12-29 04:44:00+00:00,0.1654,0.25030266343825663,151.3317191283293,0.030266343825662522,-0.4700363196125941,0.12106537530265009,0.016666666666666666,roc_reversal,0.1654,-0.3614457831325413
1506,XPL-USD,roc_momentum,buy,2025-12-29 04:44:00+00:00,0.1654,0.25,2025-12-29 04:45:00+00:00,0.1651,0.24954655380894802,151.14873035066506,-0.04534461910519872,-0.5448911729141467,-0.18137847642079488,0.016666666666666666,roc_reversal,0.1654,-0.3614457831325413
1507,XPL-USD,roc_momentum,buy,2025-12-29 04:45:00+00:00,0.1651,0.25,2025-12-29 04:46:00+00:00,0.1651,0.25,151.42337976983646,0.0,-0.5,0.0,0.016666666666666666,roc_reversal,0.1651,-0.5421686746988064
1508,XPL-USD,roc_momentum,buy,2025-12-29 04:46:00+00:00,0.1651,0.25,2025-12-29 04:47:00+00:00,0.1647,0.24939430648092067,151.42337976983646,-0.06056935190793212,-0.5599636583888528,-0.24227740763172848,0.016666666666666666,roc_reversal,0.1651,-0.5421686746988064
1509,XPL-USD,roc_momentum,buy,2025-12-29 04:47:00+00:00,0.1647,0.25,2025-12-29 04:48:00+00:00,0.1648,0.25015179113539765,151.79113539769276,0.015179113539767605,-0.48497267759563006,0.06071645415907042,0.016666666666666666,roc_reversal,0.1648,-0.2421307506053294
1510,XPL-USD,roc_momentum,buy,2025-12-29 04:48:00+00:00,0.1648,0.25,2025-12-29 04:54:00+00:00,0.1655,0.2510618932038835,151.6990291262136,0.10618932038835045,-0.39487257281553306,0.4247572815534018,0.1,roc_peak_drop,0.1655,0.4250151791135304
1511,XPL-USD,roc_momentum,buy,2025-12-29 04:54:00+00:00,0.1655,0.25,2025-12-29 04:55:00+00:00,0.1654,0.2498489425981873,151.05740181268882,-0.01510574018127141,-0.5149546827794587,-0.06042296072508564,0.016666666666666666,roc_peak_drop,0.1655,0.060459492140285676
1512,XPL-USD,roc_momentum,buy,2025-12-29 04:55:00+00:00,0.1654,0.25,2025-12-29 04:57:00+00:00,0.1653,0.24984885126964934,151.14873035066506,-0.01511487303506484,-0.5149637243047142,-0.06045949214025936,0.03333333333333333,roc_reversal,0.1654,
1513,XPL-USD,roc_momentum,buy,2025-12-29 04:57:00+00:00,0.1653,0.25,2025-12-29 04:58:00+00:00,0.1653,0.25,151.24016938898973,0.0,-0.5,0.0,0.016666666666666666,roc_reversal,0.1653,-0.06045949214026347
1514,XPL-USD,roc_momentum,buy,2025-12-29 04:58:00+00:00,0.1653,0.25,2025-12-29 04:59:00+00:00,0.1653,0.25,151.24016938898973,0.0,-0.5,0.0,0.016666666666666666,roc_reversal,0.1653,-0.12084592145015227
1515,XPL-USD,roc_momentum,buy,2025-12-29 04:59:00+00:00,0.1653,0.25,2025-12-29 05:00:00+00:00,0.1652,0.24984875983061103,151.24016938898973,-0.015124016938897306,-0.5149727767695084,-0.060496067755589224,0.016666666666666666,roc_reversal,0.1653,-0.12084592145015227
1516,XPL-USD,roc_momentum,buy,2025-12-29 05:00:00+00:00,0.1652,0.25,2025-12-29 05:01:00+00:00,0.1652,0.25,151.3317191283293,0.0,-0.5,0.0,0.016666666666666666,roc_reversal,0.1652,-0.12091898428051584
1517,XPL-USD,roc_momentum,buy,2025-12-29 05:01:00+00:00,0.1652,0.25,2025-12-29 05:02:00+00:00,0.1652,0.25,151.3317191283293,0.0,-0.5,0.0,0.016666666666666666,roc_reversal,0.1652,-0.0604960677555888
1518,XPL-USD,roc_momentum,buy,2025-12-29 05:02:00+00:00,0.1652,0.25,2025-12-29 05:03:00+00:00,0.1651,0.24984866828087166,151.3317191283293,-0.015133171912835463,-0.5149818401937071,-0.06053268765134185,0.016666666666666666,roc_reversal,0.1652,-0.0604960677555888
1519,XPL-USD,roc_momentum,buy,2025-12-29 05:03:00+00:00,0.1651,0.25,2025-12-29 05:04:00+00:00,0.1652,0.25015142337976987,151.42337976983646,0.015142337976986182,-0.4850090854027837,0.06056935190794473,0.016666666666666666,roc_reversal,0.1652,-0.0604960677555888
1520,XPL-USD,roc_momentum,buy,2025-12-29 05:04:00+00:00,0.1652,0.25,2025-12-29 05:08:00+00:00,0.1651,0.24984866828087166,151.3317191283293,-0.015133171912835463,-0.5149818401937071,-0.06053268765134185,0.06666666666666667,roc_peak_drop,0.1655,0.1815980629539915
1521,XPL-USD,roc_momentum,buy,2025-12-29 05:08:00+00:00,0.1651,0.25,2025-12-29 05:11:00+00:00,0.1658,0.25105996365838884,151.42337976983646,0.10599636583888646,-0.3950635978195024,0.4239854633555458,0.05,roc_peak_drop,0.1662,0.6053268765132902
1522,XPL-USD,roc_momentum,buy,2025-12-29 05:11:00+00:00,0.1658,0.25,2025-12-29 05:12:00+00:00,0.1658,0.25,150.78407720144753,0.0,-0.5,0.0,0.016666666666666666,roc_peak_drop,0.1658,0.363196125907983
1523,XPL-USD,roc_momentum,buy,2025-12-29 05:12:00+00:00,0.1658,0.25,2025-12-29 05:14:00+00:00,0.1659,0.2501507840772014,150.78407720144753,0.015078407720143091,-0.48507237635705835,0.060313630880572365,0.03333333333333333,roc_peak_drop,0.1659,0.4239854633555362
1524,XPL-USD,roc_momentum,buy,2025-12-29 05:14:00+00:00,0.1659,0.25,2025-12-29 05:15:00+00:00,0.1659,0.25,150.69318866787222,0.0,-0.5,0.0,0.016666666666666666,roc_peak_drop,0.1659,0.12070006035003189
1525,XPL-USD,roc_momentum,buy,2025-12-29 05:15:00+00:00,0.1659,0.25,2025-12-29 05:16:00+00:00,0.1655,0.24939722724532853,150.69318866787222,-0.06027727546714643,-0.559674502712475,-0.24110910186858572,0.016666666666666666,roc_reversal,0.1659,-0.18050541516244634
1526,XPL-USD,roc_momentum,buy,2025-12-29 05:16:00+00:00,0.1655,0.25,2025-12-29 05:17:00+00:00,0.1652,0.24954682779456194,151.05740181268882,-0.045317220543805846,-0.5448640483383678,-0.18126888217522338,0.016666666666666666,roc_reversal,0.1655,-0.1809408926417344
1527,XPL-USD,roc_momentum,buy,2025-12-29 05:17:00+00:00,0.1652,0.25,2025-12-29 05:18:00+00:00,0.1652,0.25,151.3317191283293,0.0,-0.5,0.0,0.016666666666666666,roc_reversal,0.1652,-0.3618817852834688
1528,XPL-USD,roc_momentum,buy,2025-12-29 05:18:00+00:00,0.1652,0.25,2025-12-29 05:19:00+00:00,0.1655,0.250453995157385,151.3317191283293,0.045399515738497986,-0.455054479418887,0.18159806295399195,0.016666666666666666,roc_reversal,0.1655,-0.24110910186858625
1529,XPL-USD,roc_momentum,buy,2025-12-29 05:19:00+00:00,0.1655,0.25,2025-12-29 05:20:00+00:00,0.1655,0.25,151.05740181268882,0.0,-0.5,0.0,0.016666666666666666,roc_reversal,0.1655,-0.24110910186858625
1530,XPL-USD,roc_momentum,buy,2025-12-29 05:20:00+00:00,0.1655,0.25,2025-12-29 05:24:00+00:00,0.1652,0.24954682779456194,151.05740181268882,-0.045317220543805846,-0.5448640483383678,-0.18126888217522338,0.06666666666666667,roc_reversal,0.1655,
1531,XPL-USD,roc_momentum,buy,2025-12-29 05:24:00+00:00,0.1652,0.25,2025-12-29 05:25:00+00:00,0.1652,0.25,151.3317191283293,0.0,-0.5,0.0,0.016666666666666666,roc_reversal,0.1652,-0.18126888217522286
1532,XPL-USD,roc_momentum,buy,2025-12-29 05:25:00+00:00,0.1652,0.25,2025-12-29 05:26:00+00:00,0.1634,0.24727602905569004,151.3317191283293,-0.2723970944309963,-0.7696731234866864,-1.0895883777239852,0.016666666666666666,roc_reversal,0.1652,-0.18126888217522286
1533,XPL-USD,roc_momentum,buy,2025-12-29 05:27:00+00:00,0.164,0.25,2025-12-29 05:28:00+00:00,0.164,0.25,152.4390243902439,0.0,-0.5,0.0,0.016666666666666666,roc_reversal,0.164,-0.7263922518159882
1534,XPL-USD,roc_momentum,buy,2025-12-29 05:28:00+00:00,0.164,0.25,2025-12-29 05:29:00+00:00,0.1643,0.2504573170731707,152.4390243902439,0.045731707317072365,-0.4547256097560984,0.18292682926828946,0.016666666666666666,roc_reversal,0.1643,-0.5447941888619967
1535,XPL-USD,roc_momentum,buy,2025-12-29 05:29:00+00:00,0.1643,0.25,2025-12-29 05:30:00+00:00,0.164,0.24954351795496044,152.16068167985392,-0.045648204503955375,-0.5451917224589158,-0.1825928180158215,0.016666666666666666,roc_reversal,0.1643,-0.5447941888619967
1536,XPL-USD,roc_momentum,buy,2025-12-29 05:30:00+00:00,0.164,0.25,2025-12-29 05:32:00+00:00,0.164,0.25,152.4390243902439,0.0,-0.5,0.0,0.03333333333333333,roc_peak_drop,0.164,0.3671970624235188
1537,XPL-USD,roc_momentum,buy,2025-12-29 05:32:00+00:00,0.164,0.25,2025-12-29 05:33:00+00:00,0.1637,0.24954268292682927,152.4390243902439,-0.045731707317072365,-0.5452743902439017,-0.18292682926828946,0.016666666666666666,roc_reversal,0.164,
1538,XPL-USD,roc_momentum,buy,2025-12-29 05:33:00+00:00,0.1637,0.25,2025-12-29 05:34:00+00:00,0.1634,0.24954184483811848,152.71838729383018,-0.04581551618815248,-0.545357361026271,-0.18326206475260992,0.016666666666666666,roc_reversal,0.1637,-0.18292682926829285
1539,XPL-USD,roc_momentum,buy,2025-12-29 05:34:00+00:00,0.1634,0.25,2025-12-29 05:35:00+00:00,0.1634,0.25,152.99877600979192,0.0,-0.5,0.0,0.016666666666666666,roc_reversal,0.1634,-0.3658536585365968
1540,RARI-USD,roc_momentum,buy,2025-12-29 05:35:00+00:00,0.3873,0.25,2025-12-29 05:40:00+00:00,0.4024,0.2597469661760909,64.54944487477408,0.9746966176090888,0.4649496514329979,3.898786470436355,0.08333333333333333,take_profit,0.4024,4.210251046025104
1541,XPL-USD,roc_momentum,buy,2025-12-29 05:39:00+00:00,0.1637,0.25,2025-12-29 05:40:00+00:00,0.1631,0.24908368967623698,152.71838729383018,-0.09163103237630073,-0.5907147220525377,-0.3665241295052029,0.016666666666666666,roc_peak_drop,0.1637,0.1835985312117705
1542,RARI-USD,roc_momentum,buy,2025-12-29 05:40:00+00:00,0.4024,0.25,2025-12-29 05:43:00+00:00,0.4196,0.2606858846918489,62.1272365805169,1.0685884691848904,0.5579025844930414,4.2743538767395615,0.05,take_profit,0.4196,6.335529650278748
1543,RARI-USD,roc_momentum,buy,2025-12-29 05:43:00+00:00,0.4196,0.25,2025-12-29 05:45:00+00:00,0.4182,0.2491658722592946,59.580552907530986,-0.0834127740705408,-0.5825786463298354,-0.3336510962821632,0.03333333333333333,roc_peak_drop,0.4256,6.800501882057697
1544,RARI-USD,roc_momentum,buy,2025-12-29 05:45:00+00:00,0.4182,0.25,2025-12-29 05:47:00+00:00,0.42,0.2510760401721664,59.78000956480153,0.10760401721664085,-0.3934720229555256,0.4304160688665634,0.03333333333333333,roc_peak_drop,0.42,3.9264413518886876
1545,RARI-USD,roc_momentum,buy,2025-12-29 05:47:00+00:00,0.42,0.25,2025-12-29 05:48:00+00:00,0.4212,0.2507142857142857,59.523809523809526,0.07142857142857348,-0.42928571428571227,0.2857142857142939,0.016666666666666666,roc_peak_drop,0.4212,1.449275362318847
1546,RARI-USD,roc_momentum,buy,2025-12-29 05:48:00+00:00,0.4212,0.25,2025-12-29 05:49:00+00:00,0.4255,0.25255223171889835,59.35422602089268,0.2552231718898368,-0.24732905982906156,1.0208926875593471,0.016666666666666666,roc_peak_drop,0.4255,0.38131553860820677
1547,XPL-USD,roc_momentum,buy,2025-12-29 05:48:00+00:00,0.1635,0.25,2025-12-29 05:50:00+00:00,0.1633,0.24969418960244646,152.9051987767584,-0.030581039755352556,-0.530275229357799,-0.12232415902141022,0.03333333333333333,roc_peak_drop,0.1636,0.3065603923972926
1548,XPL-USD,roc_momentum,buy,2025-12-29 05:50:00+00:00,0.1633,0.25,2025-12-29 05:52:00+00:00,0.163,0.24954072259644827,153.09246785058176,-0.04592774035517372,-0.545468462951622,-0.18371096142069487,0.03333333333333333,roc_peak_drop,0.1633,0.12262415695891704
1549,RARI-USD,roc_momentum,buy,2025-12-29 05:49:00+00:00,0.4255,0.25,2025-12-29 05:54:00+00:00,0.4306,0.25299647473560516,58.75440658049354,0.2996474735605167,-0.2033490011750885,1.1985898942420667,0.08333333333333333,roc_peak_drop,0.4346,3.5117056856187157
1550,RARI-USD,roc_momentum,buy,2025-12-29 05:54:00+00:00,0.4306,0.25,2025-12-29 05:55:00+00:00,0.4286,0.2488388295401765,58.05852299117511,-0.11611704598235031,-0.6149558755225268,-0.46446818392940126,0.016666666666666666,roc_peak_drop,0.4306,1.1985898942420636
1551,RARI-USD,roc_momentum,buy,2025-12-29 05:55:00+00:00,0.4286,0.25,2025-12-29 05:56:00+00:00,0.4269,0.24900839944003733,58.32944470368643,-0.09916005599626572,-0.598168455436303,-0.3966402239850629,0.016666666666666666,roc_reversal,0.4286,-0.6260143751449232
1552,RARI-USD,roc_momentum,buy,2025-12-29 05:56:00+00:00,0.4269,0.25,2025-12-29 05:57:00+00:00,0.4271,0.2501171234481143,58.56172405715624,0.01171234481142996,-0.48840477863668436,0.04684937924571984,0.016666666666666666,roc_reversal,0.4271,-1.477036695130396
1553,RARI-USD,roc_momentum,buy,2025-12-29 05:57:00+00:00,0.4271,0.25,2025-12-29 05:58:00+00:00,0.425,0.24877077967689065,58.534301100444864,-0.12292203231093367,-0.6216928119878243,-0.4916881292437347,0.016666666666666666,roc_reversal,0.4271,-1.7257248044178608
1554,RARI-USD,roc_momentum,buy,2025-12-29 05:58:00+00:00,0.425,0.25,2025-12-29 05:59:00+00:00,0.3942,0.23188235294117648,58.82352941176471,-1.8117647058823527,-2.293647058823529,-7.247058823529411,0.016666666666666666,stop_loss,0.425,-2.096291177148124
1555,RARI-USD,roc_momentum,buy,2025-12-29 05:59:00+00:00,0.3942,0.25,2025-12-29 06:00:00+00:00,0.3782,0.23985286656519533,63.41958396752917,-1.0147133434804676,-1.504566210045663,-4.05885337392187,0.016666666666666666,roc_reversal,0.3942,-8.453320947515097
1556,RARI-USD,roc_momentum,buy,2025-12-29 06:04:00+00:00,0.387,0.25,2025-12-29 06:05:00+00:00,0.4031,0.2604005167958656,64.59948320413436,1.0400516795865635,0.5296511627906979,4.160206718346254,0.016666666666666666,take_profit,0.4031,6.583818085668969
1557,RARI-USD,roc_momentum,buy,2025-12-29 06:05:00+00:00,0.4031,0.25,2025-12-29 06:07:00+00:00,0.3865,0.23970478789382288,62.01935003721161,-1.029521210617713,-1.5192259985115357,-4.118084842470852,0.03333333333333333,roc_peak_drop,0.4031,8.58695652173913
1558,RARI-USD,roc_momentum,buy,2025-12-29 08:21:00+00:00,0.3484,0.25,2025-12-29 08:22:00+00:00,0.3484,0.25,71.75660160734787,0.0,-0.5,0.0,0.016666666666666666,roc_reversal,0.3484,-0.02869440459110084
1559,RARI-USD,roc_momentum,buy,2025-12-29 08:22:00+00:00,0.3484,0.25,2025-12-29 09:09:00+00:00,0.3826,0.274540757749713,71.75660160734787,2.4540757749712983,1.929535017221585,9.816303099885193,0.7833333333333333,take_profit,0.3826,9.816303099885193
1560,RARI-USD,roc_momentum,buy,2025-12-29 09:09:00+00:00,0.3826,0.25,2025-12-29 09:14:00+00:00,0.381,0.24895452169367485,65.34239414532149,-0.10454783063251374,-0.6035023523261887,-0.418191322530055,0.08333333333333333,roc_peak_drop,0.3896,11.825487944890934
1561,RARI-USD,roc_momentum,buy,2025-12-29 09:14:00+00:00,0.381,0.25,2025-12-29 09:15:00+00:00,0.3748,0.24593175853018373,65.61679790026247,-0.4068241469816262,-0.90275590551181,-1.627296587926505,0.016666666666666666,roc_reversal,0.381,-0.4181913225300593
1562,RARI-USD,roc_momentum,buy,2025-12-29 09:15:00+00:00,0.3748,0.25,2025-12-29 09:16:00+00:00,0.375,0.2501334044823906,66.70224119530415,0.013340448239059362,-0.48679295624333124,0.05336179295623745,0.016666666666666666,roc_reversal,0.375,-2.6746299662425255
1563,RARI-USD,roc_momentum,buy,2025-12-29 09:16:00+00:00,0.375,0.25,2025-12-29 09:17:00+00:00,0.3739,0.24926666666666666,66.66666666666667,-0.07333333333333265,-0.5725999999999993,-0.2933333333333306,0.016666666666666666,roc_reversal,0.375,-3.598971722365041
1564,RARI-USD,roc_momentum,buy,2025-12-29 09:17:00+00:00,0.3739,0.25,2025-12-29 09:18:00+00:00,0.3699,0.24732548809842203,66.86279753944905,-0.26745119015779645,-0.7647766782562184,-1.0698047606311858,0.016666666666666666,roc_reversal,0.3739,-4.029774127310059
1565,RARI-USD,roc_momentum,buy,2025-12-29 09:18:00+00:00,0.3699,0.25,2025-12-29 09:19:00+00:00,0.37,0.2500675858340092,67.58583400919167,0.006758583400918423,-0.4933090024330908,0.02703433360367369,0.016666666666666666,roc_reversal,0.37,-2.887139107611547
1566,RARI-USD,roc_momentum,buy,2025-12-29 09:19:00+00:00,0.37,0.25,2025-12-29 09:20:00+00:00,0.3674,0.24824324324324326,67.56756756756756,-0.17567567567567507,-0.6739189189189183,-0.7027027027027003,0.016666666666666666,roc_reversal,0.37,-1.9743863393810068
1567,RARI-USD,roc_momentum,buy,2025-12-29 09:20:00+00:00,0.3674,0.25,2025-12-29 09:21:00+00:00,0.3692,0.2512248230811105,68.04572672836146,0.12248230811104846,-0.378742514970062,0.48992923244419384,0.016666666666666666,roc_reversal,0.3692,-1.546666666666674
1568,RARI-USD,roc_momentum,buy,2025-12-29 09:21:00+00:00,0.3692,0.25,2025-12-29 09:22:00+00:00,0.3659,0.24776543878656557,67.71397616468039,-0.22345612134344325,-0.7212215601300088,-0.893824485373773,0.016666666666666666,roc_reversal,0.3692,-1.546666666666674
1569,RARI-USD,roc_momentum,buy,2025-12-29 09:22:00+00:00,0.3659,0.25,2025-12-29 09:23:00+00:00,0.3674,0.25102487018311015,68.3246788740093,0.10248701831101403,-0.3985378518720961,0.40994807324405613,0.016666666666666666,roc_reversal,0.3674,-0.6758583400919171
1570,RARI-USD,roc_momentum,buy,2025-12-29 09:23:00+00:00,0.3674,0.25,2025-12-29 09:26:00+00:00,0.3686,0.25081654872074033,68.04572672836146,0.08165487207403231,-0.419161676646708,0.32661948829612925,0.05,roc_peak_drop,0.3718,0.5988023952095745
1571,RARI-USD,roc_momentum,buy,2025-12-29 09:26:00+00:00,0.3686,0.25,2025-12-29 09:33:00+00:00,0.383,0.2597666847531199,67.82419967444385,0.976668475311993,0.46690179055887304,3.906673901247972,0.11666666666666667,take_profit,0.383,2.791196994095557
1572,RARI-USD,roc_momentum,buy,2025-12-29 09:33:00+00:00,0.383,0.25,2025-12-29 09:34:00+00:00,0.3814,0.2489556135770235,65.27415143603133,-0.1044386422976495,-0.603394255874673,-0.417754569190598,0.016666666666666666,roc_peak_drop,0.383,2.791196994095557
1573,RARI-USD,roc_momentum,buy,2025-12-29 09:34:00+00:00,0.3814,0.25,2025-12-29 09:36:00+00:00,0.381,0.24973780807551127,65.54798112218144,-0.026219192448873326,-0.5259570005243845,-0.1048767697954933,0.03333333333333333,roc_peak_drop,0.384,2.046239702365127
1574,RARI-USD,roc_momentum,buy,2025-12-29 09:36:00+00:00,0.381,0.25,2025-12-29 09:37:00+00:00,0.3788,0.24855643044619424,65.61679790026247,-0.1443569553805761,-0.6429133858267704,-0.5774278215223044,0.016666666666666666,roc_peak_drop,0.381,1.195219123505975
1575,RARI-USD,roc_momentum,buy,2025-12-29 09:37:00+00:00,0.3788,0.25,2025-12-29 09:38:00+00:00,0.3771,0.2488780359028511,65.99788806758183,-0.1121964097148914,-0.6110744456177425,-0.4487856388595656,0.016666666666666666,roc_reversal,0.3788,-0.5513258072984972
1576,RARI-USD,roc_momentum,buy,2025-12-29 09:38:00+00:00,0.3771,0.25,2025-12-29 09:39:00+00:00,0.3794,0.2515247944842217,66.29541235746487,0.1524794484221708,-0.3490453460620509,0.6099177936886832,0.016666666666666666,roc_reversal,0.3794,-0.5243838489774499
1577,RARI-USD,roc_momentum,buy,2025-12-29 09:39:00+00:00,0.3794,0.25,2025-12-29 09:40:00+00:00,0.3789,0.2496705324196099,65.89351607801792,-0.03294675803900899,-0.5326172904586189,-0.13178703215603596,0.016666666666666666,roc_reversal,0.3794,-0.5243838489774499
1578,RARI-USD,roc_momentum,buy,2025-12-29 09:40:00+00:00,0.3789,0.25,2025-12-29 09:41:00+00:00,0.378,0.2494061757719715,65.98046978094484,-0.05938242280285114,-0.5587885985748227,-0.23752969121140455,0.016666666666666666,roc_reversal,0.3789,-0.7874015748031482
1579,RARI-USD,roc_momentum,buy,2025-12-29 09:41:00+00:00,0.378,0.25,2025-12-29 09:42:00+00:00,0.3774,0.2496031746031746,66.13756613756614,-0.039682539682538986,-0.5392857142857136,-0.15873015873015595,0.016666666666666666,roc_reversal,0.378,-0.36958817317845893
1580,RARI-USD,roc_momentum,buy,2025-12-29 09:42:00+00:00,0.3774,0.25,2025-12-29 09:44:00+00:00,0.3762,0.24920508744038153,66.24271330153682,-0.07949125596184647,-0.578696343402228,-0.3179650238473859,0.03333333333333333,roc_peak_drop,0.3774,0.05303632988598039
1581,RARI-USD,roc_momentum,buy,2025-12-29 09:44:00+00:00,0.3762,0.25,2025-12-29 09:45:00+00:00,0.3733,0.24807283359914942,66.45401382243487,-0.19271664008505837,-0.6907894736842077,-0.7708665603402335,0.016666666666666666,roc_reversal,0.3762,-0.8434370057986418
1582,RARI-USD,roc_momentum,buy,2025-12-29 09:45:00+00:00,0.3733,0.25,2025-12-29 09:46:00+00:00,0.3745,0.250803643182427,66.9702652022502,0.08036431824269882,-0.4204393249397282,0.3214572729707953,0.016666666666666666,roc_reversal,0.3745,-0.92592592592593
1583,RARI-USD,roc_momentum,buy,2025-12-29 09:46:00+00:00,0.3745,0.25,2025-12-29 09:47:00+00:00,0.373,0.24899866488651534,66.75567423230974,-0.10013351134846471,-0.59913217623498,-0.40053404539385884,0.016666666666666666,roc_reversal,0.3745,-0.92592592592593
1584,RARI-USD,roc_momentum,buy,2025-12-29 09:47:00+00:00,0.373,0.25,2025-12-29 09:48:00+00:00,0.373,0.25,67.02412868632707,0.0,-0.5,0.0,0.016666666666666666,roc_reversal,0.373,-1.1396766498807387
1585,RARI-USD,roc_momentum,buy,2025-12-29 09:48:00+00:00,0.373,0.25,2025-12-29 09:49:00+00:00,0.3707,0.24845844504021447,67.02412868632707,-0.1541554959785539,-0.6526139410187684,-0.6166219839142156,0.016666666666666666,roc_reversal,0.373,-1.1396766498807387
1586,RARI-USD,roc_momentum,buy,2025-12-29 09:49:00+00:00,0.3707,0.25,2025-12-29 09:50:00+00:00,0.3718,0.25074183976261133,67.43997841920691,0.07418397626113066,-0.42655786350148067,0.29673590504452263,0.016666666666666666,roc_reversal,0.3718,-0.4018215912135026
1587,RARI-USD,roc_momentum,buy,2025-12-29 09:50:00+00:00,0.3718,0.25,2025-12-29 09:51:00+00:00,0.3703,0.24899139322216246,67.24045185583647,-0.10086067778375479,-0.5998520710059172,-0.40344271113501917,0.016666666666666666,roc_reversal,0.3718,-0.4018215912135026
1588,RARI-USD,roc_momentum,buy,2025-12-29 09:51:00+00:00,0.3703,0.25,2025-12-29 09:52:00+00:00,0.3703,0.25,67.51282743721306,0.0,-0.5,0.0,0.016666666666666666,roc_reversal,0.3703,-0.7238605898123307
1589,RARI-USD,roc_momentum,buy,2025-12-29 09:52:00+00:00,0.3703,0.25,2025-12-29 09:53:00+00:00,0.3707,0.25027005130974883,67.51282743721306,0.027005130974882254,-0.47326492033486656,0.10802052389952901,0.016666666666666666,roc_reversal,0.3707,-0.6166219839142117
1590,RARI-USD,roc_momentum,buy,2025-12-29 09:53:00+00:00,0.3707,0.25,2025-12-29 09:54:00+00:00,0.3705,0.2498651200431616,67.43997841920691,-0.013487995683839897,-0.5133531157270015,-0.05395198273535959,0.016666666666666666,roc_reversal,0.3707,-0.053951982735356285
1591,RARI-USD,roc_momentum,buy,2025-12-29 09:54:00+00:00,0.3705,0.25,2025-12-29 09:55:00+00:00,0.3702,0.2497975708502024,67.47638326585695,-0.0202429149797586,-0.520040485829961,-0.0809716599190344,0.016666666666666666,roc_reversal,0.3705,-0.053951982735356285
1592,RARI-USD,roc_momentum,buy,2025-12-29 10:02:00+00:00,0.3647,0.25,2025-12-29 10:03:00+00:00,0.3636,0.24924595557992868,68.54949273375377,-0.07540444200713226,-0.5746503975870609,-0.301617768028529,0.016666666666666666,roc_reversal,0.3647,-0.8428493746601373
1593,RARI-USD,roc_momentum,buy,2025-12-29 10:04:00+00:00,0.3635,0.25,2025-12-29 10:05:00+00:00,0.3615,0.2486244841815681,68.7757909215956,-0.13755158184319133,-0.6361760660247594,-0.5502063273727653,0.016666666666666666,roc_reversal,0.3635,-1.2228260869565188
1594,RARI-USD,roc_momentum,buy,2025-12-29 12:34:00+00:00,0.3674,0.25,2025-12-29 12:37:00+00:00,0.3808,0.25911812738160045,68.04572672836146,0.9118127381600452,0.40269461077844465,3.6472509526401806,0.05,take_profit,0.3808,5.572497920709729
1595,RARI-USD,roc_momentum,buy,2025-12-29 12:37:00+00:00,0.3808,0.25,2025-12-29 12:38:00+00:00,0.3772,0.24763655462184872,65.65126050420167,-0.23634453781512915,-0.7339810924369778,-0.9453781512605166,0.016666666666666666,roc_peak_drop,0.3808,5.572497920709729
1596,RARI-USD,roc_momentum,buy,2025-12-29 12:38:00+00:00,0.3772,0.25,2025-12-29 12:42:00+00:00,0.381,0.2525185577942736,66.2778366914104,0.2518557794273612,-0.2506627783669124,1.0074231177094448,0.06666666666666667,roc_peak_drop,0.3815,3.3991228070175294
1597,RARI-USD,roc_momentum,buy,2025-12-29 12:42:00+00:00,0.381,0.25,2025-12-29 12:44:00+00:00,0.3767,0.2471784776902887,65.61679790026247,-0.2821522309711303,-0.779330708661419,-1.1286089238845212,0.03333333333333333,roc_peak_drop,0.381,0.7423117709437932
1598,RARI-USD,roc_momentum,buy,2025-12-29 12:50:00+00:00,0.3767,0.25,2025-12-29 12:57:00+00:00,0.3811,0.25292009556676404,66.36580833554554,0.2920095566764013,-0.21091053889036268,1.1680382267056053,0.11666666666666667,roc_peak_drop,0.384,1.9378816033979396
1599,RARI-USD,roc_momentum,buy,2025-12-29 12:57:00+00:00,0.3811,0.25,2025-12-29 12:58:00+00:00,0.3828,0.2511151928627657,65.59958016268696,0.11151928627656647,-0.3895959065861992,0.4460771451062659,0.016666666666666666,roc_reversal,0.3828,-0.31250000000000444
1600,RARI-USD,roc_momentum,buy,2025-12-29 12:58:00+00:00,0.3828,0.25,2025-12-29 12:59:00+00:00,0.3823,0.24967345872518287,65.30825496342739,-0.03265412748171372,-0.5323275862068966,-0.1306165099268549,0.016666666666666666,roc_reversal,0.3828,-0.2869066249348018
1601,RARI-USD,roc_momentum,buy,2025-12-29 12:59:00+00:00,0.3823,0.25,2025-12-29 13:00:00+00:00,0.3817,0.24960763798064348,65.39366989275439,-0.03923620193565194,-0.5388438399162955,-0.15694480774260777,0.016666666666666666,roc_reversal,0.3823,-0.2869066249348018
1602,RARI-USD,roc_momentum,buy,2025-12-29 13:00:00+00:00,0.3817,0.25,2025-12-29 13:03:00+00:00,0.3831,0.25091695048467383,65.49646319098768,0.09169504846738358,-0.40922190201729025,0.3667801938695343,0.05,roc_peak_drop,0.3836,0.3935974809761156
1603,RARI-USD,roc_momentum,buy,2025-12-29 13:03:00+00:00,0.3831,0.25,2025-12-29 13:04:00+00:00,0.3825,0.24960845732184808,65.25711302531975,-0.039154267815191164,-0.5387627251370393,-0.15661707126076466,0.016666666666666666,roc_peak_drop,0.3831,0.07836990595611049
1604,RARI-USD,roc_momentum,buy,2025-12-29 13:04:00+00:00,0.3825,0.25,2025-12-29 13:06:00+00:00,0.3826,0.25006535947712416,65.359477124183,0.006535947712417581,-0.4935294117647066,0.026143790849670324,0.03333333333333333,roc_peak_drop,0.3826,0.20958868221117033
1605,RARI-USD,roc_momentum,buy,2025-12-29 13:06:00+00:00,0.3826,0.25,2025-12-29 13:07:00+00:00,0.3822,0.2497386304234187,65.34239414532149,-0.02613695765812934,-0.525875588081548,-0.10454783063251737,0.016666666666666666,roc_reversal,0.3826,-0.1045478306325176
1606,RARI-USD,roc_momentum,buy,2025-12-29 13:07:00+00:00,0.3822,0.25,2025-12-29 13:10:00+00:00,0.3825,0.2501962323390895,65.41077969649399,0.019623233908949666,-0.48057299843013984,0.07849293563579866,0.05,roc_peak_drop,0.3831,0.15686274509802978
1607,RARI-USD,roc_momentum,buy,2025-12-29 13:10:00+00:00,0.3825,0.25,2025-12-29 13:11:00+00:00,0.38,0.24836601307189543,65.359477124183,-0.16339869281045766,-0.661764705882353,-0.6535947712418306,0.016666666666666666,roc_reversal,0.3825,
1608,RARI-USD,roc_momentum,buy,2025-12-29 13:11:00+00:00,0.38,0.25,2025-12-29 13:12:00+00:00,0.3793,0.24953947368421053,65.78947368421052,-0.04605263157894595,-0.5455921052631565,-0.1842105263157838,0.016666666666666666,roc_reversal,0.38,-0.6795608991113422
1609,RARI-USD,roc_momentum,buy,2025-12-29 13:12:00+00:00,0.3793,0.25,2025-12-29 13:13:00+00:00,0.3793,0.25,65.91088847877668,0.0,-0.5,0.0,0.016666666666666666,roc_reversal,0.3793,-0.7587650444793148
1610,RARI-USD,roc_momentum,buy,2025-12-29 13:13:00+00:00,0.3793,0.25,2025-12-29 13:14:00+00:00,0.378,0.2491431584497759,65.91088847877668,-0.08568415502241124,-0.5848273134721871,-0.34273662008964495,0.016666666666666666,roc_reversal,0.3793,-0.9919081179848521
1611,RARI-USD,roc_momentum,buy,2025-12-29 13:14:00+00:00,0.378,0.25,2025-12-29 13:15:00+00:00,0.377,0.24933862433862433,66.13756613756614,-0.06613756613756619,-0.5654761904761906,-0.26455026455026476,0.016666666666666666,roc_reversal,0.378,-1.3312451057165164
1612,RARI-USD,roc_momentum,buy,2025-12-29 13:15:00+00:00,0.377,0.25,2025-12-29 13:16:00+00:00,0.3769,0.24993368700265253,66.3129973474801,-0.006631299734747281,-0.5065649867373998,-0.026525198938989122,0.016666666666666666,roc_reversal,0.377,-0.8157894736842031
1613,RARI-USD,roc_momentum,buy,2025-12-29 13:16:00+00:00,0.3769,0.25,2025-12-29 13:17:00+00:00,0.3757,0.24920403289997345,66.33059166887769,-0.0795967100026555,-0.578800742902629,-0.318386840010622,0.016666666666666666,roc_reversal,0.3769,-0.8157894736842031
1614,RARI-USD,roc_momentum,buy,2025-12-29 13:17:00+00:00,0.3757,0.25,2025-12-29 13:18:00+00:00,0.3759,0.25013308490817143,66.54245408570668,0.013308490817143566,-0.48682459409102785,0.05323396326857426,0.016666666666666666,roc_reversal,0.3759,-0.8963880833113613
1615,RARI-USD,roc_momentum,buy,2025-12-29 13:18:00+00:00,0.3759,0.25,2025-12-29 13:19:00+00:00,0.375,0.24940143655227454,66.50704974727321,-0.05985634477254668,-0.5592577813248212,-0.2394253790901867,0.016666666666666666,roc_reversal,0.3759,-0.7936507936507908
1616,RARI-USD,roc_momentum,buy,2025-12-29 13:19:00+00:00,0.375,0.25,2025-12-29 13:20:00+00:00,0.373,0.24866666666666667,66.66666666666667,-0.13333333333333344,-0.6320000000000001,-0.5333333333333338,0.016666666666666666,roc_reversal,0.375,-0.7936507936507908
1617,RARI-USD,roc_momentum,buy,2025-12-29 13:20:00+00:00,0.373,0.25,2025-12-29 13:21:00+00:00,0.3722,0.24946380697050938,67.02412868632707,-0.0536193029490632,-0.5530831099195725,-0.2144772117962528,0.016666666666666666,roc_reversal,0.373,-1.0610079575596787
1618,RARI-USD,roc_momentum,buy,2025-12-29 13:21:00+00:00,0.3722,0.25,2025-12-29 13:22:00+00:00,0.3707,0.2489924771628157,67.16818914562064,-0.10075228371843105,-0.5997447608812467,-0.4030091348737242,0.016666666666666666,roc_reversal,0.3722,-1.247015123374906
1619,RARI-USD,roc_momentum,buy,2025-12-29 13:22:00+00:00,0.3707,0.25,2025-12-29 13:23:00+00:00,0.36,0.24278392230914486,67.43997841920691,-0.721607769085513,-1.214391691394658,-2.886431076342052,0.016666666666666666,roc_reversal,0.3707,-1.330849081714136
1620,RARI-USD,roc_momentum,buy,2025-12-29 13:35:00+00:00,0.3659,0.25,2025-12-29 13:37:00+00:00,0.3659,0.25,68.3246788740093,0.0,-0.5,0.0,0.03333333333333333,roc_peak_drop,0.366,1.4697726012201873
1621,RARI-USD,roc_momentum,buy,2025-12-29 13:37:00+00:00,0.3659,0.25,2025-12-29 13:38:00+00:00,0.3659,0.25,68.3246788740093,0.0,-0.5,0.0,0.016666666666666666,roc_peak_drop,0.3659,0.5772402418911415
1622,RARI-USD,roc_momentum,buy,2025-12-29 13:38:00+00:00,0.3659,0.25,2025-12-29 13:39:00+00:00,0.3659,0.25,68.3246788740093,0.0,-0.5,0.0,0.016666666666666666,roc_peak_drop,0.3659,0.38408779149519123
1623,RARI-USD,roc_momentum,buy,2025-12-29 13:39:00+00:00,0.3659,0.25,2025-12-29 13:40:00+00:00,0.3611,0.24672041541404754,68.3246788740093,-0.3279584585952464,-0.824678874009294,-1.3118338343809857,0.016666666666666666,roc_peak_drop,0.3659,0.027337342810285215
1624,ZRX-USD,roc_momentum,buy,2025-12-30 03:28:00+00:00,0.172862,0.25,2025-12-30 03:29:00+00:00,0.173217,0.2505134153255198,144.62403535768416,0.05134153255198106,-0.44917188277353876,0.20536613020792424,0.016666666666666666,roc_reversal,0.173217,-0.6523100973005458
1625,ZRX-USD,roc_momentum,buy,2025-12-30 03:29:00+00:00,0.173217,0.25,2025-12-30 03:30:00+00:00,0.172999,0.24968536575509334,144.32763527829255,-0.03146342449066719,-0.5311487902457606,-0.12585369796266876,0.016666666666666666,roc_reversal,0.173217,-0.6965465052283903
1626,ZRX-USD,roc_momentum,buy,2025-12-30 03:30:00+00:00,0.172999,0.25,2025-12-30 03:31:00+00:00,0.17288,0.24982803368805598,144.50950583529382,-0.01719663119440112,-0.5170246648824571,-0.06878652477760448,0.016666666666666666,roc_reversal,0.172999,-1.0882127450195012
1627,ZRX-USD,roc_momentum,buy,2025-12-30 03:31:00+00:00,0.17288,0.25,2025-12-30 03:32:00+00:00,0.172927,0.2500679662193429,144.60897732531234,0.0067966219342884505,-0.4932713442850544,0.027186487737153802,0.016666666666666666,roc_reversal,0.172927,-0.3710297227071391
1628,ZRX-USD,roc_momentum,buy,2025-12-30 03:32:00+00:00,0.172927,0.25,2025-12-30 03:33:00+00:00,0.17265,0.24959954200327306,144.56967390864352,-0.040045799672694185,-0.5396453416759672,-0.16018319869077674,0.016666666666666666,roc_reversal,0.172927,-0.12264118198330731
1629,ZRX-USD,roc_momentum,buy,2025-12-30 03:33:00+00:00,0.17265,0.25,2025-12-30 03:34:00+00:00,0.172405,0.2496452360266435,144.8016217781639,-0.035476397335649466,-0.535121633362293,-0.14190558934259787,0.016666666666666666,roc_reversal,0.17265,-0.12264118198330731
1630,ZRX-USD,roc_momentum,buy,2025-12-30 03:34:00+00:00,0.172405,0.25,2025-12-30 03:40:00+00:00,0.175893,0.2550578579507555,145.00739537716424,0.5057857950755476,0.0007279371247920801,2.02314318030219,0.1,roc_peak_drop,0.177927,3.2029233490908027
1631,ZRX-USD,roc_momentum,buy,2025-12-30 03:40:00+00:00,0.175893,0.25,2025-12-30 03:42:00+00:00,0.176771,0.25124791776818867,142.13186425838435,0.12479177681886398,-0.37645614094932467,0.49916710727545593,0.03333333333333333,roc_peak_drop,0.176771,1.7042346777211614
1632,ZRX-USD,roc_momentum,buy,2025-12-30 03:42:00+00:00,0.176771,0.25,2025-12-30 03:44:00+00:00,0.176514,0.24963653540456296,141.42591262141414,-0.036346459543704454,-0.5359829949482674,-0.14538583817481782,0.03333333333333333,roc_peak_drop,0.176771,0.9941096148682327
1633,ZRX-USD,roc_momentum,buy,2025-12-30 03:44:00+00:00,0.176514,0.25,2025-12-30 03:46:00+00:00,0.175601,0.2487069014355802,141.6318252376582,-0.12930985644198154,-0.6280167578775617,-0.5172394257679261,0.03333333333333333,roc_peak_drop,0.176514,0.3439591115052876
1634,ZRX-USD,roc_momentum,buy,2025-12-30 03:46:00+00:00,0.175601,0.25,2025-12-30 03:47:00+00:00,0.176678,0.2515333056189885,142.36820974823604,0.15333056189884947,-0.34820274372013904,0.6133222475953979,0.016666666666666666,roc_reversal,0.176678,-0.05261043949517097
1635,ZRX-USD,roc_momentum,buy,2025-12-30 03:47:00+00:00,0.176678,0.25,2025-12-30 03:48:00+00:00,0.175992,0.24902930755385505,141.50035658089857,-0.09706924461449531,-0.5960985521683504,-0.38827697845798126,0.016666666666666666,roc_reversal,0.176678,-0.05261043949517097
1636,ZRX-USD,roc_momentum,buy,2025-12-30 03:48:00+00:00,0.175992,0.25,2025-12-30 03:49:00+00:00,0.176218,0.2503210373198782,142.05191145052046,0.03210373198781819,-0.46821730533205996,0.12841492795127277,0.016666666666666666,roc_reversal,0.176218,-0.16769208108138312
1637,ZRX-USD,roc_momentum,buy,2025-12-30 03:49:00+00:00,0.176218,0.25,2025-12-30 03:51:00+00:00,0.174175,0.24710160142550702,141.8697295395476,-0.28983985744929813,-0.7869414588748052,-1.1593594297971925,0.03333333333333333,roc_peak_drop,0.176915,0.23626330043400312
1638,ZRX-USD,roc_momentum,buy,2025-12-30 03:51:00+00:00,0.174175,0.25,2025-12-30 03:52:00+00:00,0.172844,0.24808956509257932,143.53380221042056,-0.19104349074206958,-0.6891330558346489,-0.7641739629682783,0.016666666666666666,roc_reversal,0.174175,-0.8120682684039426
1639,ZRX-USD,roc_momentum,buy,2025-12-30 03:52:00+00:00,0.172844,0.25,2025-12-30 03:53:00+00:00,0.172849,0.2500072319548263,144.63909652634746,0.0007231954826324605,-0.4992840364721939,0.002892781930529842,0.016666666666666666,roc_reversal,0.172849,-1.7858766307559448
1640,ZRX-USD,roc_momentum,buy,2025-12-30 03:53:00+00:00,0.172849,0.25,2025-12-30 03:54:00+00:00,0.172968,0.25017211554593893,144.63491255373188,0.017211554593895246,-0.4829605609520437,0.06884621837558098,0.016666666666666666,roc_reversal,0.172968,-1.7858766307559448
1641,ZRX-USD,roc_momentum,buy,2025-12-30 03:54:00+00:00,0.172968,0.25,2025-12-30 03:55:00+00:00,0.171938,0.24851128532445307,144.53540539290503,-0.14887146755469263,-0.6473827528791457,-0.5954858702187705,0.016666666666666666,roc_reversal,0.172968,-1.8443064840141243
1642,ZRX-USD,roc_momentum,buy,2025-12-30 03:55:00+00:00,0.171938,0.25,2025-12-30 03:56:00+00:00,0.171938,0.25,145.40124928753386,0.0,-0.5,0.0,0.016666666666666666,roc_reversal,0.171938,-1.2843404621788346
1643,ZRX-USD,roc_momentum,buy,2025-12-30 03:56:00+00:00,0.171938,0.25,2025-12-30 03:57:00+00:00,0.170067,0.2472795426258302,145.40124928753386,-0.2720457374169776,-0.7693252800428078,-1.0881829496679103,0.016666666666666666,roc_reversal,0.171938,-1.2843404621788346
1644,ZRX-USD,roc_momentum,buy,2025-12-30 03:57:00+00:00,0.170067,0.25,2025-12-30 03:58:00+00:00,0.171781,0.2525195952183551,147.00088788536283,0.2519595218355109,-0.2505600733828442,1.0078380873420436,0.016666666666666666,roc_reversal,0.171781,-0.6178803464295557
1645,ZRX-USD,roc_momentum,buy,2025-12-30 03:58:00+00:00,0.171781,0.25,2025-12-30 03:59:00+00:00,0.171355,0.24938002456616276,145.53413939842008,-0.06199754338372433,-0.5613775679498871,-0.24799017353489733,0.016666666666666666,roc_reversal,0.171781,-0.6178803464295557
1646,ZRX-USD,roc_momentum,buy,2025-12-30 03:59:00+00:00,0.171355,0.25,2025-12-30 04:01:00+00:00,0.171758,0.25058796066645267,145.89594701059204,0.058796066645266654,-0.441791894021186,0.23518426658106661,0.03333333333333333,roc_peak_drop,0.172258,0.1861135990880447
1647,ZRX-USD,roc_momentum,buy,2025-12-30 04:01:00+00:00,0.171758,0.25,2025-12-30 04:03:00+00:00,0.17304,0.2518659975081219,145.55362777861876,0.18659975081219002,-0.3152662466959319,0.7463990032487601,0.03333333333333333,roc_peak_drop,0.17304,1.3118359234889798
1648,ZRX-USD,roc_momentum,buy,2025-12-30 04:03:00+00:00,0.17304,0.25,2025-12-30 04:09:00+00:00,0.174781,0.2525153143781784,144.47526583448914,0.2515314378178445,-0.25098387656033394,1.006125751271378,0.1,roc_peak_drop,0.175701,1.770019389520372
1649,ZRX-USD,roc_momentum,buy,2025-12-30 04:09:00+00:00,0.174781,0.25,2025-12-30 04:10:00+00:00,0.174781,0.25,143.0361423724547,0.0,-0.5,0.0,0.016666666666666666,roc_peak_drop,0.174781,1.1516803537221287
1650,ZRX-USD,roc_momentum,buy,2025-12-30 04:10:00+00:00,0.174781,0.25,2025-12-30 04:12:00+00:00,0.174797,0.2500228857827796,143.0361423724547,0.002288578277961564,-0.49773430750481806,0.009154313111846255,0.03333333333333333,roc_peak_drop,0.174802,0.41705921551506986
1651,ZRX-USD,roc_momentum,buy,2025-12-30 04:12:00+00:00,0.174797,0.25,2025-12-30 04:13:00+00:00,0.173068,0.2475271314725081,143.02304959467267,-0.24728685274919024,-0.7448139842216983,-0.989147410996761,0.016666666666666666,roc_peak_drop,0.174797,0.016593426714273107
1652,ZRX-USD,roc_momentum,buy,2025-12-30 04:13:00+00:00,0.173068,0.25,2025-12-30 04:14:00+00:00,0.172345,0.24895561282270554,144.45189174197426,-0.10443871772944759,-0.6033943305521531,-0.41775487091779034,0.016666666666666666,roc_reversal,0.173068,-1.3937441712772003
1653,ZRX-USD,roc_momentum,buy,2025-12-30 04:14:00+00:00,0.172345,0.25,2025-12-30 04:15:00+00:00,0.173372,0.2514897444080188,145.05787809335925,0.14897444080187996,-0.3525153036061388,0.5958977632075199,0.016666666666666666,roc_reversal,0.173372,-0.8061516984111505
1654,ZRX-USD,roc_momentum,buy,2025-12-30 04:15:00+00:00,0.173372,0.25,2025-12-30 04:16:00+00:00,0.173372,0.25,144.19860185035645,0.0,-0.5,0.0,0.016666666666666666,roc_reversal,0.173372,-0.8061516984111505
1655,ZRX-USD,roc_momentum,buy,2025-12-30 04:16:00+00:00,0.173372,0.25,2025-12-30 04:17:00+00:00,0.17413,0.2510930254020257,144.19860185035645,0.10930254020257145,-0.39179048519945425,0.4372101608102858,0.016666666666666666,roc_reversal,0.17413,-0.38158549631859273
1656,ZRX-USD,roc_momentum,buy,2025-12-30 04:17:00+00:00,0.17413,0.25,2025-12-30 04:20:00+00:00,0.1735,0.24909550335955893,143.57089530810313,-0.09044966404410777,-0.5895451674036667,-0.3617986561764311,0.05,roc_peak_drop,0.174204,0.6701673967913102
1657,ZRX-USD,roc_momentum,buy,2025-12-30 04:20:00+00:00,0.1735,0.25,2025-12-30 04:22:00+00:00,0.1745,0.25144092219020175,144.09221902017293,0.14409221902017305,-0.3573487031700287,0.5763688760806922,0.03333333333333333,roc_peak_drop,0.1745,0.6131324550677109
1658,ZRX-USD,roc_momentum,buy,2025-12-30 04:22:00+00:00,0.1745,0.25,2025-12-30 04:23:00+00:00,0.174403,0.24986103151862465,143.26647564469914,-0.01389684813753381,-0.5137578796561585,-0.05558739255013524,0.016666666666666666,roc_peak_drop,0.1745,0.21248492505598904
1659,ZRX-USD,roc_momentum,buy,2025-12-30 04:23:00+00:00,0.174403,0.25,2025-12-30 04:24:00+00:00,0.173553,0.2487815576566917,143.3461580362723,-0.12184423433082998,-0.6206257919875217,-0.48737693732331994,0.016666666666666666,roc_peak_drop,0.174403,0.11423388670754875
1660,ZRX-USD,roc_momentum,buy,2025-12-30 04:24:00+00:00,0.173553,0.25,2025-12-30 04:25:00+00:00,0.17251,0.2484975771090099,144.04821581879887,-0.15024228909900952,-0.6487398662080195,-0.6009691563960381,0.016666666666666666,roc_peak_drop,0.173553,0.030547550432280524
1661,ZRX-USD,roc_momentum,buy,2025-12-30 04:25:00+00:00,0.17251,0.25,2025-12-30 04:26:00+00:00,0.17355,0.2515071590052751,144.9191351226016,0.15071590052750755,-0.35079125847776754,0.6028636021100302,0.016666666666666666,roc_reversal,0.17355,-0.5073523088829579
1662,ZRX-USD,roc_momentum,buy,2025-12-30 04:26:00+00:00,0.17355,0.25,2025-12-30 04:28:00+00:00,0.174353,0.2511567271679631,144.05070584845865,0.11567271679631203,-0.3854840103716511,0.4626908671852481,0.03333333333333333,roc_peak_drop,0.174802,0.17306590257881727
1663,ZRX-USD,roc_momentum,buy,2025-12-30 04:28:00+00:00,0.174353,0.25,2025-12-30 04:31:00+00:00,0.172641,0.24754521000498986,143.3872660636754,-0.24547899950101504,-0.7430242095060049,-0.9819159980040602,0.05,roc_peak_drop,0.174353,0.28291069586812156
1664,ZRX-USD,roc_momentum,buy,2025-12-30 04:31:00+00:00,0.172641,0.25,2025-12-30 04:32:00+00:00,0.172641,0.25,144.80917047514785,0.0,-0.5,0.0,0.016666666666666666,roc_reversal,0.172641,-0.523768366465005
1665,ZRX-USD,roc_momentum,buy,2025-12-30 04:32:00+00:00,0.172641,0.25,2025-12-30 04:33:00+00:00,0.172641,0.25,144.80917047514785,0.0,-0.5,0.0,0.016666666666666666,roc_reversal,0.172641,-0.981915998004057
1666,ZRX-USD,roc_momentum,buy,2025-12-30 04:33:00+00:00,0.172641,0.25,2025-12-30 04:34:00+00:00,0.172639,0.2499971038165905,144.80917047514785,-0.00028961834095058537,-0.5002867221575411,-0.0011584733638023415,0.016666666666666666,roc_reversal,0.172641,-0.8072671278527399
1667,ZRX-USD,roc_momentum,buy,2025-12-30 04:34:00+00:00,0.172639,0.25,2025-12-30 04:41:00+00:00,0.174567,0.25279195315079445,144.81084807025064,0.2791953150794451,-0.2235966380713493,1.1167812603177805,0.11666666666666667,roc_peak_drop,0.175135,1.2621713517803057
1668,ZRX-USD,roc_momentum,buy,2025-12-30 04:41:00+00:00,0.174567,0.25,2025-12-30 04:44:00+00:00,0.174895,0.25046973368391506,143.21148899849342,0.04697336839150512,-0.45349636529240994,0.18789347356602049,0.05,roc_peak_drop,0.174895,0.6474505195732672
1669,ZRX-USD,roc_momentum,buy,2025-12-30 04:44:00+00:00,0.174895,0.25,2025-12-30 04:45:00+00:00,0.17482,0.2498927928185483,142.94290860230424,-0.010720718145171637,-0.5106135109637199,-0.04288287258068655,0.016666666666666666,roc_peak_drop,0.174895,0.044045807639947476
1670,ZRX-USD,roc_momentum,buy,2025-12-30 04:45:00+00:00,0.17482,0.25,2025-12-30 04:47:00+00:00,0.17482,0.25,143.0042329252946,0.0,-0.5,0.0,0.03333333333333333,roc_peak_drop,0.174877,0.17758224635813225
1671,ZRX-USD,roc_momentum,buy,2025-12-30 04:47:00+00:00,0.17482,0.25,2025-12-30 04:48:00+00:00,0.172956,0.2473344010982725,143.0042329252946,-0.2665598901727498,-0.7638942912710223,-1.0662395606909991,0.016666666666666666,roc_peak_drop,0.17482,0.05265326679182447
1672,ZRX-USD,roc_momentum,buy,2025-12-30 04:48:00+00:00,0.172956,0.25,2025-12-30 04:49:00+00:00,0.172956,0.25,144.5454335206642,0.0,-0.5,0.0,0.016666666666666666,roc_reversal,0.172956,-1.0141477038597135
1673,ZRX-USD,roc_momentum,buy,2025-12-30 04:49:00+00:00,0.172956,0.25,2025-12-30 04:50:00+00:00,0.173073,0.2501691181572192,144.5454335206642,0.016911815721918577,-0.48325730243530063,0.06764726288767431,0.016666666666666666,roc_reversal,0.173073,-0.9993135796819597
1674,ZRX-USD,roc_momentum,buy,2025-12-30 04:50:00+00:00,0.173073,0.25,2025-12-30 04:51:00+00:00,0.171478,0.2476960588884459,144.44771859273254,-0.23039411115541028,-0.7280901700438562,-0.9215764446216411,0.016666666666666666,roc_reversal,0.173073,-0.9993135796819597
1675,ZRX-USD,roc_momentum,buy,2025-12-30 04:51:00+00:00,0.171478,0.25,2025-12-30 04:52:00+00:00,0.172277,0.25116487246177355,145.7912968427437,0.1164872461773554,-0.38467762628441815,0.4659489847094216,0.016666666666666666,roc_reversal,0.172277,-1.4546390573160872
1676,ZRX-USD,roc_momentum,buy,2025-12-30 04:52:00+00:00,0.172277,0.25,2025-12-30 04:54:00+00:00,0.172966,0.2509998432756549,145.11513434759138,0.09998432756548975,-0.40101551571016514,0.399937310261959,0.03333333333333333,roc_peak_drop,0.17309,0.0774763523670785
1677,ZRX-USD,roc_momentum,buy,2025-12-30 10:25:00+00:00,0.177553,0.25,2025-12-30 10:29:00+00:00,0.184897,0.26034057436371116,140.80302782831043,1.0340574363711141,0.5237168620074031,4.1362297454844565,0.06666666666666667,take_profit,0.184897,6.423502190091912
1678,ZRX-USD,roc_momentum,buy,2025-12-30 10:29:00+00:00,0.184897,0.25,2025-12-30 10:30:00+00:00,0.192105,0.25974596667333705,135.21041444696235,0.9745966673337036,0.4648507006603666,3.8983866693348146,0.016666666666666666,take_profit,0.192105,8.1958626438303
1679,ZRX-USD,roc_momentum,buy,2025-12-30 10:30:00+00:00,0.192105,0.25,2025-12-30 10:32:00+00:00,0.187245,0.24367533380182713,130.13716457145833,-0.6324666198172878,-1.126141953619115,-2.529866479269151,0.03333333333333333,roc_peak_drop,0.192105,8.1958626438303
1680,ZRX-USD,roc_momentum,buy,2025-12-30 10:32:00+00:00,0.187245,0.25,2025-12-30 10:33:00+00:00,0.185204,0.2472749606131005,133.5149136158509,-0.27250393868995,-0.7697788993030504,-1.0900157547598,0.016666666666666666,roc_peak_drop,0.187245,4.6271875908003635
1681,ZRX-USD,roc_momentum,buy,2025-12-30 10:33:00+00:00,0.185204,0.25,2025-12-30 10:34:00+00:00,0.184637,0.24923462776181937,134.98628539340402,-0.07653722381806169,-0.5757718515798811,-0.30614889527224676,0.016666666666666666,roc_peak_drop,0.185204,0.8082996315024626
1682,ZRX-USD,roc_momentum,buy,2025-12-30 10:34:00+00:00,0.184637,0.25,2025-12-30 10:35:00+00:00,0.183516,0.24848215688079855,135.40081348808744,-0.15178431192014374,-0.6502664688009423,-0.607137247680575,0.016666666666666666,roc_reversal,0.184637,-0.1406188310248413
1683,ZRX-USD,roc_momentum,buy,2025-12-30 10:35:00+00:00,0.183516,0.25,2025-12-30 10:36:00+00:00,0.18497,0.25198075372174633,136.2279038339981,0.19807537217463095,-0.3039053815471153,0.7923014886985238,0.016666666666666666,roc_reversal,0.18497,-2.663249680315327
1684,ZRX-USD,roc_momentum,buy,2025-12-30 10:36:00+00:00,0.18497,0.25,2025-12-30 10:37:00+00:00,0.185654,0.25092447423906583,135.1570524949992,0.09244742390658187,-0.40847705033248394,0.36978969562632746,0.016666666666666666,roc_reversal,0.185654,-0.8496889102512672
1685,ZRX-USD,roc_momentum,buy,2025-12-30 10:37:00+00:00,0.185654,0.25,2025-12-30 10:41:00+00:00,0.188967,0.2544612558846025,134.65909702995896,0.44612558846025163,-0.05833566742435087,1.7845023538410065,0.06666666666666667,roc_peak_drop,0.189536,3.280367924322669
1686,ZRX-USD,roc_momentum,buy,2025-12-30 10:41:00+00:00,0.188967,0.25,2025-12-30 10:43:00+00:00,0.187528,0.2480962284420031,132.298231966428,-0.19037715579968933,-0.6884733842416925,-0.7615086231987573,0.03333333333333333,roc_peak_drop,0.188967,2.16089095529004
1687,ZRX-USD,roc_momentum,buy,2025-12-30 10:43:00+00:00,0.187528,0.25,2025-12-30 10:45:00+00:00,0.188089,0.2507478883153449,133.31342519517085,0.07478883153449165,-0.4259590567808533,0.2991553261379666,0.03333333333333333,roc_peak_drop,0.188089,0.4197860962566802
1688,ZRX-USD,roc_momentum,buy,2025-12-30 10:45:00+00:00,0.188089,0.25,2025-12-30 10:46:00+00:00,0.188398,0.25041070982354097,132.91580049870007,0.04107098235409882,-0.4593397274694422,0.16428392941639527,0.016666666666666666,roc_reversal,0.188398,-0.301110775955582
1689,ZRX-USD,roc_momentum,buy,2025-12-30 10:46:00+00:00,0.188398,0.25,2025-12-30 10:47:00+00:00,0.187281,0.2485177655813756,132.69779933969573,-0.14822344186244105,-0.6467412074438167,-0.5928937674497642,0.016666666666666666,roc_reversal,0.188398,-0.301110775955582
1690,ZRX-USD,roc_momentum,buy,2025-12-30 10:47:00+00:00,0.187281,0.25,2025-12-30 10:48:00+00:00,0.18426,0.24596728979447996,133.48924877590358,-0.4032710205520042,-0.8992383103464842,-1.6130840822080168,0.016666666666666666,roc_reversal,0.187281,-0.641940464000923
1691,ZRX-USD,roc_momentum,buy,2025-12-30 10:48:00+00:00,0.18426,0.25,2025-12-30 10:49:00+00:00,0.18291,0.2481683490719635,135.67784652122,-0.18316509280364943,-0.681333441875613,-0.7326603712145977,0.016666666666666666,roc_reversal,0.18426,-1.7426730941512703
1692,ZRX-USD,roc_momentum,buy,2025-12-30 10:49:00+00:00,0.18291,0.25,2025-12-30 10:50:00+00:00,0.179834,0.2457957465420152,136.6792411568531,-0.4204253457984795,-0.9162210923404948,-1.681701383193918,0.016666666666666666,roc_reversal,0.18291,-2.5960539979231645
1693,ZRX-USD,roc_momentum,buy,2025-12-30 10:50:00+00:00,0.179834,0.25,2025-12-30 10:51:00+00:00,0.180008,0.2502418897427628,139.0170935418219,0.02418897427627805,-0.4760529154664847,0.0967558971051122,0.016666666666666666,roc_reversal,0.180008,-4.388879732467088
1694,ZRX-USD,roc_momentum,buy,2025-12-30 10:51:00+00:00,0.180008,0.25,2025-12-30 10:52:00+00:00,0.18003,0.25003055419759124,138.88271632371894,0.0030554197591210175,-0.4969751344384702,0.01222167903648407,0.016666666666666666,roc_reversal,0.18003,-3.871722171496317
1695,ZRX-USD,roc_momentum,buy,2025-12-30 10:52:00+00:00,0.18003,0.25,2025-12-30 10:53:00+00:00,0.180698,0.2509276231739155,138.86574459812255,0.09276231739154613,-0.4081653057823693,0.3710492695661845,0.016666666666666666,roc_reversal,0.180698,-1.9331379572343432
1696,ZRX-USD,roc_momentum,buy,2025-12-30 10:53:00+00:00,0.180698,0.25,2025-12-30 10:54:00+00:00,0.181067,0.25051052031566484,138.35238906905445,0.05105203156648223,-0.4494584887491826,0.2042081262659289,0.016666666666666666,roc_reversal,0.181067,-1.0075993658083093
1697,ZRX-USD,roc_momentum,buy,2025-12-30 10:54:00+00:00,0.181067,0.25,2025-12-30 10:56:00+00:00,0.179782,0.24822579487151164,138.07043801465755,-0.17742051284883611,-0.6756463077203477,-0.7096820513953445,0.03333333333333333,roc_peak_drop,0.181067,0.48655982739638226
1698,ZRX-USD,roc_momentum,buy,2025-12-30 10:56:00+00:00,0.179782,0.25,2025-12-30 10:57:00+00:00,0.179879,0.2501348855836513,139.05730273331034,0.013488558365133014,-0.4866463272185183,0.053954233460532054,0.016666666666666666,roc_reversal,0.179879,-0.0838749097372582
1699,ZRX-USD,roc_momentum,buy,2025-12-30 10:57:00+00:00,0.179879,0.25,2025-12-30 10:58:00+00:00,0.178811,0.24851566886629342,138.98231589012613,-0.14843311337065657,-0.64694878223695,-0.5937324534826263,0.016666666666666666,roc_reversal,0.179879,-0.0838749097372582
1700,ZRX-USD,roc_momentum,buy,2025-12-30 10:58:00+00:00,0.178811,0.25,2025-12-30 10:59:00+00:00,0.180195,0.25193500399863544,139.8124276470687,0.19350039986354256,-0.3084346041350929,0.7740015994541702,0.016666666666666666,roc_reversal,0.180195,-0.48158968779513645
1701,ZRX-USD,roc_momentum,buy,2025-12-30 10:59:00+00:00,0.180195,0.25,2025-12-30 11:00:00+00:00,0.180195,0.25,138.73858875107524,0.0,-0.5,0.0,0.016666666666666666,roc_reversal,0.180195,-0.2844351969188086
1702,ZRX-USD,roc_momentum,buy,2025-12-30 11:00:00+00:00,0.180195,0.25,2025-12-30 11:04:00+00:00,0.180195,0.25,138.73858875107524,0.0,-0.5,0.0,0.06666666666666667,roc_peak_drop,0.180195,0.7740015994541771
1703,ZRX-USD,roc_momentum,buy,2025-12-30 11:04:00+00:00,0.180195,0.25,2025-12-30 11:50:00+00:00,0.177305,0.24599045478509393,138.73858875107524,-0.4009545214906079,-0.8969449762757018,-1.6038180859624316,0.7666666666666667,roc_reversal,0.180195,
1704,ZRX-USD,roc_momentum,buy,2025-12-30 11:50:00+00:00,0.177305,0.25,2025-12-30 11:51:00+00:00,0.177165,0.24980260003948,140.99997180000565,-0.019739996052000965,-0.5195425960914809,-0.07895998420800386,0.016666666666666666,roc_reversal,0.177305,-1.6038180859624274
1705,ZRX-USD,roc_momentum,buy,2025-12-30 11:51:00+00:00,0.177165,0.25,2025-12-30 11:52:00+00:00,0.177405,0.2503386673440014,141.11139333389778,0.03386673440013801,-0.46647193294386335,0.13546693760055203,0.016666666666666666,roc_reversal,0.177405,-1.5483226504619974
1706,ZRX-USD,roc_momentum,buy,2025-12-30 11:52:00+00:00,0.177405,0.25,2025-12-30 11:53:00+00:00,0.177154,0.24964628956342833,140.92049265804232,-0.035371043657168796,-0.5350173332205971,-0.14148417462867519,0.016666666666666666,roc_reversal,0.177405,-1.5483226504619974
1707,ZRX-USD,roc_momentum,buy,2025-12-30 11:53:00+00:00,0.177154,0.25,2025-12-30 11:54:00+00:00,0.176305,0.24880188988112037,141.120155345067,-0.1198110118879642,-0.6186129017690846,-0.4792440475518568,0.016666666666666666,roc_reversal,0.177154,-1.6876161935680756
1708,ZRX-USD,roc_momentum,buy,2025-12-30 11:54:00+00:00,0.176305,0.25,2025-12-30 11:55:00+00:00,0.175087,0.2482728793851564,141.79972207254474,-0.17271206148435905,-0.6709849408695154,-0.6908482459374362,0.016666666666666666,roc_reversal,0.176305,-1.2509517498096479
1709,ZRX-USD,roc_momentum,buy,2025-12-30 12:17:00+00:00,0.173307,0.25,2025-12-30 12:19:00+00:00,0.173362,0.25007933897649837,144.25268454245935,0.007933897649835191,-0.49214544132666316,0.031735590599340766,0.03333333333333333,roc_peak_drop,0.173422,0.15072678027960862
1710,ZRX-USD,roc_momentum,buy,2025-12-30 12:19:00+00:00,0.173362,0.25,2025-12-30 12:22:00+00:00,0.173777,0.25059845871644304,144.2069196248313,0.0598458716443048,-0.44075258707213827,0.2393834865772192,0.05,roc_peak_drop,0.173777,0.7485177722160063
1711,ZRX-USD,roc_momentum,buy,2025-12-30 12:22:00+00:00,0.173777,0.25,2025-12-30 12:26:00+00:00,0.174138,0.25051934375665363,143.862536469153,0.05193437566536427,-0.4485849680912894,0.20773750266145707,0.06666666666666667,roc_peak_drop,0.174992,1.0679965518637813
1712,ZRX-USD,roc_momentum,buy,2025-12-30 12:35:00+00:00,0.175539,0.25,2025-12-30 12:37:00+00:00,0.174922,0.24912127789266203,142.41849389594336,-0.08787221073379796,-0.58699348862646,-0.35148884293519184,0.03333333333333333,roc_peak_drop,0.175795,1.1052874092846388
1713,ZRX-USD,roc_momentum,buy,2025-12-30 12:54:00+00:00,0.173882,0.25,2025-12-30 12:55:00+00:00,0.17275,0.24837245948401787,143.77566395601613,-0.1627540515982134,-0.6611265110822313,-0.6510162063928536,0.016666666666666666,roc_peak_drop,0.173882,0.35262681002592444
1714,ZRX-USD,roc_momentum,buy,2025-12-30 13:51:00+00:00,0.1748,0.25,2025-12-30 13:52:00+00:00,0.172573,0.2468149313501144,143.02059496567506,-0.3185068649885593,-0.8153217963386737,-1.2740274599542372,0.016666666666666666,roc_peak_drop,0.1748,1.8434361089748164
1715,ZRX-USD,roc_momentum,buy,2025-12-30 13:56:00+00:00,0.172076,0.25,2025-12-30 13:57:00+00:00,0.17194,0.24980241288732885,145.28464166995977,-0.019758711267114128,-0.519561124154443,-0.07903484506845651,0.016666666666666666,roc_reversal,0.172076,-0.3668012956835609
1716,ZRX-USD,roc_momentum,buy,2025-12-30 13:57:00+00:00,0.17194,0.25,2025-12-30 13:58:00+00:00,0.172258,0.25046237059439336,145.3995579853437,0.04623705943933711,-0.45422531115505627,0.18494823775734845,0.016666666666666666,roc_reversal,0.172258,-0.2149117471572093
1717,ZRX-USD,roc_momentum,buy,2025-12-30 13:58:00+00:00,0.172258,0.25,2025-12-30 14:02:00+00:00,0.17183,0.2493788387186662,145.1311404985545,-0.062116128133378995,-0.5614949668520453,-0.24846451253351598,0.06666666666666667,roc_peak_drop,0.173981,1.1070689695250824
1718,ZRX-USD,roc_momentum,buy,2025-12-30 14:02:00+00:00,0.17183,0.25,2025-12-30 14:03:00+00:00,0.17185,0.2500290985276145,145.49263807251353,0.002909852761449142,-0.49711924576616534,0.011639411045796568,0.016666666666666666,roc_reversal,0.17185,-0.06397580551354975
1719,ZRX-USD,roc_momentum,buy,2025-12-30 14:03:00+00:00,0.17185,0.25,2025-12-30 14:04:00+00:00,0.170985,0.24874163514693046,145.47570555717195,-0.1258364853069544,-0.6245781204538848,-0.5033459412278176,0.016666666666666666,roc_reversal,0.17185,-0.23685402129363098
1720,ZRX-USD,roc_momentum,buy,2025-12-30 19:13:00+00:00,0.180896,0.25,2025-12-30 19:14:00+00:00,0.178582,0.24680202989563063,138.20095524500266,-0.3197970104369376,-0.8165990403325682,-1.2791880417477504,0.016666666666666666,roc_peak_drop,0.180896,5.020667874227858
1721,ZRX-USD,roc_momentum,buy,2025-12-30 19:14:00+00:00,0.178582,0.25,2025-12-30 19:15:00+00:00,0.175556,0.24576385078003382,139.99171249062056,-0.42361492199661793,-0.9193787727766518,-1.6944596879864717,0.016666666666666666,roc_reversal,0.178582,-0.23351955307262529
1722,ZRX-USD,roc_momentum,buy,2025-12-30 20:32:00+00:00,0.17152,0.25,2025-12-30 20:37:00+00:00,0.174065,0.2537094799440298,145.75559701492537,0.37094799440298387,-0.13276148554104597,1.4837919776119355,0.08333333333333333,roc_peak_drop,0.1748,3.182848507744618
1723,ZRX-USD,roc_momentum,buy,2025-12-30 20:37:00+00:00,0.174065,0.25,2025-12-30 20:38:00+00:00,0.174159,0.2501350070376009,143.62450808605982,0.013500703760091165,-0.4866343032775097,0.05400281504036466,0.016666666666666666,roc_peak_drop,0.174159,1.4837919776119257
1724,ZRX-USD,roc_momentum,buy,2025-12-30 20:38:00+00:00,0.174159,0.25,2025-12-30 20:39:00+00:00,0.174216,0.2500818217835426,143.54698867127163,0.008182178354262699,-0.49189964342927994,0.032728713417050796,0.016666666666666666,roc_peak_drop,0.174216,0.9435985417113546
1725,ZRX-USD,roc_momentum,buy,2025-12-30 20:39:00+00:00,0.174216,0.25,2025-12-30 20:42:00+00:00,0.173183,0.24851764476282315,143.50002296000366,-0.14823552371768467,-0.6467531684805078,-0.5929420948707387,0.05,roc_peak_drop,0.174216,0.06383566055532253
1726,ZRX-USD,roc_momentum,buy,2025-12-30 20:42:00+00:00,0.173183,0.25,2025-12-30 20:43:00+00:00,0.173557,0.25053989132882554,144.3559702742186,0.053989132882555656,-0.4465507584462699,0.21595653153022262,0.016666666666666666,roc_reversal,0.173557,-0.3456611487204331
1727,ZRX-USD,roc_momentum,buy,2025-12-30 20:43:00+00:00,0.173557,0.25,2025-12-30 20:44:00+00:00,0.173296,0.24962404282166667,144.04489591315823,-0.03759571783333191,-0.5372197606549985,-0.15038287133332764,0.016666666666666666,roc_reversal,0.173557,-0.3456611487204331
1728,ZRX-USD,roc_momentum,buy,2025-12-30 20:44:00+00:00,0.173296,0.25,2025-12-30 20:45:00+00:00,0.172692,0.24912865848028806,144.26184101191026,-0.08713415197119284,-0.5862628104514809,-0.34853660788477137,0.016666666666666666,roc_reversal,0.173296,-0.5280800844928213
1729,ZRX-USD,roc_momentum,buy,2025-12-30 20:45:00+00:00,0.172692,0.25,2025-12-30 20:46:00+00:00,0.172536,0.2497741644083107,144.76640492900654,-0.022583559168927517,-0.5223577235772382,-0.09033423667571007,0.016666666666666666,roc_reversal,0.172692,-0.6415161644812817
1730,ZRX-USD,roc_momentum,buy,2025-12-30 20:46:00+00:00,0.172536,0.25,2025-12-30 20:47:00+00:00,0.172625,0.25012895859414847,144.897296796031,0.01289585941484759,-0.4872330991793009,0.05158343765939036,0.016666666666666666,roc_reversal,0.172625,-0.32220252565206
1731,ZRX-USD,roc_momentum,buy,2025-12-30 20:47:00+00:00,0.172625,0.25,2025-12-30 20:48:00+00:00,0.173004,0.25054887762490946,144.8225923244026,0.054887762490947206,-0.4456611151339623,0.21955104996378882,0.016666666666666666,roc_reversal,0.173004,-0.31862730975990017
1732,ZRX-USD,roc_momentum,buy,2025-12-30 20:48:00+00:00,0.173004,0.25,2025-12-30 20:49:00+00:00,0.1722,0.24883817715197337,144.50532935654667,-0.1161822848026634,-0.6150204619546368,-0.4647291392106536,0.016666666666666666,roc_reversal,0.173004,-0.31862730975990017
1733,ZRX-USD,roc_momentum,buy,2025-12-30 20:49:00+00:00,0.1722,0.25,2025-12-30 20:50:00+00:00,0.172256,0.2500813008130081,145.18002322880372,0.00813008130081308,-0.49195121951219506,0.03252032520325232,0.016666666666666666,roc_reversal,0.172256,-0.25247261019619716
1734,ZRX-USD,roc_momentum,buy,2025-12-30 20:50:00+00:00,0.172256,0.25,2025-12-30 20:52:00+00:00,0.172315,0.25008562836708154,145.13282556195432,0.00856283670815581,-0.49152279165892576,0.03425134683262324,0.03333333333333333,roc_peak_drop,0.172566,0.017387675615521125
1735,ZRX-USD,roc_momentum,buy,2025-12-30 20:52:00+00:00,0.172315,0.25,2025-12-30 20:53:00+00:00,0.171976,0.24950816818036733,145.08313263499986,-0.049183181963265814,-0.5486913501436331,-0.19673272785306326,0.016666666666666666,roc_reversal,0.172315,-0.17958001448226124
1736,ZRX-USD,roc_momentum,buy,2025-12-30 20:53:00+00:00,0.171976,0.25,2025-12-30 20:55:00+00:00,0.172302,0.25047390333534914,145.36912127273573,0.04739033353491486,-0.4530835698004343,0.18956133413965945,0.03333333333333333,roc_peak_drop,0.172368,0.09756097560975618
1737,ZRX-USD,roc_momentum,buy,2025-12-30 20:55:00+00:00,0.172302,0.25,2025-12-30 20:56:00+00:00,0.171864,0.24936448793397636,145.09407900082414,-0.06355120660236412,-0.5629156945363405,-0.25420482640945646,0.016666666666666666,roc_peak_drop,0.172302,0.02670443990340221
1738,ZRX-USD,roc_momentum,buy,2025-12-30 20:56:00+00:00,0.171864,0.25,2025-12-30 20:57:00+00:00,0.171758,0.24984580831355024,145.4638551412745,-0.015419168644974368,-0.5152649769585246,-0.06167667457989747,0.016666666666666666,roc_reversal,0.171864,-0.32324521951078156
1739,ZRX-USD,roc_momentum,buy,2025-12-30 20:57:00+00:00,0.171758,0.25,2025-12-30 21:03:00+00:00,0.172592,0.25121391725567366,145.55362777861876,0.12139172556736826,-0.37982219168830544,0.485566902269473,0.1,roc_peak_drop,0.17331,0.8413629381371246
1740,ZRX-USD,roc_momentum,buy,2025-12-30 21:03:00+00:00,0.172592,0.25,2025-12-30 21:04:00+00:00,0.172085,0.24926560906646889,144.85028274775192,-0.0734390933531113,-0.5727047024195802,-0.2937563734124452,0.016666666666666666,roc_reversal,0.172592,-0.03996270147862413
1741,ZRX-USD,roc_momentum,buy,2025-12-30 21:06:00+00:00,0.172085,0.25,2025-12-30 21:07:00+00:00,0.171691,0.24942760844931286,145.27704332161431,-0.057239155068712806,-0.5566667635180257,-0.22895662027485122,0.016666666666666666,roc_reversal,0.172085,-0.7068259188736992
1742,ZRX-USD,roc_momentum,buy,2025-12-30 21:11:00+00:00,0.172198,0.25,2025-12-30 21:12:00+00:00,0.171417,0.24886613084937112,145.18170942751948,-0.11338691506288927,-0.6122530459122604,-0.45354766025155707,0.016666666666666666,roc_peak_drop,0.172198,0.06566522358137927
1743,AMP-USD,roc_momentum,buy,2026-01-01 05:10:00+00:00,0.00227,0.25,2026-01-01 05:11:00+00:00,0.00224,0.24669603524229075,11013.215859030837,-0.330396475770926,-0.8270925110132167,-1.321585903083704,0.016666666666666666,roc_peak_drop,0.00227,1.7937219730941534
1744,AMP-USD,roc_momentum,buy,2026-01-01 05:11:00+00:00,0.00224,0.25,2026-01-01 05:13:00+00:00,0.00225,0.25111607142857145,11160.714285714286,0.11160714285714315,-0.38950892857142827,0.4464285714285726,0.03333333333333333,roc_peak_drop,0.00225,1.3574660633483893
1745,AMP-USD,roc_momentum,buy,2026-01-01 05:13:00+00:00,0.00225,0.25,2026-01-01 05:15:00+00:00,0.00225,0.25,11111.111111111111,0.0,-0.5,0.0,0.03333333333333333,roc_peak_drop,0.00226,0.8928571428571397
1746,AMP-USD,roc_momentum,buy,2026-01-01 05:15:00+00:00,0.00225,0.25,2026-01-01 05:18:00+00:00,0.00224,0.24888888888888888,11111.111111111111,-0.11111111111111141,-0.6100000000000003,-0.44444444444444564,0.05,roc_peak_drop,0.00225,0.44642857142858094
1747,AMP-USD,roc_momentum,buy,2026-01-01 05:18:00+00:00,0.00224,0.25,2026-01-01 05:19:00+00:00,0.00224,0.25,11160.714285714286,0.0,-0.5,0.0,0.016666666666666666,roc_reversal,0.00224,-0.4444444444444473
1748,AMP-USD,roc_momentum,buy,2026-01-01 05:19:00+00:00,0.00224,0.25,2026-01-01 05:24:00+00:00,0.00226,0.25223214285714285,11160.714285714286,0.2232142857142863,-0.27901785714285654,0.8928571428571452,0.08333333333333333,roc_peak_drop,0.00229,1.7857142857143016
1749,AMP-USD,roc_momentum,buy,2026-01-01 05:24:00+00:00,0.00226,0.25,2026-01-01 05:25:00+00:00,0.00226,0.25,11061.946902654869,0.0,-0.5,0.0,0.016666666666666666,roc_peak_drop,0.00226,0.8928571428571397
1750,AMP-USD,roc_momentum,buy,2026-01-01 05:25:00+00:00,0.00226,0.25,2026-01-01 05:27:00+00:00,0.00227,0.2511061946902655,11061.946902654869,0.11061946902654897,-0.3904867256637165,0.4424778761061959,0.03333333333333333,roc_peak_drop,0.00227,0.4424778761062065
1751,AMP-USD,roc_momentum,buy,2026-01-01 05:27:00+00:00,0.00227,0.25,2026-01-01 05:28:00+00:00,0.00227,0.25,11013.215859030837,0.0,-0.5,0.0,0.016666666666666666,roc_reversal,0.00227,-0.43859649122807154
1752,AMP-USD,roc_momentum,buy,2026-01-01 05:28:00+00:00,0.00227,0.25,2026-01-01 05:31:00+00:00,0.00226,0.2488986784140969,11013.215859030837,-0.11013215859030867,-0.6090308370044055,-0.4405286343612347,0.05,roc_reversal,0.00227,
1753,AMP-USD,roc_momentum,buy,2026-01-01 05:31:00+00:00,0.00226,0.25,2026-01-01 05:32:00+00:00,0.00224,0.24778761061946902,11061.946902654869,-0.22123893805309794,-0.719026548672567,-0.8849557522123918,0.016666666666666666,roc_reversal,0.00226,-0.4405286343612369
1754,AMP-USD,roc_momentum,buy,2026-01-01 05:32:00+00:00,0.00224,0.25,2026-01-01 05:33:00+00:00,0.00224,0.25,11160.714285714286,0.0,-0.5,0.0,0.016666666666666666,roc_reversal,0.00224,-1.3215859030836996
1755,AMP-USD,roc_momentum,buy,2026-01-01 05:33:00+00:00,0.00224,0.25,2026-01-01 05:34:00+00:00,0.00222,0.24776785714285718,11160.714285714286,-0.22321428571428148,-0.7209821428571387,-0.8928571428571259,0.016666666666666666,roc_reversal,0.00224,-1.3215859030836996
1756,AMP-USD,roc_momentum,buy,2026-01-01 05:36:00+00:00,0.00221,0.25,2026-01-01 05:37:00+00:00,0.00223,0.252262443438914,11312.217194570136,0.2262443438914033,-0.2760180995475107,0.9049773755656132,0.016666666666666666,roc_reversal,0.00223,-0.44642857142855874
1757,AMP-USD,roc_momentum,buy,2026-01-01 05:37:00+00:00,0.00223,0.25,2026-01-01 05:38:00+00:00,0.00223,0.25,11210.762331838563,0.0,-0.5,0.0,0.016666666666666666,roc_reversal,0.00223,-0.44642857142855874
1758,AMP-USD,roc_momentum,buy,2026-01-01 05:38:00+00:00,0.00223,0.25,2026-01-01 05:42:00+00:00,0.00224,0.2511210762331838,11210.762331838563,0.11210762331838107,-0.3890134529148027,0.4484304932735243,0.06666666666666667,roc_peak_drop,0.00224,1.3574660633483893
1759,AMP-USD,roc_momentum,buy,2026-01-01 05:42:00+00:00,0.00224,0.25,2026-01-01 05:44:00+00:00,0.00223,0.2488839285714286,11160.714285714286,-0.11160714285713833,-0.610491071428567,-0.4464285714285533,0.03333333333333333,roc_peak_drop,0.00224,0.4484304932735217
1760,AMP-USD,roc_momentum,buy,2026-01-01 05:44:00+00:00,0.00223,0.25,2026-01-01 05:47:00+00:00,0.00225,0.25224215246636766,11210.762331838563,0.224215246636767,-0.27802690582960066,0.896860986547068,0.05,roc_peak_drop,0.00226,0.8928571428571397
1761,AMP-USD,roc_momentum,buy,2026-01-01 05:47:00+00:00,0.00225,0.25,2026-01-01 05:49:00+00:00,0.00223,0.24777777777777782,11111.111111111111,-0.222222222222218,-0.7199999999999959,-0.888888888888872,0.03333333333333333,roc_peak_drop,0.00225,0.44642857142858094
1762,AMP-USD,roc_momentum,buy,2026-01-01 05:54:00+00:00,0.00222,0.25,2026-01-01 05:57:00+00:00,0.00222,0.25,11261.261261261261,0.0,-0.5,0.0,0.05,roc_peak_drop,0.00223,0.9049773755656076
1763,AMP-USD,roc_momentum,buy,2026-01-01 05:57:00+00:00,0.00222,0.25,2026-01-01 05:58:00+00:00,0.00222,0.25,11261.261261261261,0.0,-0.5,0.0,0.016666666666666666,roc_reversal,0.00222,-0.4484304932735439
1764,AMP-USD,roc_momentum,buy,2026-01-01 12:23:00+00:00,0.00234,0.25,2026-01-01 12:24:00+00:00,0.00231,0.24679487179487178,10683.760683760684,-0.3205128205128213,-0.8173076923076932,-1.2820512820512853,0.016666666666666666,roc_peak_drop,0.00234,4.0000000000000036
1765,AMP-USD,roc_momentum,buy,2026-01-01 12:28:00+00:00,0.00236,0.25,2026-01-01 12:30:00+00:00,0.00247,0.2616525423728813,10593.22033898305,1.165254237288134,0.6536016949152527,4.661016949152536,0.03333333333333333,take_profit,0.00247,6.465517241379315
1766,AMP-USD,roc_momentum,buy,2026-01-01 12:30:00+00:00,0.00247,0.25,2026-01-01 12:34:00+00:00,0.0025,0.25303643724696356,10121.457489878543,0.3036437246963571,-0.1993927125506065,1.2145748987854283,0.06666666666666667,roc_peak_drop,0.00255,8.62068965517242
1767,AMP-USD,roc_momentum,buy,2026-01-01 12:34:00+00:00,0.0025,0.25,2026-01-01 12:35:00+00:00,0.00251,0.251,10000.0,0.10000000000000026,-0.40099999999999975,0.400000000000001,0.016666666666666666,roc_peak_drop,0.00251,5.485232067510548
1768,AMP-USD,roc_momentum,buy,2026-01-01 12:35:00+00:00,0.00251,0.25,2026-01-01 12:36:00+00:00,0.00253,0.25199203187250996,9960.1593625498,0.19920318725099653,-0.30278884462151345,0.7968127490039861,0.016666666666666666,roc_peak_drop,0.00253,1.619433198380582
1769,AMP-USD,roc_momentum,buy,2026-01-01 12:36:00+00:00,0.00253,0.25,2026-01-01 12:37:00+00:00,0.00248,0.2450592885375494,9881.422924901186,-0.49407114624506054,-0.98913043478261,-1.9762845849802422,0.016666666666666666,roc_peak_drop,0.00253,0.3968253968253954
1770,AMP-USD,roc_momentum,buy,2026-01-01 12:37:00+00:00,0.00248,0.25,2026-01-01 12:38:00+00:00,0.00243,0.24495967741935482,10080.645161290322,-0.5040322580645175,-0.9989919354838723,-2.01612903225807,0.016666666666666666,roc_reversal,0.00248,-1.195219123505975
1771,AMP-USD,roc_momentum,buy,2026-01-01 12:38:00+00:00,0.00243,0.25,2026-01-01 12:39:00+00:00,0.00244,0.25102880658436216,10288.0658436214,0.10288065843621427,-0.39814814814814786,0.4115226337448571,0.016666666666666666,roc_reversal,0.00244,-2.400000000000002
1772,AMP-USD,roc_momentum,buy,2026-01-01 12:39:00+00:00,0.00244,0.25,2026-01-01 12:40:00+00:00,0.00244,0.25,10245.901639344263,0.0,-0.5,0.0,0.016666666666666666,roc_reversal,0.00244,-2.400000000000002
1773,AMP-USD,roc_momentum,buy,2026-01-01 12:40:00+00:00,0.00244,0.25,2026-01-01 12:41:00+00:00,0.00242,0.24795081967213115,10245.901639344263,-0.20491803278688578,-0.702868852459017,-0.8196721311475431,0.016666666666666666,roc_reversal,0.00244,-2.788844621513953
1774,AMP-USD,roc_momentum,buy,2026-01-01 12:41:00+00:00,0.00242,0.25,2026-01-01 12:42:00+00:00,0.00243,0.2510330578512397,10330.578512396694,0.10330578512396722,-0.39772727272727243,0.4132231404958689,0.016666666666666666,roc_reversal,0.00243,-2.016129032258074
1775,AMP-USD,roc_momentum,buy,2026-01-01 12:42:00+00:00,0.00243,0.25,2026-01-01 12:44:00+00:00,0.00243,0.25,10288.0658436214,0.0,-0.5,0.0,0.03333333333333333,roc_reversal,0.00243,
1776,AMP-USD,roc_momentum,buy,2026-01-01 12:44:00+00:00,0.00243,0.25,2026-01-01 12:45:00+00:00,0.00243,0.25,10288.0658436214,0.0,-0.5,0.0,0.016666666666666666,roc_reversal,0.00243,-0.4098360655737765
1777,AMP-USD,roc_momentum,buy,2026-01-01 12:45:00+00:00,0.00243,0.25,2026-01-01 12:47:00+00:00,0.00243,0.25,10288.0658436214,0.0,-0.5,0.0,0.03333333333333333,roc_peak_drop,0.00243,0.4132231404958775
1778,AMP-USD,roc_momentum,buy,2026-01-01 12:47:00+00:00,0.00243,0.25,2026-01-01 13:33:00+00:00,0.00233,0.23971193415637862,10288.0658436214,-1.0288065843621381,-1.5185185185185168,-4.1152263374485525,0.7666666666666667,roc_reversal,0.00243,
1779,AMP-USD,roc_momentum,buy,2026-01-01 13:33:00+00:00,0.00233,0.25,2026-01-01 13:34:00+00:00,0.00233,0.25,10729.613733905579,0.0,-0.5,0.0,0.016666666666666666,roc_reversal,0.00233,-4.1152263374485525
1780,AMP-USD,roc_momentum,buy,2026-01-01 13:34:00+00:00,0.00233,0.25,2026-01-01 13:35:00+00:00,0.00234,0.2510729613733906,10729.613733905579,0.10729613733905607,-0.3937768240343345,0.4291845493562243,0.016666666666666666,roc_reversal,0.00234,-3.703703703703698
1781,AMP-USD,roc_momentum,buy,2026-01-01 13:35:00+00:00,0.00234,0.25,2026-01-01 13:36:00+00:00,0.00232,0.24786324786324787,10683.760683760684,-0.21367521367521422,-0.7115384615384621,-0.8547008547008569,0.016666666666666666,roc_reversal,0.00234,-3.703703703703698
1782,AMP-USD,roc_momentum,buy,2026-01-01 13:36:00+00:00,0.00232,0.25,2026-01-01 13:37:00+00:00,0.00232,0.25,10775.862068965516,0.0,-0.5,0.0,0.016666666666666666,roc_reversal,0.00232,-4.526748971193406
1783,AMP-USD,roc_momentum,buy,2026-01-01 13:37:00+00:00,0.00232,0.25,2026-01-01 13:43:00+00:00,0.00236,0.25431034482758624,10775.862068965516,0.43103448275862183,-0.0732758620689644,1.7241379310344873,0.1,roc_peak_drop,0.00236,1.7241379310344973
1784,AMP-USD,roc_momentum,buy,2026-01-01 13:43:00+00:00,0.00236,0.25,2026-01-01 13:44:00+00:00,0.00234,0.2478813559322034,10593.22033898305,-0.21186440677966156,-0.709745762711865,-0.8474576271186463,0.016666666666666666,roc_peak_drop,0.00236,0.8547008547008517
1785,AMP-USD,roc_momentum,buy,2026-01-01 13:44:00+00:00,0.00234,0.25,2026-01-01 13:47:00+00:00,0.00233,0.24893162393162394,10683.760683760684,-0.10683760683760711,-0.6057692307692311,-0.42735042735042844,0.05,roc_reversal,0.00236,
1786,AMP-USD,roc_momentum,buy,2026-01-01 13:47:00+00:00,0.00233,0.25,2026-01-01 13:48:00+00:00,0.00233,0.25,10729.613733905579,0.0,-0.5,0.0,0.016666666666666666,roc_reversal,0.00233,-1.2711864406779738
1787,AMP-USD,roc_momentum,buy,2026-01-01 13:48:00+00:00,0.00233,0.25,2026-01-01 13:49:00+00:00,0.00227,0.24356223175965663,10729.613733905579,-0.6437768240343364,-1.137339055793993,-2.575107296137346,0.016666666666666666,roc_reversal,0.00233,-1.2711864406779738
1788,AMP-USD,roc_momentum,buy,2026-01-01 13:49:00+00:00,0.00227,0.25,2026-01-01 13:50:00+00:00,0.0023,0.2533039647577093,11013.215859030837,0.330396475770926,-0.17290748898678326,1.321585903083704,0.016666666666666666,roc_reversal,0.0023,-2.5423728813559365
1789,AMP-USD,roc_momentum,buy,2026-01-01 13:50:00+00:00,0.0023,0.25,2026-01-01 13:51:00+00:00,0.00231,0.2510869565217391,10869.565217391304,0.10869565217391333,-0.3923913043478258,0.4347826086956533,0.016666666666666666,roc_reversal,0.00231,-2.1186440677966156
1790,AMP-USD,roc_momentum,buy,2026-01-01 13:51:00+00:00,0.00231,0.25,2026-01-01 13:52:00+00:00,0.00231,0.25,10822.510822510823,0.0,-0.5,0.0,0.016666666666666666,roc_reversal,0.00231,-0.8583690987124526
1791,AMP-USD,roc_momentum,buy,2026-01-01 13:52:00+00:00,0.00231,0.25,2026-01-01 13:53:00+00:00,0.00228,0.24675324675324675,10822.510822510823,-0.3246753246753255,-0.8214285714285723,-1.298701298701302,0.016666666666666666,roc_reversal,0.00231,-0.8583690987124526
1792,AMP-USD,roc_momentum,buy,2026-01-01 13:53:00+00:00,0.00228,0.25,2026-01-01 13:54:00+00:00,0.00223,0.24451754385964916,10964.912280701756,-0.5482456140350844,-1.0427631578947336,-2.1929824561403377,0.016666666666666666,roc_reversal,0.00228,-1.7621145374449143
1793,AMP-USD,roc_momentum,buy,2026-01-01 13:55:00+00:00,0.00226,0.25,2026-01-01 13:56:00+00:00,0.00224,0.24778761061946902,11061.946902654869,-0.22123893805309794,-0.719026548672567,-0.8849557522123918,0.016666666666666666,roc_reversal,0.00226,-1.7391304347826098
1794,AMP-USD,roc_momentum,buy,2026-01-01 13:56:00+00:00,0.00224,0.25,2026-01-01 13:57:00+00:00,0.00227,0.2533482142857143,11160.714285714286,0.3348214285714295,-0.1685267857142848,1.339285714285718,0.016666666666666666,roc_reversal,0.00227,-1.7316017316017396
1795,AMP-USD,roc_momentum,buy,2026-01-01 13:57:00+00:00,0.00227,0.25,2026-01-01 13:58:00+00:00,0.00227,0.25,11013.215859030837,0.0,-0.5,0.0,0.016666666666666666,roc_reversal,0.00227,-0.43859649122807154
1796,AMP-USD,roc_momentum,buy,2026-01-01 13:58:00+00:00,0.00227,0.25,2026-01-01 14:00:00+00:00,0.00228,0.2511013215859031,11013.215859030837,0.11013215859030867,-0.3909691629955944,0.4405286343612347,0.03333333333333333,roc_peak_drop,0.00229,2.690582959641241
1797,AMP-USD,roc_momentum,buy,2026-01-01 14:00:00+00:00,0.00228,0.25,2026-01-01 14:02:00+00:00,0.00227,0.24890350877192982,10964.912280701756,-0.10964912280701783,-0.6085526315789477,-0.4385964912280713,0.03333333333333333,roc_peak_drop,0.00229,2.2321428571428603
1798,AMP-USD,roc_momentum,buy,2026-01-01 14:02:00+00:00,0.00227,0.25,2026-01-01 14:06:00+00:00,0.00227,0.25,11013.215859030837,0.0,-0.5,0.0,0.06666666666666667,roc_reversal,0.00229,
1799,AMP-USD,roc_momentum,buy,2026-01-01 14:06:00+00:00,0.00227,0.25,2026-01-01 14:09:00+00:00,0.00227,0.25,11013.215859030837,0.0,-0.5,0.0,0.05,roc_reversal,0.00227,
1800,AMP-USD,roc_momentum,buy,2026-01-01 14:09:00+00:00,0.00227,0.25,2026-01-01 14:10:00+00:00,0.00227,0.25,11013.215859030837,0.0,-0.5,0.0,0.016666666666666666,roc_reversal,0.00227,-0.43859649122807154
1801,AMP-USD,roc_momentum,buy,2026-01-01 14:10:00+00:00,0.00227,0.25,2026-01-01 14:13:00+00:00,0.00226,0.2488986784140969,11013.215859030837,-0.11013215859030867,-0.6090308370044055,-0.4405286343612347,0.05,roc_reversal,0.00227,
1802,AMP-USD,roc_momentum,buy,2026-01-01 14:13:00+00:00,0.00226,0.25,2026-01-01 14:14:00+00:00,0.00226,0.25,11061.946902654869,0.0,-0.5,0.0,0.016666666666666666,roc_reversal,0.00226,-0.4405286343612369
1803,AMP-USD,roc_momentum,buy,2026-01-01 14:14:00+00:00,0.00226,0.25,2026-01-01 14:17:00+00:00,0.00226,0.25,11061.946902654869,0.0,-0.5,0.0,0.05,roc_reversal,0.00227,
1804,AMP-USD,roc_momentum,buy,2026-01-01 14:17:00+00:00,0.00226,0.25,2026-01-01 14:18:00+00:00,0.00225,0.2488938053097345,11061.946902654869,-0.11061946902654897,-0.6095132743362834,-0.4424778761061959,0.016666666666666666,roc_reversal,0.00226,-0.4405286343612369
1805,AMP-USD,roc_momentum,buy,2026-01-01 14:18:00+00:00,0.00225,0.25,2026-01-01 14:19:00+00:00,0.00225,0.25,11111.111111111111,0.0,-0.5,0.0,0.016666666666666666,roc_reversal,0.00225,-0.4424778761061954
1806,AMP-USD,roc_momentum,buy,2026-01-01 14:19:00+00:00,0.00225,0.25,2026-01-01 14:25:00+00:00,0.00227,0.25222222222222224,11111.111111111111,0.22222222222222282,-0.2799999999999994,0.8888888888888913,0.1,roc_peak_drop,0.00227,0.8888888888888946
1807,AMP-USD,roc_momentum,buy,2026-01-01 14:25:00+00:00,0.00227,0.25,2026-01-01 14:28:00+00:00,0.00225,0.24779735682819382,11013.215859030837,-0.22026431718061734,-0.7180616740088112,-0.8810572687224694,0.05,roc_reversal,0.00227,
1808,AMP-USD,roc_momentum,buy,2026-01-01 14:28:00+00:00,0.00225,0.25,2026-01-01 14:29:00+00:00,0.00226,0.2511111111111111,11111.111111111111,0.11111111111111141,-0.3899999999999997,0.44444444444444564,0.016666666666666666,roc_reversal,0.00226,-0.4405286343612369
1809,AMP-USD,roc_momentum,buy,2026-01-01 14:29:00+00:00,0.00226,0.25,2026-01-01 14:30:00+00:00,0.00226,0.25,11061.946902654869,0.0,-0.5,0.0,0.016666666666666666,roc_reversal,0.00226,-0.4405286343612369
1810,AMP-USD,roc_momentum,buy,2026-01-01 14:30:00+00:00,0.00226,0.25,2026-01-01 14:36:00+00:00,0.00226,0.25,11061.946902654869,0.0,-0.5,0.0,0.1,roc_peak_drop,0.00229,1.7777777777777892
1811,AMP-USD,roc_momentum,buy,2026-01-01 14:36:00+00:00,0.00226,0.25,2026-01-01 14:37:00+00:00,0.00226,0.25,11061.946902654869,0.0,-0.5,0.0,0.016666666666666666,roc_reversal,0.00226,-0.4405286343612369
1812,AMP-USD,roc_momentum,buy,2026-01-01 14:37:00+00:00,0.00226,0.25,2026-01-01 14:38:00+00:00,0.00227,0.2511061946902655,11061.946902654869,0.11061946902654897,-0.3904867256637165,0.4424778761061959,0.016666666666666666,roc_reversal,0.00227,-0.8733624454148492
1813,AMP-USD,roc_momentum,buy,2026-01-01 14:38:00+00:00,0.00227,0.25,2026-01-01 14:39:00+00:00,0.00227,0.25,11013.215859030837,0.0,-0.5,0.0,0.016666666666666666,roc_reversal,0.00227,-0.8733624454148492
1814,AMP-USD,roc_momentum,buy,2026-01-01 14:39:00+00:00,0.00227,0.25,2026-01-01 14:40:00+00:00,0.00226,0.2488986784140969,11013.215859030837,-0.11013215859030867,-0.6090308370044055,-0.4405286343612347,0.016666666666666666,roc_reversal,0.00227,-0.8733624454148492
1815,AMP-USD,roc_momentum,buy,2026-01-01 14:40:00+00:00,0.00226,0.25,2026-01-01 14:43:00+00:00,0.00224,0.24778761061946902,11061.946902654869,-0.22123893805309794,-0.719026548672567,-0.8849557522123918,0.05,roc_peak_drop,0.00227,0.4424778761062065
1816,AMP-USD,roc_momentum,buy,2026-01-01 14:43:00+00:00,0.00224,0.25,2026-01-01 14:44:00+00:00,0.00224,0.25,11160.714285714286,0.0,-0.5,0.0,0.016666666666666666,roc_reversal,0.00224,-1.3215859030836996
1817,AMP-USD,roc_momentum,buy,2026-01-01 14:44:00+00:00,0.00224,0.25,2026-01-01 14:45:00+00:00,0.00224,0.25,11160.714285714286,0.0,-0.5,0.0,0.016666666666666666,roc_reversal,0.00224,-0.8849557522123908
1818,AMP-USD,roc_momentum,buy,2026-01-01 14:45:00+00:00,0.00224,0.25,2026-01-01 14:46:00+00:00,0.00225,0.25111607142857145,11160.714285714286,0.11160714285714315,-0.38950892857142827,0.4464285714285726,0.016666666666666666,roc_reversal,0.00225,-0.4424778761061954
1819,AMP-USD,roc_momentum,buy,2026-01-01 14:46:00+00:00,0.00225,0.25,2026-01-01 14:47:00+00:00,0.00224,0.24888888888888888,11111.111111111111,-0.11111111111111141,-0.6100000000000003,-0.44444444444444564,0.016666666666666666,roc_reversal,0.00225,-0.4424778761061954
1820,AMP-USD,roc_momentum,buy,2026-01-01 14:47:00+00:00,0.00224,0.25,2026-01-01 14:48:00+00:00,0.00223,0.2488839285714286,11160.714285714286,-0.11160714285713833,-0.610491071428567,-0.4464285714285533,0.016666666666666666,roc_reversal,0.00224,-0.44642857142855874
1821,AMP-USD,roc_momentum,buy,2026-01-01 14:48:00+00:00,0.00223,0.25,2026-01-01 14:49:00+00:00,0.00221,0.24775784753363228,11210.762331838563,-0.22421524663677186,-0.7219730941704041,-0.8968609865470875,0.016666666666666666,roc_reversal,0.00223,-0.44642857142855874
1822,AMP-USD,roc_momentum,buy,2026-01-01 14:49:00+00:00,0.00221,0.25,2026-01-01 14:50:00+00:00,0.00219,0.24773755656108598,11312.217194570136,-0.2262443438914033,-0.7239819004524892,-0.9049773755656132,0.016666666666666666,roc_reversal,0.00221,-1.3392857142856984
1823,AMP-USD,roc_momentum,buy,2026-01-01 14:51:00+00:00,0.00221,0.25,2026-01-01 14:52:00+00:00,0.0022,0.248868778280543,11312.217194570136,-0.11312217194570165,-0.6119909502262446,-0.4524886877828066,0.016666666666666666,roc_reversal,0.00221,-1.777777777777767
1824,AMP-USD,roc_momentum,buy,2026-01-01 14:56:00+00:00,0.00222,0.25,2026-01-01 14:59:00+00:00,0.00219,0.2466216216216216,11261.261261261261,-0.3378378378378387,-0.8344594594594603,-1.3513513513513549,0.05,roc_peak_drop,0.00223,1.3636363636363669
1825,AMP-USD,roc_momentum,buy,2026-01-01 15:00:00+00:00,0.00225,0.25,2026-01-01 15:01:00+00:00,0.0022,0.24444444444444446,11111.111111111111,-0.5555555555555522,-1.0499999999999967,-2.222222222222209,0.016666666666666666,roc_peak_drop,0.00225,2.739726027397249
1826,AMP-USD,roc_momentum,buy,2026-01-01 15:02:00+00:00,0.00223,0.25,2026-01-01 15:03:00+00:00,0.0022,0.24663677130044842,11210.762331838563,-0.3363228699551578,-0.8329596412556062,-1.3452914798206312,0.016666666666666666,roc_reversal,0.00223,
1827,APT-USD,roc_momentum,buy,2026-01-01 16:00:00+00:00,1.7811,0.25,2026-01-01 16:03:00+00:00,1.7778,0.24953680309920837,14.036269720958959,-0.046319690079162576,-0.5458564931783709,-0.1852787603166503,0.05,roc_peak_drop,1.7811,1.2679099385944914
1828,APT-USD,roc_momentum,buy,2026-01-01 16:03:00+00:00,1.7778,0.25,2026-01-01 16:05:00+00:00,1.7793,0.2502109348633142,14.062324220947238,0.021093486331421656,-0.4791174485318926,0.08437394532568662,0.03333333333333333,roc_peak_drop,1.7793,0.23098591549295389
1829,APT-USD,roc_momentum,buy,2026-01-01 16:05:00+00:00,1.7793,0.25,2026-01-01 16:09:00+00:00,1.7783,0.24985949530714324,14.05046928567414,-0.014050469285675713,-0.5139099645928189,-0.056201877142702854,0.06666666666666667,roc_peak_drop,1.7802,0.14067071798335995
1830,APT-USD,roc_momentum,buy,2026-01-01 16:09:00+00:00,1.7783,0.25,2026-01-01 16:11:00+00:00,1.7796,0.2501827588145982,14.058370353708598,0.018275881459822285,-0.48190687735477594,0.07310352583928914,0.03333333333333333,roc_peak_drop,1.7797,0.02248075085706791
1831,APT-USD,roc_momentum,buy,2026-01-01 16:11:00+00:00,1.7796,0.25,2026-01-01 16:13:00+00:00,1.7797,0.2500140481006968,14.048100696785793,0.0014048100696784247,-0.49860923803101836,0.005619240278713699,0.03333333333333333,roc_peak_drop,1.7799,0.10686164229471995
1832,APT-USD,roc_momentum,buy,2026-01-01 16:13:00+00:00,1.7797,0.25,2026-01-01 16:18:00+00:00,1.7852,0.25077260212395347,14.04731134460864,0.07726021239534525,-0.4235123897286082,0.309040849581381,0.08333333333333333,roc_peak_drop,1.79,0.5844009889862889
1833,APT-USD,roc_momentum,buy,2026-01-01 16:18:00+00:00,1.7852,0.25,2026-01-01 16:20:00+00:00,1.787,0.2502520725969079,14.004033161550527,0.02520725969079128,-0.4750448129061166,0.10082903876316512,0.03333333333333333,roc_peak_drop,1.7877,0.3931038355702965
1834,APT-USD,roc_momentum,buy,2026-01-01 16:20:00+00:00,1.787,0.25,2026-01-01 16:21:00+00:00,1.783,0.24944040290990488,13.989927252378289,-0.055959709009513206,-0.5554001119194181,-0.22383883603805282,0.016666666666666666,roc_peak_drop,1.787,0.08961577237591722
1835,APT-USD,roc_momentum,buy,2026-01-01 16:21:00+00:00,1.783,0.25,2026-01-01 16:22:00+00:00,1.785,0.2502804262478968,14.021312394840157,0.02804262478968034,-0.4722378014582165,0.11217049915872136,0.016666666666666666,roc_reversal,1.785,-0.2626138458959648
1836,APT-USD,roc_momentum,buy,2026-01-01 16:22:00+00:00,1.785,0.25,2026-01-01 16:23:00+00:00,1.7833,0.2497619047619048,14.005602240896359,-0.02380952380952119,-0.523571428571426,-0.09523809523808476,0.016666666666666666,roc_reversal,1.785,-0.10643065202776691
1837,APT-USD,roc_momentum,buy,2026-01-01 16:23:00+00:00,1.7833,0.25,2026-01-01 16:24:00+00:00,1.7825,0.24988784837099756,14.018953625301407,-0.011215162900243002,-0.5111030112712406,-0.04486065160097201,0.016666666666666666,roc_reversal,1.7833,-0.10643065202776691
1838,APT-USD,roc_momentum,buy,2026-01-01 16:24:00+00:00,1.7825,0.25,2026-01-01 16:25:00+00:00,1.781,0.24978962131837307,14.025245441795231,-0.021037868162693645,-0.5208274894810667,-0.08415147265077458,0.016666666666666666,roc_reversal,1.7825,-0.29087654528164864
1839,APT-USD,roc_momentum,buy,2026-01-01 16:25:00+00:00,1.781,0.25,2026-01-01 16:26:00+00:00,1.7824,0.2501965188096575,14.037057832678272,0.01965188096575053,-0.480544637843907,0.07860752386300213,0.016666666666666666,roc_reversal,1.7824,-0.033651149747615516
1840,APT-USD,roc_momentum,buy,2026-01-01 16:26:00+00:00,1.7824,0.25,2026-01-01 16:27:00+00:00,1.7818,0.24991584380610413,14.026032315978457,-0.008415619389586147,-0.5083314631956903,-0.03366247755834459,0.016666666666666666,roc_reversal,1.7824,-0.033651149747615516
1841,APT-USD,roc_momentum,buy,2026-01-01 16:27:00+00:00,1.7818,0.25,2026-01-01 16:33:00+00:00,1.7913,0.2513329217645078,14.03075541587159,0.1332921764507779,-0.3680407453137299,0.5331687058031116,0.1,roc_peak_drop,1.7954,0.7293536804308776
1842,APT-USD,roc_momentum,buy,2026-01-01 16:33:00+00:00,1.7913,0.25,2026-01-01 16:34:00+00:00,1.792,0.2500976944118797,13.956344554234356,0.009769441187966072,-0.4903282532239136,0.03907776475186429,0.016666666666666666,roc_peak_drop,1.792,0.3136025088200656
1843,APT-USD,roc_momentum,buy,2026-01-01 16:34:00+00:00,1.792,0.25,2026-01-01 16:36:00+00:00,1.7924,0.2500558035714286,13.950892857142858,0.005580357142856528,-0.49447544642857205,0.022321428571426112,0.03333333333333333,roc_peak_drop,1.7925,0.17884088749791083
1844,APT-USD,roc_momentum,buy,2026-01-01 16:36:00+00:00,1.7924,0.25,2026-01-01 16:37:00+00:00,1.7894,0.24958156661459496,13.94777951350145,-0.04184333854050284,-0.5414249051550978,-0.16737335416201135,0.016666666666666666,roc_reversal,1.7924,-0.16180326954192692
1845,APT-USD,roc_momentum,buy,2026-01-01 16:37:00+00:00,1.7894,0.25,2026-01-01 16:38:00+00:00,1.7888,0.249916173018889,13.97116351849782,-0.00838269811110087,-0.5082988711299898,-0.03353079244440348,0.016666666666666666,roc_reversal,1.7894,-0.13956344554234557
1846,APT-USD,roc_momentum,buy,2026-01-01 16:38:00+00:00,1.7888,0.25,2026-01-01 16:40:00+00:00,1.7896,0.25011180679785333,13.975849731663686,0.01118067978533282,-0.4889311270125205,0.04472271914133128,0.03333333333333333,roc_reversal,1.792,
1847,APT-USD,roc_momentum,buy,2026-01-01 16:40:00+00:00,1.7896,0.25,2026-01-01 16:41:00+00:00,1.7899,0.2500419088064372,13.969602145730889,0.004190880643718805,-0.49585102816271837,0.01676352257487522,0.016666666666666666,roc_reversal,1.7899,-0.13947779513501235
1848,APT-USD,roc_momentum,buy,2026-01-01 16:41:00+00:00,1.7899,0.25,2026-01-01 16:42:00+00:00,1.788,0.24973462204592436,13.967260740823509,-0.026537795407564846,-0.5262724174534892,-0.10615118163025938,0.016666666666666666,roc_reversal,1.7899,-0.07823851570358809
1849,APT-USD,roc_momentum,buy,2026-01-01 16:45:00+00:00,1.7892,0.25,2026-01-01 16:51:00+00:00,1.7916,0.25033534540576796,13.972725240330876,0.03353454057679661,-0.46680080482897135,0.13413816230718645,0.1,roc_peak_drop,1.793,0.2123854236530276
1850,APT-USD,roc_momentum,buy,2026-01-01 16:51:00+00:00,1.7916,0.25,2026-01-01 16:52:00+00:00,1.7871,0.24937206965840586,13.95400759098013,-0.06279303415941295,-0.5621651038178188,-0.2511721366376518,0.016666666666666666,roc_peak_drop,1.7916,0.06702412868633267
1851,APT-USD,roc_momentum,buy,2026-01-01 17:00:00+00:00,1.7942,0.25,2026-01-01 17:05:00+00:00,1.7994,0.25072455690558465,13.933786645858879,0.07245569055846747,-0.4282688663471172,0.2898227622338699,0.08333333333333333,roc_peak_drop,1.7994,0.5656995631231121
1852,APT-USD,roc_momentum,buy,2026-01-01 17:05:00+00:00,1.7994,0.25,2026-01-01 17:07:00+00:00,1.7952,0.24941647215738577,13.893520062242969,-0.0583527842614233,-0.557769256418809,-0.2334111370456932,0.03333333333333333,roc_peak_drop,1.7994,0.28982276223386005
1853,APT-USD,roc_momentum,buy,2026-01-01 17:07:00+00:00,1.7952,0.25,2026-01-01 17:08:00+00:00,1.7947,0.24993036987522282,13.926024955436722,-0.006963012477717594,-0.5068933823529405,-0.027852049910870376,0.016666666666666666,roc_reversal,1.7952,-0.01670843776108155
1854,APT-USD,roc_momentum,buy,2026-01-01 17:08:00+00:00,1.7947,0.25,2026-01-01 17:09:00+00:00,1.7956,0.2501253691424751,13.92990471945172,0.01253691424750826,-0.4875884548949668,0.05014765699003304,0.016666666666666666,roc_reversal,1.7956,-0.06681886519294133
1855,APT-USD,roc_momentum,buy,2026-01-01 17:09:00+00:00,1.7956,0.25,2026-01-01 17:10:00+00:00,1.7955,0.24998607707730006,13.922922699933169,-0.0013922922699931635,-0.5013783693472932,-0.005569169079972654,0.016666666666666666,roc_reversal,1.7956,-0.20008892841262282
1856,APT-USD,roc_momentum,buy,2026-01-01 17:10:00+00:00,1.7955,0.25,2026-01-01 17:11:00+00:00,1.7964,0.25012531328320803,13.92369813422445,0.012531328320800623,-0.48759398496240736,0.050125313283202494,0.016666666666666666,roc_reversal,1.7964,-0.14452473596442417
1857,APT-USD,roc_momentum,buy,2026-01-01 17:11:00+00:00,1.7964,0.25,2026-01-01 17:13:00+00:00,1.794,0.24966599866399466,13.916722333556,-0.033400133600533816,-0.5330661322645285,-0.13360053440213526,0.03333333333333333,roc_peak_drop,1.7975,0.12811942959003453
1858,APT-USD,roc_momentum,buy,2026-01-01 17:13:00+00:00,1.794,0.25,2026-01-01 17:17:00+00:00,1.7929,0.24984671125975472,13.935340022296543,-0.015328874024527605,-0.5151755852842823,-0.06131549609811042,0.06666666666666667,roc_peak_drop,1.8007,0.26176552492340743
1859,APT-USD,roc_momentum,buy,2026-01-01 17:17:00+00:00,1.7929,0.25,2026-01-01 17:18:00+00:00,1.7927,0.249972112220425,13.94388978749512,-0.0027887779574987167,-0.5027608901779237,-0.011155111829994867,0.016666666666666666,roc_reversal,1.7929,-0.07246376811594901
1860,APT-USD,roc_momentum,buy,2026-01-01 17:18:00+00:00,1.7927,0.25,2026-01-01 17:19:00+00:00,1.7918,0.2498744909912423,13.945445417526637,-0.01255090087577259,-0.5124253918670149,-0.05020360350309036,0.016666666666666666,roc_reversal,1.7927,-0.07246376811594901
1861,APT-USD,roc_momentum,buy,2026-01-01 17:19:00+00:00,1.7918,0.25,2026-01-01 17:20:00+00:00,1.7977,0.2508231945529635,13.95245005022882,0.08231945529635026,-0.4185037392566132,0.32927782118540105,0.016666666666666666,roc_reversal,1.7977,-0.13887345850460697
1862,APT-USD,roc_momentum,buy,2026-01-01 17:20:00+00:00,1.7977,0.25,2026-01-01 17:21:00+00:00,1.7974,0.24995828002447573,13.906658508093674,-0.004171997552427643,-0.5041302775769033,-0.01668799020971057,0.016666666666666666,roc_reversal,1.7977,-0.13887345850460697
1863,APT-USD,roc_momentum,buy,2026-01-01 17:21:00+00:00,1.7974,0.25,2026-01-01 17:25:00+00:00,1.8054,0.25111271837098026,13.908979637253811,0.11127183709802749,-0.3898408812729528,0.44508734839210995,0.06666666666666667,roc_peak_drop,1.8128,1.1099336270846027
1864,APT-USD,roc_momentum,buy,2026-01-01 17:25:00+00:00,1.8054,0.25,2026-01-01 17:27:00+00:00,1.8064,0.25013847346848345,13.847346848343857,0.013847346848345408,-0.48629112662013807,0.05538938739338163,0.03333333333333333,roc_peak_drop,1.8064,0.45065094024703267
1865,APT-USD,roc_momentum,buy,2026-01-01 17:27:00+00:00,1.8064,0.25,2026-01-01 17:28:00+00:00,1.8066,0.2500276793622675,13.839681133746678,0.002767936226749031,-0.49725974313551846,0.011071744906996124,0.016666666666666666,roc_reversal,1.8066,-0.1437099270395703
1866,APT-USD,roc_momentum,buy,2026-01-01 17:28:00+00:00,1.8066,0.25,2026-01-01 17:29:00+00:00,1.8089,0.25031827742721136,13.83814900918853,0.03182774272113319,-0.46849053470607815,0.12731097088453275,0.016666666666666666,roc_reversal,1.8089,-0.055251671363065746
1867,APT-USD,roc_momentum,buy,2026-01-01 17:29:00+00:00,1.8089,0.25,2026-01-01 17:32:00+00:00,1.8099,0.250138205539278,13.820553927801427,0.013820553927802973,-0.48631765161147505,0.05528221571121189,0.05,roc_peak_drop,1.8136,0.45419297662570024
1868,APT-USD,roc_momentum,buy,2026-01-01 17:32:00+00:00,1.8099,0.25,2026-01-01 17:33:00+00:00,1.8084,0.24979280623238853,13.812917840764683,-0.02071937676114781,-0.5205121829935363,-0.08287750704459124,0.016666666666666666,roc_peak_drop,1.8099,0.19375553587246408
1869,APT-USD,roc_momentum,buy,2026-01-01 17:33:00+00:00,1.8084,0.25,2026-01-01 17:34:00+00:00,1.8084,0.25,13.82437513824375,0.0,-0.5,0.0,0.016666666666666666,roc_peak_drop,1.8084,0.09963467286615568
1870,APT-USD,roc_momentum,buy,2026-01-01 17:34:00+00:00,1.8084,0.25,2026-01-01 17:35:00+00:00,1.8113,0.25040090687900907,13.82437513824375,0.04009068790090553,-0.46031021897810354,0.16036275160362212,0.016666666666666666,roc_reversal,1.8113,-0.027641107855602698
1871,SQD-USD,roc_momentum,buy,2026-01-01 17:35:00+00:00,0.0859,0.25,2026-01-01 17:36:00+00:00,0.0857,0.24941792782305003,291.0360884749709,-0.058207217694995844,-0.5576251455180459,-0.23282887077998338,0.016666666666666666,roc_reversal,0.0859,-0.23228803716607294
1872,APT-USD,roc_momentum,buy,2026-01-01 17:35:00+00:00,1.8113,0.25,2026-01-01 17:37:00+00:00,1.8102,0.24984817534367584,13.802241484017005,-0.015182465632417033,-0.5150306409760929,-0.06072986252966813,0.03333333333333333,roc_peak_drop,1.8122,0.04968806934246839
1873,SQD-USD,roc_momentum,buy,2026-01-01 17:36:00+00:00,0.0857,0.25,2026-01-01 17:37:00+00:00,0.0856,0.24970828471411902,291.71528588098016,-0.029171528588098853,-0.5288798133022179,-0.11668611435239541,0.016666666666666666,roc_reversal,0.0857,-0.34924330616997734
1874,SQD-USD,roc_momentum,buy,2026-01-01 17:37:00+00:00,0.0856,0.25,2026-01-01 17:39:00+00:00,0.0853,0.24912383177570094,292.05607476635515,-0.087616822429905,-0.586740654205606,-0.35046728971962,0.03333333333333333,roc_reversal,0.0856,
1875,SQD-USD,roc_momentum,buy,2026-01-01 17:39:00+00:00,0.0853,0.25,2026-01-01 17:40:00+00:00,0.085,0.24912075029308325,293.08323563892145,-0.08792497069167489,-0.5870457209847582,-0.35169988276669956,0.016666666666666666,roc_reversal,0.0853,-0.2339181286549752
1876,APT-USD,roc_momentum,buy,2026-01-01 17:37:00+00:00,1.8102,0.25,2026-01-01 17:41:00+00:00,1.8194,0.2512705778367031,13.810628659816595,0.12705778367031095,-0.3742127941663922,0.5082311346812438,0.06666666666666667,roc_peak_drop,1.8229,0.6404240048583976
1877,SQD-USD,roc_momentum,buy,2026-01-01 17:40:00+00:00,0.085,0.25,2026-01-01 17:41:00+00:00,0.085,0.25,294.11764705882354,0.0,-0.5,0.0,0.016666666666666666,roc_reversal,0.085,-0.8168028004667316
1878,SQD-USD,roc_momentum,buy,2026-01-01 17:41:00+00:00,0.085,0.25,2026-01-01 17:42:00+00:00,0.085,0.25,294.11764705882354,0.0,-0.5,0.0,0.016666666666666666,roc_reversal,0.085,-0.7009345794392385
1879,APT-USD,roc_momentum,buy,2026-01-01 17:41:00+00:00,1.8194,0.25,2026-01-01 17:43:00+00:00,1.8162,0.24956029460261628,13.740793668242278,-0.0439705397383735,-0.5435308343409898,-0.175882158953494,0.03333333333333333,roc_peak_drop,1.8194,0.39730714049222016
1880,SQD-USD,roc_momentum,buy,2026-01-01 17:42:00+00:00,0.085,0.25,2026-01-01 17:43:00+00:00,0.085,0.25,294.11764705882354,0.0,-0.5,0.0,0.016666666666666666,roc_reversal,0.085,-0.5847953216374324
1881,SQD-USD,roc_momentum,buy,2026-01-01 17:43:00+00:00,0.085,0.25,2026-01-01 17:44:00+00:00,0.085,0.25,294.11764705882354,0.0,-0.5,0.0,0.016666666666666666,roc_reversal,0.085,-0.3516998827666984
1882,APT-USD,roc_momentum,buy,2026-01-01 17:43:00+00:00,1.8162,0.25,2026-01-01 17:45:00+00:00,1.8181,0.25026153507322985,13.76500385420108,0.026153507322982227,-0.4741080277502476,0.10461402929192891,0.03333333333333333,roc_peak_drop,1.8181,0.27032991283240104
1883,SQD-USD,roc_momentum,buy,2026-01-01 17:44:00+00:00,0.085,0.25,2026-01-01 17:45:00+00:00,0.0847,0.2491176470588235,294.11764705882354,-0.08823529411764958,-0.5873529411764731,-0.3529411764705983,0.016666666666666666,roc_reversal,0.085,-0.3516998827666984
1884,APT-USD,roc_momentum,buy,2026-01-01 17:45:00+00:00,1.8181,0.25,2026-01-01 17:46:00+00:00,1.819,0.25012375556900057,13.750618777845002,0.01237555690005914,-0.4877481986689415,0.04950222760023656,0.016666666666666666,roc_reversal,1.819,-0.021985269869184698
1885,SQD-USD,roc_momentum,buy,2026-01-01 17:45:00+00:00,0.0847,0.25,2026-01-01 17:46:00+00:00,0.0847,0.25,295.159386068477,0.0,-0.5,0.0,0.016666666666666666,roc_reversal,0.0847,-0.3529411764706003
1886,APT-USD,roc_momentum,buy,2026-01-01 17:46:00+00:00,1.819,0.25,2026-01-01 17:47:00+00:00,1.8157,0.24954645409565698,13.743815283122595,-0.04535459043430262,-0.5449010445299596,-0.1814183617372105,0.016666666666666666,roc_reversal,1.819,-0.021985269869184698
1887,APT-USD,roc_momentum,buy,2026-01-01 17:47:00+00:00,1.8157,0.25,2026-01-01 17:50:00+00:00,1.8191,0.2504681390097483,13.768794404361953,0.04681390097482854,-0.4536542380349197,0.18725560389931417,0.05,roc_peak_drop,1.82,0.1541680431670578
1888,SQD-USD,roc_momentum,buy,2026-01-01 17:46:00+00:00,0.0847,0.25,2026-01-01 17:51:00+00:00,0.0851,0.2511806375442739,295.159386068477,0.11806375442739007,-0.3831168831168838,0.4722550177095603,0.08333333333333333,roc_peak_drop,0.0854,0.8264462809917328
1889,SQD-USD,roc_momentum,buy,2026-01-01 17:51:00+00:00,0.0851,0.25,2026-01-01 17:52:00+00:00,0.0851,0.25,293.7720329024677,0.0,-0.5,0.0,0.016666666666666666,roc_peak_drop,0.0851,0.47225501770955525
1890,SQD-USD,roc_momentum,buy,2026-01-01 17:52:00+00:00,0.0851,0.25,2026-01-01 17:53:00+00:00,0.0851,0.25,293.7720329024677,0.0,-0.5,0.0,0.016666666666666666,roc_peak_drop,0.0851,0.11764705882351123
1891,APT-USD,roc_momentum,buy,2026-01-01 17:50:00+00:00,1.8191,0.25,2026-01-01 17:54:00+00:00,1.8212,0.2502886042548513,13.743059754823815,0.028860425485129883,-0.47142817876972143,0.11544170194051953,0.06666666666666667,roc_peak_drop,1.8221,0.24233078151676413
1892,SQD-USD,roc_momentum,buy,2026-01-01 17:53:00+00:00,0.0851,0.25,2026-01-01 17:55:00+00:00,0.0856,0.25146886016451236,293.7720329024677,0.14688601645123397,-0.35458284371327836,0.5875440658049359,0.03333333333333333,roc_peak_drop,0.0857,0.3512880562060783
1893,APT-USD,roc_momentum,buy,2026-01-01 17:54:00+00:00,1.8212,0.25,2026-01-01 17:56:00+00:00,1.8222,0.2501372721282671,13.727212826707666,0.013727212826709202,-0.4864100593015579,0.05490885130683681,0.03333333333333333,roc_peak_drop,1.8222,0.14842504535210743
1894,APT-USD,roc_momentum,buy,2026-01-01 17:56:00+00:00,1.8222,0.25,2026-01-01 17:58:00+00:00,1.8194,0.24961584897376796,13.719679508286687,-0.038415102623204585,-0.5380309515969726,-0.15366041049281834,0.03333333333333333,roc_peak_drop,1.8222,0.08790725784297848
1895,APT-USD,roc_momentum,buy,2026-01-01 17:58:00+00:00,1.8194,0.25,2026-01-01 18:02:00+00:00,1.8235,0.25056337254039796,13.740793668242278,0.05633725403979324,-0.44422611850060467,0.22534901615917297,0.06666666666666667,roc_peak_drop,1.8246,0.1482050719068928
1896,SQD-USD,roc_momentum,buy,2026-01-01 17:59:00+00:00,0.0862,0.25,2026-01-01 18:02:00+00:00,0.0857,0.24854988399071926,290.0232018561485,-0.14501160092807439,-0.6435614849187936,-0.5800464037122975,0.05,roc_peak_drop,0.0862,0.7009345794392496
1897,SQD-USD,roc_momentum,buy,2026-01-01 18:02:00+00:00,0.0857,0.25,2026-01-01 18:04:00+00:00,0.0862,0.2514585764294049,291.71528588098016,0.14585764294049022,-0.3556009334889147,0.5834305717619609,0.03333333333333333,roc_peak_drop,0.0862,0.11614401858304202
1898,SQD-USD,roc_momentum,buy,2026-01-01 18:04:00+00:00,0.0862,0.25,2026-01-01 18:05:00+00:00,0.0861,0.24970997679814386,290.0232018561485,-0.02900232018561568,-0.5287122969837595,-0.11600928074246272,0.016666666666666666,roc_reversal,0.0862,
1899,APT-USD,roc_momentum,buy,2026-01-01 18:02:00+00:00,1.8235,0.25,2026-01-01 18:09:00+00:00,1.8515,0.2538387715930902,13.709898546750754,0.3838771593090215,-0.11996161228406874,1.535508637236086,0.11666666666666667,roc_peak_drop,1.8515,1.4135437212360324
1900,APT-USD,roc_momentum,buy,2026-01-01 18:09:00+00:00,1.8515,0.25,2026-01-01 18:13:00+00:00,1.8473,0.24943289224952742,13.502565487442615,-0.05671077504725873,-0.5561436672967861,-0.22684310018903492,0.06666666666666667,roc_peak_drop,1.8532,0.5812374382095697
1901,APT-USD,roc_momentum,buy,2026-01-01 18:13:00+00:00,1.8473,0.25,2026-01-01 18:14:00+00:00,1.8427,0.24937746982081957,13.53326476479186,-0.062253017918041706,-0.5616304877388613,-0.24901207167216682,0.016666666666666666,roc_reversal,1.8473,-0.19989195029713747
1902,APT-USD,roc_momentum,buy,2026-01-01 18:14:00+00:00,1.8427,0.25,2026-01-01 18:15:00+00:00,1.839,0.24949801921094047,13.56704835296033,-0.050198078905953715,-0.5496960981168941,-0.20079231562381486,0.016666666666666666,roc_reversal,1.8427,-0.47529030515797155
1903,APT-USD,roc_momentum,buy,2026-01-01 18:15:00+00:00,1.839,0.25,2026-01-01 18:16:00+00:00,1.8387,0.24995921696574225,13.594344752582925,-0.004078303425774429,-0.5040375203915167,-0.016313213703097715,0.016666666666666666,roc_reversal,1.839,-0.6804925469863887
1904,APT-USD,roc_momentum,buy,2026-01-01 18:16:00+00:00,1.8387,0.25,2026-01-01 18:17:00+00:00,1.8382,0.24993201718605537,13.59656278892696,-0.0067982813944627305,-0.5067302985805181,-0.027193125577850922,0.016666666666666666,roc_reversal,1.8387,-0.7344205637757728
1905,APT-USD,roc_momentum,buy,2026-01-01 18:17:00+00:00,1.8382,0.25,2026-01-01 18:18:00+00:00,1.839,0.2501088020890001,13.6002611250136,0.010880208900009682,-0.4892285931889904,0.04352083560003873,0.016666666666666666,roc_reversal,1.839,-0.44930439019108537
1906,APT-USD,roc_momentum,buy,2026-01-01 18:18:00+00:00,1.839,0.25,2026-01-01 18:19:00+00:00,1.8361,0.2496057640021751,13.594344752582925,-0.03942359978248916,-0.5390293637846643,-0.15769439912995664,0.016666666666666666,roc_reversal,1.839,-0.35817007651814947
1907,APT-USD,roc_momentum,buy,2026-01-01 18:19:00+00:00,1.8361,0.25,2026-01-01 18:20:00+00:00,1.8381,0.25027231632264035,13.615816132018953,0.02723163226403793,-0.47304068405860245,0.10892652905615172,0.016666666666666666,roc_reversal,1.8381,-0.048939641109291276
1908,APT-USD,roc_momentum,buy,2026-01-01 18:20:00+00:00,1.8381,0.25,2026-01-01 18:25:00+00:00,1.8385,0.2500544040041347,13.601001033676079,0.005440400413469832,-0.4946140035906649,0.021761601653879328,0.08333333333333333,roc_peak_drop,1.8418,0.3049942813572182
1909,APT-USD,roc_momentum,buy,2026-01-01 18:25:00+00:00,1.8385,0.25,2026-01-01 18:26:00+00:00,1.8354,0.24957846070165896,13.598041881968996,-0.042153929834105285,-0.5417323905357643,-0.16861571933642114,0.016666666666666666,roc_peak_drop,1.8385,0.02176160165388019
1910,APT-USD,roc_momentum,buy,2026-01-01 18:26:00+00:00,1.8354,0.25,2026-01-01 18:27:00+00:00,1.8369,0.25020431513566527,13.621009044350005,0.020431513566525783,-0.4797728015691395,0.08172605426610313,0.016666666666666666,roc_reversal,1.8369,-0.19017604868507565
1911,APT-USD,roc_momentum,buy,2026-01-01 18:27:00+00:00,1.8369,0.25,2026-01-01 18:28:00+00:00,1.8331,0.24948282432358865,13.60988622135119,-0.051717567641134866,-0.5512003919647235,-0.20687027056453947,0.016666666666666666,roc_reversal,1.8369,-0.19017604868507565
1912,APT-USD,roc_momentum,buy,2026-01-01 18:28:00+00:00,1.8331,0.25,2026-01-01 18:29:00+00:00,1.8379,0.25065462877093453,13.638099394468387,0.06546287709345014,-0.43519175167748436,0.26185150837380056,0.016666666666666666,roc_reversal,1.8379,-0.20633110712927616
1913,APT-USD,roc_momentum,buy,2026-01-01 18:29:00+00:00,1.8379,0.25,2026-01-01 18:30:00+00:00,1.8377,0.24997279503781486,13.602481092551281,-0.002720496218512977,-0.5026932912563279,-0.010881984874051908,0.016666666666666666,roc_reversal,1.8379,-0.04351373402230463
1914,APT-USD,roc_momentum,buy,2026-01-01 18:30:00+00:00,1.8377,0.25,2026-01-01 18:32:00+00:00,1.8402,0.25034009903683957,13.603961473581109,0.03400990368395507,-0.4663301953528845,0.13603961473582027,0.03333333333333333,roc_peak_drop,1.8414,0.3269042170644054
1915,APT-USD,roc_momentum,buy,2026-01-01 18:32:00+00:00,1.8402,0.25,2026-01-01 18:34:00+00:00,1.842,0.25024453863710466,13.585479839147919,0.024453863710466577,-0.47579067492663807,0.09781545484186631,0.03333333333333333,roc_peak_drop,1.8433,0.556434455294319
1916,APT-USD,roc_momentum,buy,2026-01-01 18:34:00+00:00,1.842,0.25,2026-01-01 18:36:00+00:00,1.8411,0.24987785016286643,13.572204125950053,-0.012214983713356716,-0.5120928338762232,-0.048859934853426865,0.03333333333333333,roc_peak_drop,1.8474,0.5278337051749515
1917,APT-USD,roc_momentum,buy,2026-01-01 18:36:00+00:00,1.8411,0.25,2026-01-01 18:37:00+00:00,1.8379,0.24956547716039326,13.578838737711152,-0.04345228396067392,-0.5430177611210671,-0.17380913584269567,0.016666666666666666,roc_reversal,1.8411,-0.01629195177582643
1918,APT-USD,roc_momentum,buy,2026-01-01 18:37:00+00:00,1.8379,0.25,2026-01-01 18:38:00+00:00,1.8375,0.24994559007562978,13.602481092551281,-0.005440992437022933,-0.5053865825126527,-0.021763969748091732,0.016666666666666666,roc_reversal,1.8379,-0.12498641452015624
1919,APT-USD,roc_momentum,buy,2026-01-01 18:38:00+00:00,1.8375,0.25,2026-01-01 18:39:00+00:00,1.837,0.24993197278911566,13.60544217687075,-0.006802721088434625,-0.5067346938775503,-0.0272108843537385,0.016666666666666666,roc_reversal,1.8375,-0.2714440825190123
1920,APT-USD,roc_momentum,buy,2026-01-01 18:39:00+00:00,1.837,0.25,2026-01-01 18:40:00+00:00,1.8387,0.25023135547087644,13.609145345672292,0.02313554708764337,-0.47709580838323307,0.09254218835057348,0.016666666666666666,roc_reversal,1.8387,-0.2714440825190123
1921,APT-USD,roc_momentum,buy,2026-01-01 18:40:00+00:00,1.8387,0.25,2026-01-01 18:45:00+00:00,1.8424,0.2505030728231903,13.59656278892696,0.05030728231903025,-0.45019579050416003,0.201229129276121,0.08333333333333333,roc_peak_drop,1.844,0.3810560696788201
1922,APT-USD,roc_momentum,buy,2026-01-01 18:45:00+00:00,1.8424,0.25,2026-01-01 18:46:00+00:00,1.8415,0.2498778766825879,13.569257490230134,-0.012212331741208789,-0.5120902084237967,-0.048849326964835155,0.016666666666666666,roc_peak_drop,1.8424,0.2012291292761148
1923,APT-USD,roc_momentum,buy,2026-01-01 18:46:00+00:00,1.8415,0.25,2026-01-01 18:48:00+00:00,1.8379,0.24951126798805323,13.57588922074396,-0.048873201194675885,-0.5483844691827291,-0.19549280477870354,0.03333333333333333,roc_peak_drop,1.842,0.09781545484186527
1924,APT-USD,roc_momentum,buy,2026-01-01 18:48:00+00:00,1.8379,0.25,2026-01-01 18:49:00+00:00,1.839,0.25014962729201806,13.602481092551281,0.014962729201804761,-0.4851868980902133,0.059850916807219046,0.016666666666666666,roc_reversal,1.839,-0.27114967462039674
1925,APT-USD,roc_momentum,buy,2026-01-01 18:49:00+00:00,1.839,0.25,2026-01-01 18:50:00+00:00,1.8397,0.25009516041326807,13.594344752582925,0.009516041326807,-0.49057911908646107,0.038064165307228,0.016666666666666666,roc_reversal,1.8397,-0.14654798089449583
1926,APT-USD,roc_momentum,buy,2026-01-01 18:50:00+00:00,1.8397,0.25,2026-01-01 18:55:00+00:00,1.8459,0.25084252867315326,13.589172147632768,0.08425286731532594,-0.4165896613578273,0.33701146926130376,0.08333333333333333,roc_peak_drop,1.8504,0.6801240546275622
1927,APT-USD,roc_momentum,buy,2026-01-01 18:55:00+00:00,1.8459,0.25,2026-01-01 18:56:00+00:00,1.8445,0.24981039059537352,13.543528901890676,-0.018960940462647867,-0.5187713310580214,-0.07584376185059147,0.016666666666666666,roc_peak_drop,1.8459,0.33701146926130576
1928,APT-USD,roc_momentum,buy,2026-01-01 18:56:00+00:00,1.8445,0.25,2026-01-01 18:58:00+00:00,1.8485,0.25054215234480887,13.553808620222282,0.05421523448088918,-0.4463269178639197,0.2168609379235567,0.03333333333333333,roc_peak_drop,1.8485,0.21165744057309865
1929,APT-USD,roc_momentum,buy,2026-01-01 18:58:00+00:00,1.8485,0.25,2026-01-01 18:59:00+00:00,1.8474,0.24985123072761697,13.52447930754666,-0.01487692723830269,-0.5147281579659196,-0.05950770895321076,0.016666666666666666,roc_reversal,1.8485,-0.086533261222288
1930,APT-USD,roc_momentum,buy,2026-01-01 18:59:00+00:00,1.8474,0.25,2026-01-01 19:00:00+00:00,1.8453,0.24971581682364405,13.532532207426653,-0.02841831763559585,-0.5281341344592398,-0.1136732705423834,0.016666666666666666,roc_reversal,1.8474,-0.032504469364547095
1931,APT-USD,roc_momentum,buy,2026-01-01 19:00:00+00:00,1.8453,0.25,2026-01-01 19:02:00+00:00,1.8458,0.25006773966292745,13.547932585487455,0.00677396629274599,-0.4932937733701815,0.02709586517098396,0.03333333333333333,roc_peak_drop,1.846,0.08132285172133269
1932,APT-USD,roc_momentum,buy,2026-01-01 19:02:00+00:00,1.8458,0.25,2026-01-01 19:04:00+00:00,1.8452,0.24991873442409793,13.544262650341315,-0.008126557590206902,-0.5080452920143048,-0.03250623036082761,0.03333333333333333,roc_peak_drop,1.8504,0.10278604273734615
1933,APT-USD,roc_momentum,buy,2026-01-01 19:04:00+00:00,1.8452,0.25,2026-01-01 19:08:00+00:00,1.8504,0.2507045306741817,13.548666811185779,0.07045306741816731,-0.4302514632560144,0.28181226967266926,0.06666666666666667,roc_peak_drop,1.8504,0.05959475566148509
1934,APT-USD,roc_momentum,buy,2026-01-01 19:08:00+00:00,1.8504,0.25,2026-01-01 19:11:00+00:00,1.85,0.24994595763078253,13.510592304366623,-0.005404236921746054,-0.5053501945525286,-0.021616947686984217,0.05,roc_peak_drop,1.851,0.3088928629491061
1935,APT-USD,roc_momentum,buy,2026-01-01 19:11:00+00:00,1.85,0.25,2026-01-01 19:13:00+00:00,1.8504,0.25005405405405406,13.513513513513512,0.00540540540540481,-0.4946486486486492,0.02162162162161924,0.03333333333333333,roc_peak_drop,1.8507,0.20575017597055378
1936,APT-USD,roc_momentum,buy,2026-01-01 19:13:00+00:00,1.8504,0.25,2026-01-01 19:15:00+00:00,1.8503,0.24998648940769563,13.510592304366623,-0.0013510592304365136,-0.5013375486381322,-0.005404236921746054,0.03333333333333333,roc_peak_drop,1.8504,0.12987012987013546
1937,APT-USD,roc_momentum,buy,2026-01-01 19:15:00+00:00,1.8503,0.25,2026-01-01 19:16:00+00:00,1.8496,0.24990542074258226,13.511322488245149,-0.009457925741773563,-0.5093633464843558,-0.037831702967094254,0.016666666666666666,roc_reversal,1.8503,-0.02162162162162584
1938,APT-USD,roc_momentum,buy,2026-01-01 19:16:00+00:00,1.8496,0.25,2026-01-01 19:17:00+00:00,1.8492,0.24994593425605538,13.51643598615917,-0.005406574394463072,-0.5053525086505184,-0.02162629757785229,0.016666666666666666,roc_reversal,1.8496,-0.02162162162162584
1939,APT-USD,roc_momentum,buy,2026-01-01 19:17:00+00:00,1.8492,0.25,2026-01-01 19:19:00+00:00,1.8464,0.24962145792775256,13.519359723123513,-0.03785420722474467,-0.5374756651524972,-0.15141682889897867,0.03333333333333333,roc_peak_drop,1.8511,0.03782965845222641
1940,APT-USD,roc_momentum,buy,2026-01-01 19:19:00+00:00,1.8464,0.25,2026-01-01 19:20:00+00:00,1.8436,0.24962088388214904,13.539861351819757,-0.03791161178509716,-0.5375324956672461,-0.15164644714038863,0.016666666666666666,roc_reversal,1.8464,-0.2161694768698652
1941,APT-USD,roc_momentum,buy,2026-01-01 19:20:00+00:00,1.8436,0.25,2026-01-01 19:21:00+00:00,1.8464,0.2503796919071382,13.560425254935996,0.037969190713822626,-0.4624105011933156,0.1518767628552905,0.016666666666666666,roc_reversal,1.8464,-0.17301038062282892
1942,APT-USD,roc_momentum,buy,2026-01-01 19:21:00+00:00,1.8464,0.25,2026-01-01 19:22:00+00:00,1.8477,0.2501760181975736,13.539861351819757,0.017601819757363746,-0.4825741984402099,0.07040727902945498,0.016666666666666666,roc_reversal,1.8477,-0.08111615833874541
1943,APT-USD,roc_momentum,buy,2026-01-01 19:22:00+00:00,1.8477,0.25,2026-01-01 19:23:00+00:00,1.8477,0.25,13.530335011094875,0.0,-0.5,0.0,0.016666666666666666,roc_reversal,1.8477,-0.08111615833874541
1944,APT-USD,roc_momentum,buy,2026-01-01 19:23:00+00:00,1.8477,0.25,2026-01-01 19:26:00+00:00,1.845,0.24963468095470046,13.530335011094875,-0.036531904529955146,-0.5361665854846556,-0.14612761811982058,0.05,roc_peak_drop,1.8477,0.17899761336515052
1945,APT-USD,roc_momentum,buy,2026-01-01 19:26:00+00:00,1.845,0.25,2026-01-01 19:27:00+00:00,1.843,0.2497289972899729,13.550135501355014,-0.027100271002710053,-0.526829268292683,-0.10840108401084021,0.016666666666666666,roc_reversal,1.845,-0.07582322357019278
1946,APT-USD,roc_momentum,buy,2026-01-01 19:27:00+00:00,1.843,0.25,2026-01-01 19:28:00+00:00,1.8435,0.25006782419967444,13.564839934888768,0.006782419967443637,-0.4932854042322308,0.027129679869774548,0.016666666666666666,roc_reversal,1.8435,-0.22730962818638956
1947,APT-USD,roc_momentum,buy,2026-01-01 19:28:00+00:00,1.8435,0.25,2026-01-01 19:29:00+00:00,1.8447,0.2501627339300244,13.561160835367508,0.016273393002442228,-0.4838893409275822,0.06509357200976891,0.016666666666666666,roc_reversal,1.8447,-0.09207105719237774
1948,APT-USD,roc_momentum,buy,2026-01-01 19:29:00+00:00,1.8447,0.25,2026-01-01 19:30:00+00:00,1.8408,0.24947145877378435,13.552339133734483,-0.05285412262156468,-0.552325581395349,-0.2114164904862587,0.016666666666666666,roc_reversal,1.8447,-0.09207105719237774
1949,APT-USD,roc_momentum,buy,2026-01-01 19:30:00+00:00,1.8408,0.25,2026-01-01 19:31:00+00:00,1.8414,0.25008148631029986,13.581051716644938,0.008148631029986066,-0.4919328552803138,0.03259452411994426,0.016666666666666666,roc_reversal,1.8414,-0.19512195121951237
1950,APT-USD,roc_momentum,buy,2026-01-01 19:31:00+00:00,1.8414,0.25,2026-01-01 19:32:00+00:00,1.8393,0.2497148908439231,13.576626479852287,-0.028510915607689678,-0.5282258064516128,-0.11404366243075871,0.016666666666666666,roc_reversal,1.8414,-0.19512195121951237
1951,APT-USD,roc_momentum,buy,2026-01-01 19:32:00+00:00,1.8393,0.25,2026-01-01 19:33:00+00:00,1.8372,0.2497145653237645,13.592127439786877,-0.028543467623552313,-0.5282580329473168,-0.11417387049420925,0.016666666666666666,roc_reversal,1.8393,-0.2007596310363513
1952,APT-USD,roc_momentum,buy,2026-01-01 19:33:00+00:00,1.8372,0.25,2026-01-01 19:34:00+00:00,1.8374,0.2500272153276725,13.60766383627259,0.002721532767254218,-0.49730568256041835,0.010886131069016872,0.016666666666666666,roc_reversal,1.8374,-0.34174125305126424
1953,APT-USD,roc_momentum,buy,2026-01-01 19:34:00+00:00,1.8374,0.25,2026-01-01 19:35:00+00:00,1.8365,0.24987754435615545,13.606182649395887,-0.01224556438445495,-0.5121231087406104,-0.0489822575378198,0.016666666666666666,roc_reversal,1.8374,-0.23359408952629002
1954,APT-USD,roc_momentum,buy,2026-01-01 19:35:00+00:00,1.8365,0.25,2026-01-01 19:36:00+00:00,1.8398,0.25044922406751974,13.61285053090117,0.04492240675197496,-0.4555268173155448,0.17968962700789984,0.016666666666666666,roc_reversal,1.8398,-0.08689040947104099
1955,APT-USD,roc_momentum,buy,2026-01-01 19:36:00+00:00,1.8398,0.25,2026-01-01 19:41:00+00:00,1.8492,0.251277312751386,13.588433525383193,0.12773127513860003,-0.373546037612786,0.5109251005544001,0.08333333333333333,roc_peak_drop,1.8526,0.8766675741900265
1956,APT-USD,roc_momentum,buy,2026-01-01 19:41:00+00:00,1.8492,0.25,2026-01-01 19:42:00+00:00,1.8471,0.2497160934458144,13.519359723123513,-0.028390655418559254,-0.5281067488643737,-0.11356262167423702,0.016666666666666666,roc_peak_drop,1.8492,0.5109251005543936
1957,SQD-USD,roc_momentum,buy,2026-01-01 19:42:00+00:00,0.0852,0.25,2026-01-01 19:43:00+00:00,0.0852,0.25,293.42723004694835,0.0,-0.5,0.0,0.016666666666666666,roc_reversal,0.0852,-0.23419203747073736
1958,SQD-USD,roc_momentum,buy,2026-01-01 19:43:00+00:00,0.0852,0.25,2026-01-01 19:44:00+00:00,0.085,0.24941314553990612,293.42723004694835,-0.058685446009387285,-0.5580985915492934,-0.23474178403754914,0.016666666666666666,roc_reversal,0.0852,-0.23419203747073736
1959,SQD-USD,roc_momentum,buy,2026-01-01 19:44:00+00:00,0.085,0.25,2026-01-01 19:45:00+00:00,0.0851,0.2502941176470588,294.11764705882354,0.029411764705879112,-0.4708823529411797,0.11764705882351645,0.016666666666666666,roc_reversal,0.0851,-0.3512880562061005
1960,SQD-USD,roc_momentum,buy,2026-01-01 19:45:00+00:00,0.0851,0.25,2026-01-01 19:46:00+00:00,0.0851,0.25,293.7720329024677,0.0,-0.5,0.0,0.016666666666666666,roc_reversal,0.0851,-0.11737089201878659
1961,SQD-USD,roc_momentum,buy,2026-01-01 19:47:00+00:00,0.0854,0.25,2026-01-01 19:50:00+00:00,0.0852,0.24941451990632316,292.74004683840747,-0.058548009367683174,-0.5579625292740064,-0.2341920374707327,0.05,roc_peak_drop,0.0854,0.3529411764705781
1962,APT-USD,roc_momentum,buy,2026-01-01 19:51:00+00:00,1.8443,0.25,2026-01-01 19:53:00+00:00,1.8467,0.25032532668221,13.555278425418857,0.03253266822100469,-0.4677926584612054,0.13013067288401875,0.03333333333333333,roc_peak_drop,1.8467,0.6164757228587003
1963,APT-USD,roc_momentum,buy,2026-01-01 19:54:00+00:00,1.8469,0.25,2026-01-01 19:57:00+00:00,1.8476,0.25009475337051273,13.53619578753587,0.009475337051274067,-0.49061941631923867,0.03790134820509627,0.05,roc_peak_drop,1.8483,0.2823478308084937
1964,APT-USD,roc_momentum,buy,2026-01-01 19:57:00+00:00,1.8476,0.25,2026-01-01 19:58:00+00:00,1.8465,0.24985115825936352,13.531067330591037,-0.014884174063648501,-0.514735332323012,-0.059536696254594006,0.016666666666666666,roc_peak_drop,1.8476,0.09209599653283718
1965,APT-USD,roc_momentum,buy,2026-01-01 19:59:00+00:00,1.8476,0.25,2026-01-01 20:00:00+00:00,1.8474,0.24997293786533883,13.531067330591037,-0.0027062134661179093,-0.5026791513314567,-0.010824853864471637,0.016666666666666666,roc_peak_drop,1.8476,0.03790134820509383
1966,APT-USD,roc_momentum,buy,2026-01-01 20:00:00+00:00,1.8474,0.25,2026-01-01 20:01:00+00:00,1.8475,0.2500135325322074,13.532532207426653,0.0013532532207425163,-0.4986602793114649,0.005413012882970065,0.016666666666666666,roc_reversal,1.8475,-0.03246753246753942
1967,APT-USD,roc_momentum,buy,2026-01-01 20:01:00+00:00,1.8475,0.25,2026-01-01 20:02:00+00:00,1.8449,0.24964817320703656,13.531799729364007,-0.03518267929634555,-0.5348308525033821,-0.1407307171853822,0.016666666666666666,roc_reversal,1.8475,-0.043283016826278775
1968,SQD-USD,roc_momentum,buy,2026-01-01 19:55:00+00:00,0.0852,0.25,2026-01-01 20:47:00+00:00,0.0856,0.2511737089201878,293.42723004694835,0.11737089201877864,-0.38380281690140916,0.46948356807511454,0.8666666666666667,roc_peak_drop,0.0859,0.8215962441314728
1969,AMP-USD,roc_momentum,buy,2026-01-01 21:38:00+00:00,0.00226,0.25,2026-01-01 21:40:00+00:00,0.00236,0.2610619469026549,11061.946902654869,1.1061946902654898,0.5951327433628348,4.424778761061959,0.03333333333333333,take_profit,0.00236,9.76744186046512
1970,AMP-USD,roc_momentum,buy,2026-01-01 21:40:00+00:00,0.00236,0.25,2026-01-01 21:43:00+00:00,0.0024,0.2542372881355932,10593.22033898305,0.4237288135593185,-0.08050847457627465,1.694915254237274,0.05,roc_peak_drop,0.00244,12.962962962962955
1971,AMP-USD,roc_momentum,buy,2026-01-01 21:43:00+00:00,0.0024,0.25,2026-01-01 21:44:00+00:00,0.00238,0.2479166666666667,10416.666666666668,-0.20833333333332937,-0.706249999999996,-0.8333333333333175,0.016666666666666666,roc_peak_drop,0.0024,6.194690265486713
1972,AMP-USD,roc_momentum,buy,2026-01-01 21:44:00+00:00,0.00238,0.25,2026-01-01 21:45:00+00:00,0.00235,0.2468487394957983,10504.201680672268,-0.3151260504201689,-0.8119747899159672,-1.2605042016806756,0.016666666666666666,roc_peak_drop,0.00238,2.586206896551735
1973,AMP-USD,roc_momentum,buy,2026-01-01 21:45:00+00:00,0.00235,0.25,2026-01-01 21:46:00+00:00,0.00236,0.25106382978723407,10638.297872340425,0.10638297872340453,-0.3946808510638295,0.42553191489361814,0.016666666666666666,roc_reversal,0.00236,-0.4237288135593209
1974,AMP-USD,roc_momentum,buy,2026-01-01 21:46:00+00:00,0.00236,0.25,2026-01-01 21:47:00+00:00,0.00234,0.2478813559322034,10593.22033898305,-0.21186440677966156,-0.709745762711865,-0.8474576271186463,0.016666666666666666,roc_reversal,0.00236,-2.9045643153526868
1975,AMP-USD,roc_momentum,buy,2026-01-01 21:47:00+00:00,0.00234,0.25,2026-01-01 21:48:00+00:00,0.00229,0.24465811965811965,10683.760683760684,-0.5341880341880356,-1.0288461538461553,-2.1367521367521425,0.016666666666666666,roc_reversal,0.00234,-2.9045643153526868
1976,AMP-USD,roc_momentum,buy,2026-01-01 21:48:00+00:00,0.00229,0.25,2026-01-01 21:49:00+00:00,0.00227,0.24781659388646288,10917.03056768559,-0.21834061135371238,-0.7161572052401752,-0.8733624454148495,0.016666666666666666,roc_reversal,0.00229,-4.583333333333329
1977,AMP-USD,roc_momentum,buy,2026-01-01 21:49:00+00:00,0.00227,0.25,2026-01-01 21:50:00+00:00,0.00227,0.25,11013.215859030837,0.0,-0.5,0.0,0.016666666666666666,roc_reversal,0.00227,-3.404255319148941
1978,AMP-USD,roc_momentum,buy,2026-01-01 21:50:00+00:00,0.00227,0.25,2026-01-01 21:51:00+00:00,0.00227,0.25,11013.215859030837,0.0,-0.5,0.0,0.016666666666666666,roc_reversal,0.00227,-3.404255319148941
1979,AMP-USD,roc_momentum,buy,2026-01-01 21:51:00+00:00,0.00227,0.25,2026-01-01 21:52:00+00:00,0.00226,0.2488986784140969,11013.215859030837,-0.11013215859030867,-0.6090308370044055,-0.4405286343612347,0.016666666666666666,roc_reversal,0.00227,-3.418803418803429
1980,AMP-USD,roc_momentum,buy,2026-01-01 21:52:00+00:00,0.00226,0.25,2026-01-01 21:54:00+00:00,0.00228,0.252212389380531,11061.946902654869,0.22123893805309794,-0.28097345132743307,0.8849557522123918,0.03333333333333333,roc_peak_drop,0.00231,0.8733624454148492
1981,AMP-USD,roc_momentum,buy,2026-01-01 21:54:00+00:00,0.00228,0.25,2026-01-01 21:56:00+00:00,0.00229,0.25109649122807015,10964.912280701756,0.10964912280701783,-0.3914473684210523,0.4385964912280713,0.03333333333333333,roc_peak_drop,0.00233,2.643171806167399
1982,AMP-USD,roc_momentum,buy,2026-01-01 21:56:00+00:00,0.00229,0.25,2026-01-01 21:58:00+00:00,0.00229,0.25,10917.03056768559,0.0,-0.5,0.0,0.03333333333333333,roc_peak_drop,0.00229,1.3274336283185972
1983,AMP-USD,roc_momentum,buy,2026-01-01 21:58:00+00:00,0.00229,0.25,2026-01-01 22:00:00+00:00,0.00227,0.24781659388646288,10917.03056768559,-0.21834061135371238,-0.7161572052401752,-0.8733624454148495,0.03333333333333333,roc_peak_drop,0.00229,0.43859649122806044
1984,AMP-USD,roc_momentum,buy,2026-01-01 22:00:00+00:00,0.00227,0.25,2026-01-01 22:01:00+00:00,0.00224,0.24669603524229075,11013.215859030837,-0.330396475770926,-0.8270925110132167,-1.321585903083704,0.016666666666666666,roc_reversal,0.00227,-2.183406113537123
1985,AMP-USD,roc_momentum,buy,2026-01-01 22:01:00+00:00,0.00224,0.25,2026-01-01 22:02:00+00:00,0.00223,0.2488839285714286,11160.714285714286,-0.11160714285713833,-0.610491071428567,-0.4464285714285533,0.016666666666666666,roc_reversal,0.00224,-2.183406113537123
1986,AMP-USD,roc_momentum,buy,2026-01-01 22:02:00+00:00,0.00223,0.25,2026-01-01 22:03:00+00:00,0.00224,0.2511210762331838,11210.762331838563,0.11210762331838107,-0.3890134529148027,0.4484304932735243,0.016666666666666666,roc_reversal,0.00224,-2.183406113537123
1987,AMP-USD,roc_momentum,buy,2026-01-01 22:03:00+00:00,0.00224,0.25,2026-01-01 22:04:00+00:00,0.00225,0.25111607142857145,11160.714285714286,0.11160714285714315,-0.38950892857142827,0.4464285714285726,0.016666666666666666,roc_reversal,0.00225,-1.7467248908296984
1988,AMP-USD,roc_momentum,buy,2026-01-01 22:04:00+00:00,0.00225,0.25,2026-01-01 22:05:00+00:00,0.00223,0.24777777777777782,11111.111111111111,-0.222222222222218,-0.7199999999999959,-0.888888888888872,0.016666666666666666,roc_reversal,0.00225,-1.7467248908296984
1989,AMP-USD,roc_momentum,buy,2026-01-01 22:05:00+00:00,0.00223,0.25,2026-01-01 22:06:00+00:00,0.00221,0.24775784753363228,11210.762331838563,-0.22421524663677186,-0.7219730941704041,-0.8968609865470875,0.016666666666666666,roc_reversal,0.00223,-1.3392857142856984
1990,AMP-USD,roc_momentum,buy,2026-01-01 22:06:00+00:00,0.00221,0.25,2026-01-01 22:08:00+00:00,0.00222,0.251131221719457,11312.217194570136,0.11312217194570165,-0.3880090497737554,0.4524886877828066,0.03333333333333333,roc_reversal,0.00223,
1991,AMP-USD,roc_momentum,buy,2026-01-01 22:08:00+00:00,0.00222,0.25,2026-01-01 22:09:00+00:00,0.0022,0.24774774774774774,11261.261261261261,-0.22522522522522578,-0.7229729729729736,-0.9009009009009031,0.016666666666666666,roc_reversal,0.00222,-0.8928571428571286
1992,AMP-USD,roc_momentum,buy,2026-01-01 22:09:00+00:00,0.0022,0.25,2026-01-01 22:10:00+00:00,0.0022,0.25,11363.636363636362,0.0,-0.5,0.0,0.016666666666666666,roc_reversal,0.0022,-1.3452914798206317
1993,AMP-USD,roc_momentum,buy,2026-01-01 22:10:00+00:00,0.0022,0.25,2026-01-01 22:12:00+00:00,0.00223,0.2534090909090909,11363.636363636362,0.34090909090909177,-0.16249999999999915,1.363636363636367,0.03333333333333333,roc_peak_drop,0.00227,2.714932126696823
1994,AMP-USD,roc_momentum,buy,2026-01-01 22:12:00+00:00,0.00223,0.25,2026-01-01 22:16:00+00:00,0.00223,0.25,11210.762331838563,0.0,-0.5,0.0,0.06666666666666667,roc_peak_drop,0.00223,1.3636363636363669
1995,AMP-USD,roc_momentum,buy,2026-01-01 22:16:00+00:00,0.00223,0.25,2026-01-01 22:19:00+00:00,0.00222,0.24887892376681614,11210.762331838563,-0.11210762331838593,-0.6109865470852021,-0.44843049327354373,0.05,roc_peak_drop,0.00224,0.4484304932735217
1996,AMP-USD,roc_momentum,buy,2026-01-01 22:19:00+00:00,0.00222,0.25,2026-01-01 22:20:00+00:00,0.00222,0.25,11261.261261261261,0.0,-0.5,0.0,0.016666666666666666,roc_reversal,0.00222,-0.4484304932735439
1997,AMP-USD,roc_momentum,buy,2026-01-01 22:20:00+00:00,0.00222,0.25,2026-01-01 22:21:00+00:00,0.00222,0.25,11261.261261261261,0.0,-0.5,0.0,0.016666666666666666,roc_reversal,0.00222,-0.4484304932735439
1998,AMP-USD,roc_momentum,buy,2026-01-01 22:21:00+00:00,0.00222,0.25,2026-01-01 22:26:00+00:00,0.00222,0.25,11261.261261261261,0.0,-0.5,0.0,0.08333333333333333,roc_peak_drop,0.00225,1.3513513513513375
1999,AMP-USD,roc_momentum,buy,2026-01-01 22:26:00+00:00,0.00222,0.25,2026-01-01 22:27:00+00:00,0.00222,0.25,11261.261261261261,0.0,-0.5,0.0,0.016666666666666666,roc_reversal,0.00222,
2000,AMP-USD,roc_momentum,buy,2026-01-01 22:27:00+00:00,0.00222,0.25,2026-01-01 22:28:00+00:00,0.00223,0.2511261261261261,11261.261261261261,0.11261261261261289,-0.3885135135135132,0.45045045045045157,0.016666666666666666,roc_reversal,0.00223,-0.8888888888888724
2001,AMP-USD,roc_momentum,buy,2026-01-01 22:28:00+00:00,0.00223,0.25,2026-01-01 22:29:00+00:00,0.00223,0.25,11210.762331838563,0.0,-0.5,0.0,0.016666666666666666,roc_reversal,0.00223,-0.44642857142855874
2002,AMP-USD,roc_momentum,buy,2026-01-01 22:29:00+00:00,0.00223,0.25,2026-01-01 22:30:00+00:00,0.00222,0.24887892376681614,11210.762331838563,-0.11210762331838593,-0.6109865470852021,-0.44843049327354373,0.016666666666666666,roc_reversal,0.00223,-0.44642857142855874
2003,AMP-USD,roc_momentum,buy,2026-01-01 22:30:00+00:00,0.00222,0.25,2026-01-01 22:32:00+00:00,0.00221,0.24887387387387386,11261.261261261261,-0.11261261261261289,-0.6114864864864867,-0.45045045045045157,0.03333333333333333,roc_reversal,0.00222,
2004,AMP-USD,roc_momentum,buy,2026-01-01 22:32:00+00:00,0.00221,0.25,2026-01-01 22:33:00+00:00,0.00221,0.25,11312.217194570136,0.0,-0.5,0.0,0.016666666666666666,roc_reversal,0.00221,-0.45045045045045695
2005,AMP-USD,roc_momentum,buy,2026-01-01 22:33:00+00:00,0.00221,0.25,2026-01-01 22:34:00+00:00,0.0022,0.248868778280543,11312.217194570136,-0.11312217194570165,-0.6119909502262446,-0.4524886877828066,0.016666666666666666,roc_reversal,0.00221,-0.8968609865470878
2006,AMP-USD,roc_momentum,buy,2026-01-01 22:34:00+00:00,0.0022,0.25,2026-01-01 22:35:00+00:00,0.0022,0.25,11363.636363636362,0.0,-0.5,0.0,0.016666666666666666,roc_reversal,0.0022,-0.9009009009009028
2007,AMP-USD,roc_momentum,buy,2026-01-01 22:35:00+00:00,0.0022,0.25,2026-01-01 22:36:00+00:00,0.0022,0.25,11363.636363636362,0.0,-0.5,0.0,0.016666666666666666,roc_reversal,0.0022,-0.9009009009009028
2008,AMP-USD,roc_momentum,buy,2026-01-01 22:36:00+00:00,0.0022,0.25,2026-01-01 22:37:00+00:00,0.0022,0.25,11363.636363636362,0.0,-0.5,0.0,0.016666666666666666,roc_reversal,0.0022,-0.4524886877828038
2009,AMP-USD,roc_momentum,buy,2026-01-01 22:37:00+00:00,0.0022,0.25,2026-01-01 22:40:00+00:00,0.00219,0.24886363636363637,11363.636363636362,-0.11363636363636392,-0.6125000000000003,-0.4545454545454557,0.05,roc_peak_drop,0.00221,0.454545454545463
2010,AMP-USD,roc_momentum,buy,2026-01-01 22:40:00+00:00,0.00219,0.25,2026-01-01 22:41:00+00:00,0.00219,0.25,11415.52511415525,0.0,-0.5,0.0,0.016666666666666666,roc_reversal,0.00219,-0.4545454545454519
2011,AMP-USD,roc_momentum,buy,2026-01-01 22:41:00+00:00,0.00219,0.25,2026-01-01 22:42:00+00:00,0.00219,0.25,11415.52511415525,0.0,-0.5,0.0,0.016666666666666666,roc_reversal,0.00219,-0.4545454545454519
2012,AMP-USD,roc_momentum,buy,2026-01-01 22:42:00+00:00,0.00219,0.25,2026-01-01 22:43:00+00:00,0.00219,0.25,11415.52511415525,0.0,-0.5,0.0,0.016666666666666666,roc_reversal,0.00219,-0.4545454545454519
2013,AMP-USD,roc_momentum,buy,2026-01-01 22:43:00+00:00,0.00219,0.25,2026-01-01 22:44:00+00:00,0.00219,0.25,11415.52511415525,0.0,-0.5,0.0,0.016666666666666666,roc_reversal,0.00219,-0.9049773755656076
2014,AMP-USD,roc_momentum,buy,2026-01-01 22:44:00+00:00,0.00219,0.25,2026-01-01 22:45:00+00:00,0.00218,0.24885844748858446,11415.52511415525,-0.11415525114155281,-0.6130136986301373,-0.45662100456621124,0.016666666666666666,roc_reversal,0.00219,-0.45662100456621557
2015,AMP-USD,roc_momentum,buy,2026-01-01 22:45:00+00:00,0.00218,0.25,2026-01-01 22:46:00+00:00,0.00218,0.25,11467.88990825688,0.0,-0.5,0.0,0.016666666666666666,roc_reversal,0.00218,-0.45662100456621557
2016,AMP-USD,roc_momentum,buy,2026-01-01 22:46:00+00:00,0.00218,0.25,2026-01-01 22:50:00+00:00,0.00217,0.24885321100917432,11467.88990825688,-0.1146788990825691,-0.6135321100917435,-0.4587155963302764,0.06666666666666667,roc_reversal,0.00219,
2017,AMP-USD,roc_momentum,buy,2026-01-01 22:50:00+00:00,0.00217,0.25,2026-01-01 22:51:00+00:00,0.00217,0.25,11520.73732718894,0.0,-0.5,0.0,0.016666666666666666,roc_reversal,0.00217,-0.4587155963302725
2018,AMP-USD,roc_momentum,buy,2026-01-01 22:51:00+00:00,0.00217,0.25,2026-01-01 22:52:00+00:00,0.00216,0.2488479262672811,11520.73732718894,-0.11520737327188971,-0.6140552995391708,-0.46082949308755883,0.016666666666666666,roc_reversal,0.00217,-0.4587155963302725
2019,AMP-USD,roc_momentum,buy,2026-01-01 22:54:00+00:00,0.00217,0.25,2026-01-01 22:55:00+00:00,0.00216,0.2488479262672811,11520.73732718894,-0.11520737327188971,-0.6140552995391708,-0.46082949308755883,0.016666666666666666,roc_reversal,0.00217,-0.4608294930875556
2020,SQD-USD,roc_momentum,buy,2026-01-02 03:49:00+00:00,0.0896,0.25,2026-01-02 03:51:00+00:00,0.0895,0.24972098214285712,279.01785714285717,-0.027901785714286514,-0.5276227678571437,-0.11160714285714605,0.03333333333333333,roc_peak_drop,0.0897,1.8161180476730987
2021,SQD-USD,roc_momentum,buy,2026-01-02 03:51:00+00:00,0.0895,0.25,2026-01-02 03:52:00+00:00,0.0896,0.25027932960893856,279.3296089385475,0.02793296089385555,-0.472346368715083,0.1117318435754222,0.016666666666666666,roc_peak_drop,0.0896,0.561797752808979
2022,SQD-USD,roc_momentum,buy,2026-01-02 03:52:00+00:00,0.0896,0.25,2026-01-02 03:54:00+00:00,0.0897,0.25027901785714285,279.01785714285717,0.027901785714286514,-0.4723772321428564,0.11160714285714605,0.03333333333333333,roc_peak_drop,0.0898,0.672645739910327
2023,SQD-USD,roc_momentum,buy,2026-01-02 03:54:00+00:00,0.0897,0.25,2026-01-02 03:55:00+00:00,0.0893,0.2488851727982163,278.70680044593087,-0.11148272017837167,-0.610367892976588,-0.4459308807134867,0.016666666666666666,roc_peak_drop,0.0897,0.11160714285713969
2024,SQD-USD,roc_momentum,buy,2026-01-02 04:00:00+00:00,0.0899,0.25,2026-01-02 04:03:00+00:00,0.0905,0.2516685205784205,278.0867630700779,0.16685205784204765,-0.33481646273637283,0.6674082313681906,0.05,roc_peak_drop,0.091,2.1324354657688005
2025,SQD-USD,roc_momentum,buy,2026-01-02 04:03:00+00:00,0.0905,0.25,2026-01-02 04:06:00+00:00,0.091,0.2513812154696133,276.24309392265195,0.13812154696132609,-0.36325966850828717,0.5524861878453043,0.05,roc_peak_drop,0.091,1.0044642857142794
2026,SQD-USD,roc_momentum,buy,2026-01-02 04:06:00+00:00,0.091,0.25,2026-01-02 04:07:00+00:00,0.0912,0.25054945054945055,274.72527472527474,0.05494505494505652,-0.445604395604394,0.21978021978022608,0.016666666666666666,roc_peak_drop,0.0912,0.44150110375276164
2027,SQD-USD,roc_momentum,buy,2026-01-02 04:07:00+00:00,0.0912,0.25,2026-01-02 04:15:00+00:00,0.0943,0.2584978070175438,274.12280701754383,0.8497807017543837,0.3412828947368398,3.3991228070175348,0.13333333333333333,roc_peak_drop,0.0943,2.8508771929824483
2028,SQD-USD,roc_momentum,buy,2026-01-02 04:15:00+00:00,0.0943,0.25,2026-01-02 04:16:00+00:00,0.0936,0.24814422057264052,265.1113467656416,-0.18557794273594708,-0.6837221633085876,-0.7423117709437883,0.016666666666666666,roc_peak_drop,0.0943,1.2889366272824887
2029,SQD-USD,roc_momentum,buy,2026-01-02 04:16:00+00:00,0.0936,0.25,2026-01-02 04:17:00+00:00,0.0939,0.25080128205128205,267.0940170940171,0.08012820512820372,-0.4206730769230783,0.3205128205128149,0.016666666666666666,roc_peak_drop,0.0939,0.42918454935620964
2030,SQD-USD,roc_momentum,buy,2026-01-02 04:17:00+00:00,0.0939,0.25,2026-01-02 04:18:00+00:00,0.093,0.2476038338658147,266.2406815761448,-0.23961661341852983,-0.7372204472843445,-0.9584664536741193,0.016666666666666666,roc_peak_drop,0.0939,0.10660980810235365
2031,SQD-USD,roc_momentum,buy,2026-01-02 04:18:00+00:00,0.093,0.25,2026-01-02 04:19:00+00:00,0.0913,0.24543010752688174,268.81720430107526,-0.4569892473118261,-0.9524193548387079,-1.8279569892473044,0.016666666666666666,roc_reversal,0.093,-0.5347593582887722
2032,SQD-USD,roc_momentum,buy,2026-01-02 04:19:00+00:00,0.0913,0.25,2026-01-02 04:20:00+00:00,0.0908,0.24863088718510404,273.82256297918946,-0.13691128148959486,-0.6355421686746989,-0.5476451259583794,0.016666666666666666,roc_reversal,0.0913,-2.9755579171094504
2033,SQD-USD,roc_momentum,buy,2026-01-02 04:22:00+00:00,0.0922,0.25,2026-01-02 04:23:00+00:00,0.0929,0.2518980477223427,271.14967462039044,0.18980477223427122,-0.3120932754880715,0.7592190889370849,0.016666666666666666,roc_reversal,0.0929,-0.10752688172043223
2034,SQD-USD,roc_momentum,buy,2026-01-02 04:23:00+00:00,0.0929,0.25,2026-01-02 04:27:00+00:00,0.0929,0.25,269.1065662002153,0.0,-0.5,0.0,0.06666666666666667,roc_peak_drop,0.0933,2.643171806167399
2035,SQD-USD,roc_momentum,buy,2026-01-02 04:27:00+00:00,0.0929,0.25,2026-01-02 04:28:00+00:00,0.0929,0.25,269.1065662002153,0.0,-0.5,0.0,0.016666666666666666,roc_peak_drop,0.0929,0.7592190889370798
2036,SQD-USD,roc_momentum,buy,2026-01-02 04:28:00+00:00,0.0929,0.25,2026-01-02 04:30:00+00:00,0.0925,0.24892357373519913,269.1065662002153,-0.10764262648008546,-0.6065662002152846,-0.43057050592034185,0.03333333333333333,roc_peak_drop,0.0931,0.648648648648642
2037,SQD-USD,roc_momentum,buy,2026-01-02 04:30:00+00:00,0.0925,0.25,2026-01-02 04:31:00+00:00,0.093,0.25135135135135134,270.27027027027026,0.13513513513513525,-0.3662162162162161,0.540540540540541,0.016666666666666666,roc_reversal,0.093,-0.3215434083601254
2038,SQD-USD,roc_momentum,buy,2026-01-02 04:31:00+00:00,0.093,0.25,2026-01-02 04:32:00+00:00,0.0927,0.24919354838709679,268.81720430107526,-0.08064516129032116,-0.5798387096774179,-0.32258064516128465,0.016666666666666666,roc_reversal,0.093,-0.21528525296016232
2039,SQD-USD,roc_momentum,buy,2026-01-02 04:32:00+00:00,0.0927,0.25,2026-01-02 04:34:00+00:00,0.0926,0.24973031283710895,269.6871628910464,-0.02696871628910541,-0.5266990291262144,-0.10787486515642164,0.03333333333333333,roc_reversal,0.0929,
2040,SQD-USD,roc_momentum,buy,2026-01-02 04:34:00+00:00,0.0926,0.25,2026-01-02 04:35:00+00:00,0.0921,0.2486501079913607,269.97840172786175,-0.134989200863931,-0.6336393088552917,-0.539956803455724,0.016666666666666666,roc_reversal,0.0926,-0.432432432432428
2041,SQD-USD,roc_momentum,buy,2026-01-02 04:35:00+00:00,0.0921,0.25,2026-01-02 04:36:00+00:00,0.0923,0.250542888165038,271.4440825190011,0.05428881650379801,-0.44625407166124,0.21715526601519203,0.016666666666666666,roc_reversal,0.0923,-0.432432432432428
2042,SQD-USD,roc_momentum,buy,2026-01-02 04:36:00+00:00,0.0923,0.25,2026-01-02 04:37:00+00:00,0.092,0.24918743228602386,270.85590465872156,-0.08125677139761504,-0.5804442036836389,-0.3250270855904602,0.016666666666666666,roc_reversal,0.0923,-0.7526881720430145
2043,SQD-USD,roc_momentum,buy,2026-01-02 04:37:00+00:00,0.092,0.25,2026-01-02 04:38:00+00:00,0.092,0.25,271.7391304347826,0.0,-0.5,0.0,0.016666666666666666,roc_reversal,0.092,-0.7551240560949357
2044,SQD-USD,roc_momentum,buy,2026-01-02 04:38:00+00:00,0.092,0.25,2026-01-02 04:39:00+00:00,0.0915,0.24864130434782608,271.7391304347826,-0.13586956521739144,-0.6345108695652175,-0.5434782608695657,0.016666666666666666,roc_reversal,0.092,-0.9687836383207693
2045,SQD-USD,roc_momentum,buy,2026-01-02 04:39:00+00:00,0.0915,0.25,2026-01-02 04:40:00+00:00,0.0911,0.24890710382513662,273.224043715847,-0.10928961748633814,-0.6081967213114747,-0.43715846994535257,0.016666666666666666,roc_reversal,0.0915,-1.0857763300760048
2046,SQD-USD,roc_momentum,buy,2026-01-02 04:40:00+00:00,0.0911,0.25,2026-01-02 04:41:00+00:00,0.0914,0.2508232711306257,274.423710208562,0.08232711306256715,-0.4184961580680585,0.3293084522502686,0.016666666666666666,roc_reversal,0.0914,-0.9750812567713929
2047,SQD-USD,roc_momentum,buy,2026-01-02 04:41:00+00:00,0.0914,0.25,2026-01-02 04:42:00+00:00,0.0912,0.24945295404814008,273.52297592997814,-0.054704595185993396,-0.5541575492341335,-0.21881838074397358,0.016666666666666666,roc_reversal,0.0914,-0.8695652173912993
2048,SQD-USD,roc_momentum,buy,2026-01-02 04:42:00+00:00,0.0912,0.25,2026-01-02 04:43:00+00:00,0.0913,0.25027412280701755,274.12280701754383,0.02741228070175517,-0.4728618421052624,0.10964912280702067,0.016666666666666666,roc_reversal,0.0913,-0.7608695652173814
2049,SQD-USD,roc_momentum,buy,2026-01-02 04:43:00+00:00,0.0913,0.25,2026-01-02 04:47:00+00:00,0.0923,0.25273822562979187,273.82256297918946,0.2738225629791859,-0.22891566265060595,1.0952902519167436,0.06666666666666667,roc_peak_drop,0.0931,1.8660812294182039
2050,SQD-USD,roc_momentum,buy,2026-01-02 04:47:00+00:00,0.0923,0.25,2026-01-02 04:48:00+00:00,0.0919,0.2489165763813651,270.85590465872156,-0.10834236186348797,-0.6072589382448531,-0.4333694474539519,0.016666666666666666,roc_peak_drop,0.0923,1.2061403508771829
2051,SQD-USD,roc_momentum,buy,2026-01-02 04:48:00+00:00,0.0919,0.25,2026-01-02 04:49:00+00:00,0.0923,0.25108813928182805,272.0348204570185,0.10881392818280675,-0.39227421109902133,0.435255712731227,0.016666666666666666,roc_peak_drop,0.0923,0.6571741511500528
2052,SQD-USD,roc_momentum,buy,2026-01-02 04:49:00+00:00,0.0923,0.25,2026-01-02 04:50:00+00:00,0.0918,0.24864572047670644,270.85590465872156,-0.13542795232935714,-0.6340736728060635,-0.5417118093174286,0.016666666666666666,roc_peak_drop,0.0923,0.3260869565217428
2053,SQD-USD,roc_momentum,buy,2026-01-02 04:50:00+00:00,0.0918,0.25,2026-01-02 04:51:00+00:00,0.0927,0.25245098039215685,272.33115468409585,0.2450980392156857,-0.2573529411764711,0.9803921568627428,0.016666666666666666,roc_reversal,0.0927,-0.42964554242749253
2054,SQD-USD,roc_momentum,buy,2026-01-02 04:51:00+00:00,0.0927,0.25,2026-01-02 04:56:00+00:00,0.0948,0.25566343042071193,269.6871628910464,0.5663430420711949,0.06067961165048294,2.2653721682847796,0.08333333333333333,roc_peak_drop,0.0954,3.9215686274509665
2055,SQD-USD,roc_momentum,buy,2026-01-02 04:56:00+00:00,0.0948,0.25,2026-01-02 04:58:00+00:00,0.0933,0.24604430379746836,263.7130801687764,-0.39556962025316494,-0.8916139240506333,-1.5822784810126598,0.03333333333333333,roc_peak_drop,0.0948,2.4918743228602436
2056,SQD-USD,roc_momentum,buy,2026-01-02 04:58:00+00:00,0.0933,0.25,2026-01-02 04:59:00+00:00,0.0933,0.25,267.9528403001072,0.0,-0.5,0.0,0.016666666666666666,roc_peak_drop,0.0933,0.10729613733904131
2057,SQD-USD,roc_momentum,buy,2026-01-02 04:59:00+00:00,0.0933,0.25,2026-01-02 05:00:00+00:00,0.0931,0.2494640943193998,267.9528403001072,-0.05359056806001926,-0.553054662379419,-0.21436227224007703,0.016666666666666666,roc_reversal,0.0933,-0.8501594048884287
2058,SQD-USD,roc_momentum,buy,2026-01-02 05:00:00+00:00,0.0931,0.25,2026-01-02 05:01:00+00:00,0.0926,0.24865735767991407,268.5284640171858,-0.13426423200859303,-0.6329215896885071,-0.5370569280343721,0.016666666666666666,roc_reversal,0.0931,-2.320675105485226
2059,SQD-USD,roc_momentum,buy,2026-01-02 05:01:00+00:00,0.0926,0.25,2026-01-02 05:02:00+00:00,0.0925,0.24973002159827212,269.97840172786175,-0.02699784017278695,-0.5267278617710591,-0.1079913606911478,0.016666666666666666,roc_reversal,0.0926,-2.219873150105711
2060,SQD-USD,roc_momentum,buy,2026-01-02 05:02:00+00:00,0.0925,0.25,2026-01-02 05:03:00+00:00,0.0928,0.2508108108108108,270.27027027027026,0.08108108108107966,-0.41972972972973116,0.3243243243243186,0.016666666666666666,roc_reversal,0.0928,-0.5359056806002127
2061,SQD-USD,roc_momentum,buy,2026-01-02 05:03:00+00:00,0.0928,0.25,2026-01-02 05:04:00+00:00,0.0928,0.25,269.39655172413796,0.0,-0.5,0.0,0.016666666666666666,roc_reversal,0.0928,-0.5359056806002127
2062,SQD-USD,roc_momentum,buy,2026-01-02 05:04:00+00:00,0.0928,0.25,2026-01-02 05:08:00+00:00,0.0931,0.25080818965517243,269.39655172413796,0.0808189655172437,-0.4199892241379287,0.3232758620689748,0.06666666666666667,roc_peak_drop,0.0935,0.972972972972963
2063,SQD-USD,roc_momentum,buy,2026-01-02 05:08:00+00:00,0.0931,0.25,2026-01-02 05:10:00+00:00,0.0931,0.25,268.5284640171858,0.0,-0.5,0.0,0.03333333333333333,roc_peak_drop,0.0932,0.4310344827586299
2064,SQD-USD,roc_momentum,buy,2026-01-02 05:10:00+00:00,0.0931,0.25,2026-01-02 05:11:00+00:00,0.093,0.2497314715359828,268.5284640171858,-0.026852846401719352,-0.5265843179377021,-0.10741138560687741,0.016666666666666666,roc_reversal,0.0931,-0.3215434083601254
2065,SQD-USD,roc_momentum,buy,2026-01-02 05:11:00+00:00,0.093,0.25,2026-01-02 05:12:00+00:00,0.093,0.25,268.81720430107526,0.0,-0.5,0.0,0.016666666666666666,roc_reversal,0.093,-0.3215434083601254
2066,SQD-USD,roc_momentum,buy,2026-01-02 05:12:00+00:00,0.093,0.25,2026-01-02 05:13:00+00:00,0.0925,0.24865591397849462,268.81720430107526,-0.13440860215053776,-0.6330645161290324,-0.5376344086021511,0.016666666666666666,roc_reversal,0.093,-0.4282655246252598
2067,SQD-USD,roc_momentum,buy,2026-01-02 05:13:00+00:00,0.0925,0.25,2026-01-02 05:14:00+00:00,0.0922,0.2491891891891892,270.27027027027026,-0.08108108108107966,-0.5802702702702689,-0.3243243243243186,0.016666666666666666,roc_reversal,0.0925,-0.6444683136412444
2068,SQD-USD,roc_momentum,buy,2026-01-02 05:14:00+00:00,0.0922,0.25,2026-01-02 05:15:00+00:00,0.092,0.2494577006507592,271.14967462039044,-0.05422993492407964,-0.5536876355748388,-0.21691973969631856,0.016666666666666666,roc_reversal,0.0922,-1.0729613733905574
2069,SQD-USD,roc_momentum,buy,2026-01-02 05:15:00+00:00,0.092,0.25,2026-01-02 05:16:00+00:00,0.092,0.25,271.7391304347826,0.0,-0.5,0.0,0.016666666666666666,roc_reversal,0.092,-1.0752688172043001
2070,SQD-USD,roc_momentum,buy,2026-01-02 05:16:00+00:00,0.092,0.25,2026-01-02 05:17:00+00:00,0.0925,0.2513586956521739,271.7391304347826,0.13586956521739144,-0.3654891304347825,0.5434782608695657,0.016666666666666666,roc_reversal,0.0925,-0.5376344086021501
2071,SQD-USD,roc_momentum,buy,2026-01-02 05:17:00+00:00,0.0925,0.25,2026-01-02 05:19:00+00:00,0.0926,0.25027027027027027,270.27027027027026,0.027027027027027802,-0.47324324324324246,0.10810810810811121,0.03333333333333333,roc_peak_drop,0.0932,0.7567567567567712
2072,SQD-USD,roc_momentum,buy,2026-01-02 05:19:00+00:00,0.0926,0.25,2026-01-02 05:21:00+00:00,0.0921,0.2486501079913607,269.97840172786175,-0.134989200863931,-0.6336393088552917,-0.539956803455724,0.03333333333333333,roc_peak_drop,0.0926,0.43478260869564966
2073,SQD-USD,roc_momentum,buy,2026-01-02 05:21:00+00:00,0.0921,0.25,2026-01-02 05:22:00+00:00,0.0915,0.248371335504886,271.4440825190011,-0.16286644951140156,-0.6612377850162875,-0.6514657980456062,0.016666666666666666,roc_peak_drop,0.0921,0.10869565217390686
2074,SQD-USD,roc_momentum,buy,2026-01-02 05:22:00+00:00,0.0915,0.25,2026-01-02 05:23:00+00:00,0.0912,0.24918032786885247,273.224043715847,-0.08196721311475266,-0.5811475409836051,-0.32786885245901065,0.016666666666666666,roc_reversal,0.0915,-1.0810810810810811
2075,SQD-USD,roc_momentum,buy,2026-01-02 05:23:00+00:00,0.0912,0.25,2026-01-02 05:24:00+00:00,0.0912,0.25,274.12280701754383,0.0,-0.5,0.0,0.016666666666666666,roc_reversal,0.0912,-1.5118790496760237
2076,SQD-USD,roc_momentum,buy,2026-01-02 05:24:00+00:00,0.0912,0.25,2026-01-02 05:25:00+00:00,0.0909,0.24917763157894735,274.12280701754383,-0.08223684210526551,-0.5814144736842128,-0.32894736842106204,0.016666666666666666,roc_reversal,0.0912,-1.5118790496760237
2077,SQD-USD,roc_momentum,buy,2026-01-02 05:25:00+00:00,0.0909,0.25,2026-01-02 05:26:00+00:00,0.0909,0.25,275.02750275027506,0.0,-0.5,0.0,0.016666666666666666,roc_reversal,0.0909,-1.302931596091217
2078,SQD-USD,roc_momentum,buy,2026-01-02 05:26:00+00:00,0.0909,0.25,2026-01-02 05:27:00+00:00,0.0909,0.25,275.02750275027506,0.0,-0.5,0.0,0.016666666666666666,roc_reversal,0.0909,-0.6557377049180357
2079,SQD-USD,roc_momentum,buy,2026-01-02 05:27:00+00:00,0.0909,0.25,2026-01-02 05:28:00+00:00,0.091,0.25027502750275027,275.02750275027506,0.02750275027502829,-0.47277227722772197,0.11001100110011316,0.016666666666666666,roc_reversal,0.091,-0.21929824561404132
2080,SQD-USD,roc_momentum,buy,2026-01-02 05:28:00+00:00,0.091,0.25,2026-01-02 05:29:00+00:00,0.0909,0.24972527472527473,274.72527472527474,-0.02747252747252826,-0.527197802197803,-0.10989010989011304,0.016666666666666666,roc_reversal,0.091,-0.21929824561404132
2081,SQD-USD,roc_momentum,buy,2026-01-02 05:29:00+00:00,0.0909,0.25,2026-01-02 05:38:00+00:00,0.0924,0.25412541254125415,275.02750275027506,0.4125412541254129,-0.0915841584158412,1.6501650165016517,0.15,roc_peak_drop,0.0924,1.3172338090010838
2082,SQD-USD,roc_momentum,buy,2026-01-02 05:38:00+00:00,0.0924,0.25,2026-01-02 05:39:00+00:00,0.0919,0.24864718614718614,270.5627705627706,-0.13528138528138542,-0.6339285714285715,-0.5411255411255417,0.016666666666666666,roc_peak_drop,0.0924,0.6535947712418277
2083,SQD-USD,roc_momentum,buy,2026-01-02 05:39:00+00:00,0.0919,0.25,2026-01-02 05:40:00+00:00,0.0919,0.25,272.0348204570185,0.0,-0.5,0.0,0.016666666666666666,roc_reversal,0.0919,
2084,SQD-USD,roc_momentum,buy,2026-01-02 05:40:00+00:00,0.0919,0.25,2026-01-02 05:41:00+00:00,0.0915,0.24891186071817192,272.0348204570185,-0.10881392818280675,-0.6077257889009787,-0.435255712731227,0.016666666666666666,roc_reversal,0.0919,-0.10869565217391797
2085,SQD-USD,roc_momentum,buy,2026-01-02 05:41:00+00:00,0.0915,0.25,2026-01-02 05:42:00+00:00,0.0913,0.24945355191256832,273.224043715847,-0.05464480874316718,-0.5540983606557355,-0.2185792349726687,0.016666666666666666,roc_reversal,0.0915,-0.8667388949079036
2086,SQD-USD,roc_momentum,buy,2026-01-02 05:42:00+00:00,0.0913,0.25,2026-01-02 05:43:00+00:00,0.0917,0.25109529025191674,273.82256297918946,0.10952902519167512,-0.3915662650602416,0.4381161007667005,0.016666666666666666,roc_reversal,0.0917,-0.7575757575757458
2087,SQD-USD,roc_momentum,buy,2026-01-02 05:43:00+00:00,0.0917,0.25,2026-01-02 05:44:00+00:00,0.0917,0.25,272.62813522355503,0.0,-0.5,0.0,0.016666666666666666,roc_reversal,0.0917,-0.21762785636560977
2088,SQD-USD,roc_momentum,buy,2026-01-02 05:44:00+00:00,0.0917,0.25,2026-01-02 05:45:00+00:00,0.0917,0.25,272.62813522355503,0.0,-0.5,0.0,0.016666666666666666,roc_reversal,0.0917,-0.21762785636560977
2089,SQD-USD,roc_momentum,buy,2026-01-02 05:45:00+00:00,0.0917,0.25,2026-01-02 05:46:00+00:00,0.0914,0.24918211559432932,272.62813522355503,-0.08178844056706885,-0.5809705561613981,-0.3271537622682754,0.016666666666666666,roc_reversal,0.0917,-0.10928961748634114
2090,SQD-USD,roc_momentum,buy,2026-01-02 05:46:00+00:00,0.0914,0.25,2026-01-02 05:47:00+00:00,0.0907,0.24808533916849018,273.52297592997814,-0.1914660831509826,-0.6895514223194728,-0.7658643326039304,0.016666666666666666,roc_reversal,0.0914,-0.10928961748634114
2091,SQD-USD,roc_momentum,buy,2026-01-02 05:47:00+00:00,0.0907,0.25,2026-01-02 05:48:00+00:00,0.091,0.2508269018743109,275.63395810363835,0.08269018743109005,-0.41813671444322087,0.3307607497243602,0.016666666666666666,roc_reversal,0.091,-0.6571741511500528
2092,SQD-USD,roc_momentum,buy,2026-01-02 05:48:00+00:00,0.091,0.25,2026-01-02 05:49:00+00:00,0.091,0.25,274.72527472527474,0.0,-0.5,0.0,0.016666666666666666,roc_reversal,0.091,-0.7633587786259555
2093,SQD-USD,roc_momentum,buy,2026-01-02 05:49:00+00:00,0.091,0.25,2026-01-02 05:50:00+00:00,0.0912,0.25054945054945055,274.72527472527474,0.05494505494505652,-0.445604395604394,0.21978021978022608,0.016666666666666666,roc_reversal,0.0912,-0.5452562704471142
2094,SQD-USD,roc_momentum,buy,2026-01-02 05:50:00+00:00,0.0912,0.25,2026-01-02 05:53:00+00:00,0.0912,0.25,274.12280701754383,0.0,-0.5,0.0,0.05,roc_peak_drop,0.0914,0.5512679162072764
2095,SQD-USD,roc_momentum,buy,2026-01-02 05:53:00+00:00,0.0912,0.25,2026-01-02 05:55:00+00:00,0.0916,0.25109649122807015,274.12280701754383,0.10964912280701687,-0.39144736842105327,0.4385964912280675,0.03333333333333333,roc_peak_drop,0.0916,0.659340659340657
2096,SQD-USD,roc_momentum,buy,2026-01-02 05:55:00+00:00,0.0916,0.25,2026-01-02 06:01:00+00:00,0.0934,0.2549126637554585,272.92576419213975,0.49126637554585045,-0.01364628820960806,1.9650655021834018,0.1,roc_peak_drop,0.0934,1.9736842105263053
2097,SQD-USD,roc_momentum,buy,2026-01-02 06:01:00+00:00,0.0934,0.25,2026-01-02 06:02:00+00:00,0.0929,0.24866167023554603,267.6659528907923,-0.13383297644539627,-0.6324946466809424,-0.5353319057815851,0.016666666666666666,roc_peak_drop,0.0934,0.972972972972963
2098,SQD-USD,roc_momentum,buy,2026-01-02 06:02:00+00:00,0.0929,0.25,2026-01-02 06:03:00+00:00,0.0926,0.24919268030139938,269.1065662002153,-0.08073196986006316,-0.5799246501614626,-0.32292787944025264,0.016666666666666666,roc_peak_drop,0.0929,0.432432432432428
2099,SQD-USD,roc_momentum,buy,2026-01-02 06:03:00+00:00,0.0926,0.25,2026-01-02 06:04:00+00:00,0.0926,0.25,269.97840172786175,0.0,-0.5,0.0,0.016666666666666666,roc_reversal,0.0926,-0.4301075268817178
2100,SQD-USD,roc_momentum,buy,2026-01-02 06:04:00+00:00,0.0926,0.25,2026-01-02 06:05:00+00:00,0.0927,0.2502699784017279,269.97840172786175,0.02699784017278695,-0.47327213822894093,0.1079913606911478,0.016666666666666666,roc_reversal,0.0927,-0.749464668094213
2101,SQD-USD,roc_momentum,buy,2026-01-02 06:05:00+00:00,0.0927,0.25,2026-01-02 06:06:00+00:00,0.0927,0.25,269.6871628910464,0.0,-0.5,0.0,0.016666666666666666,roc_reversal,0.0927,-0.749464668094213
2102,SQD-USD,roc_momentum,buy,2026-01-02 06:06:00+00:00,0.0927,0.25,2026-01-02 06:07:00+00:00,0.0927,0.25,269.6871628910464,0.0,-0.5,0.0,0.016666666666666666,roc_reversal,0.0927,-0.21528525296016232
2103,SQD-USD,roc_momentum,buy,2026-01-02 06:07:00+00:00,0.0927,0.25,2026-01-02 06:09:00+00:00,0.0926,0.24973031283710895,269.6871628910464,-0.02696871628910541,-0.5266990291262144,-0.10787486515642164,0.03333333333333333,roc_peak_drop,0.0927,0.1079913606911509
2104,SQD-USD,roc_momentum,buy,2026-01-02 06:09:00+00:00,0.0926,0.25,2026-01-02 06:10:00+00:00,0.0925,0.24973002159827212,269.97840172786175,-0.02699784017278695,-0.5267278617710591,-0.1079913606911478,0.016666666666666666,roc_reversal,0.0926,
2105,SQD-USD,roc_momentum,buy,2026-01-02 06:10:00+00:00,0.0925,0.25,2026-01-02 06:11:00+00:00,0.092,0.24864864864864863,270.27027027027026,-0.13513513513513525,-0.6337837837837839,-0.540540540540541,0.016666666666666666,roc_reversal,0.0925,-0.21574973031284195
2106,SQD-USD,roc_momentum,buy,2026-01-02 06:11:00+00:00,0.092,0.25,2026-01-02 06:12:00+00:00,0.0921,0.25027173913043477,271.7391304347826,0.02717391304347904,-0.4730978260869558,0.10869565217391616,0.016666666666666666,roc_reversal,0.0921,-0.6472491909385147
2107,SQD-USD,roc_momentum,buy,2026-01-02 06:12:00+00:00,0.0921,0.25,2026-01-02 06:13:00+00:00,0.0921,0.25,271.4440825190011,0.0,-0.5,0.0,0.016666666666666666,roc_reversal,0.0921,-0.6472491909385147
2108,SQD-USD,roc_momentum,buy,2026-01-02 06:13:00+00:00,0.0921,0.25,2026-01-02 06:14:00+00:00,0.0915,0.248371335504886,271.4440825190011,-0.16286644951140156,-0.6612377850162875,-0.6514657980456062,0.016666666666666666,roc_reversal,0.0921,-0.6472491909385147
2109,SQD-USD,roc_momentum,buy,2026-01-02 06:14:00+00:00,0.0915,0.25,2026-01-02 06:15:00+00:00,0.0912,0.24918032786885247,273.224043715847,-0.08196721311475266,-0.5811475409836051,-0.32786885245901065,0.016666666666666666,roc_reversal,0.0915,-1.1879049676025932
2110,SQD-USD,roc_momentum,buy,2026-01-02 06:15:00+00:00,0.0912,0.25,2026-01-02 06:16:00+00:00,0.091,0.2494517543859649,274.12280701754383,-0.05482456140351034,-0.5542763157894752,-0.21929824561404135,0.016666666666666666,roc_reversal,0.0912,-1.0869565217391353
2111,SQD-USD,roc_momentum,buy,2026-01-02 06:16:00+00:00,0.091,0.25,2026-01-02 06:17:00+00:00,0.091,0.25,274.72527472527474,0.0,-0.5,0.0,0.016666666666666666,roc_reversal,0.091,-1.0869565217391353
2112,SQD-USD,roc_momentum,buy,2026-01-02 06:17:00+00:00,0.091,0.25,2026-01-02 06:18:00+00:00,0.0909,0.24972527472527473,274.72527472527474,-0.02747252747252826,-0.527197802197803,-0.10989010989011304,0.016666666666666666,roc_reversal,0.091,-1.1943539630836053
2113,SQD-USD,roc_momentum,buy,2026-01-02 06:18:00+00:00,0.0909,0.25,2026-01-02 06:19:00+00:00,0.091,0.25027502750275027,275.02750275027506,0.02750275027502829,-0.47277227722772197,0.11001100110011316,0.016666666666666666,roc_reversal,0.091,-0.5464480874316946
2114,SQD-USD,roc_momentum,buy,2026-01-02 06:19:00+00:00,0.091,0.25,2026-01-02 06:20:00+00:00,0.0909,0.24972527472527473,274.72527472527474,-0.02747252747252826,-0.527197802197803,-0.10989010989011304,0.016666666666666666,roc_reversal,0.091,-0.328947368421062
2115,SQD-USD,roc_momentum,buy,2026-01-02 06:20:00+00:00,0.0909,0.25,2026-01-02 06:21:00+00:00,0.0907,0.24944994499449946,275.02750275027506,-0.055005500550052766,-0.5544554455445523,-0.22002200220021106,0.016666666666666666,roc_reversal,0.0909,-0.328947368421062
2116,SQD-USD,roc_momentum,buy,2026-01-02 06:21:00+00:00,0.0907,0.25,2026-01-02 06:22:00+00:00,0.0906,0.24972436604189635,275.63395810363835,-0.027563395810364627,-0.527287761852261,-0.11025358324145851,0.016666666666666666,roc_reversal,0.0907,-0.3296703296703285
2117,SQD-USD,roc_momentum,buy,2026-01-02 06:22:00+00:00,0.0906,0.25,2026-01-02 06:23:00+00:00,0.0907,0.2502759381898455,275.9381898454746,0.02759381898454825,-0.47268211920529724,0.110375275938193,0.016666666666666666,roc_reversal,0.0907,-0.22002200220021528
2118,SQD-USD,roc_momentum,buy,2026-01-02 06:23:00+00:00,0.0907,0.25,2026-01-02 06:24:00+00:00,0.0907,0.25,275.63395810363835,0.0,-0.5,0.0,0.016666666666666666,roc_reversal,0.0907,-0.22002200220021528
2119,SQD-USD,roc_momentum,buy,2026-01-02 06:24:00+00:00,0.0907,0.25,2026-01-02 06:25:00+00:00,0.0908,0.25027563395810365,275.63395810363835,0.027563395810364627,-0.472712238147739,0.11025358324145851,0.016666666666666666,roc_reversal,0.0908,-0.11001100110009654
2120,SQD-USD,roc_momentum,buy,2026-01-02 06:25:00+00:00,0.0908,0.25,2026-01-02 06:31:00+00:00,0.0927,0.25523127753303965,275.3303964757709,0.5231277533039644,0.01789647577092478,2.0925110132158578,0.1,roc_peak_drop,0.0933,2.8665931642778197
2121,SQD-USD,roc_momentum,buy,2026-01-02 06:31:00+00:00,0.0927,0.25,2026-01-02 06:33:00+00:00,0.093,0.2508090614886731,269.6871628910464,0.08090614886731248,-0.41990291262136065,0.32362459546924993,0.03333333333333333,roc_peak_drop,0.093,1.7524644030668002
2122,SQD-USD,roc_momentum,buy,2026-01-02 06:33:00+00:00,0.093,0.25,2026-01-02 06:34:00+00:00,0.093,0.25,268.81720430107526,0.0,-0.5,0.0,0.016666666666666666,roc_peak_drop,0.093,0.6493506493506551
2123,SQD-USD,roc_momentum,buy,2026-01-02 06:34:00+00:00,0.093,0.25,2026-01-02 06:35:00+00:00,0.0929,0.24973118279569892,268.81720430107526,-0.026881720430108298,-0.5266129032258072,-0.10752688172043319,0.016666666666666666,roc_reversal,0.093,-0.21482277121375182
2124,SQD-USD,roc_momentum,buy,2026-01-02 06:35:00+00:00,0.0929,0.25,2026-01-02 06:37:00+00:00,0.0929,0.25,269.1065662002153,0.0,-0.5,0.0,0.03333333333333333,roc_peak_drop,0.0929,0.21574973031281974
2125,SQD-USD,roc_momentum,buy,2026-01-02 06:37:00+00:00,0.0929,0.25,2026-01-02 06:39:00+00:00,0.0924,0.24865446716899892,269.1065662002153,-0.13455328310010778,-0.6332077502691067,-0.5382131324004311,0.03333333333333333,roc_reversal,0.093,
2126,SQD-USD,roc_momentum,buy,2026-01-02 06:39:00+00:00,0.0924,0.25,2026-01-02 06:40:00+00:00,0.0924,0.25,270.5627705627706,0.0,-0.5,0.0,0.016666666666666666,roc_reversal,0.0924,-0.5382131324004336
2127,SQD-USD,roc_momentum,buy,2026-01-02 06:40:00+00:00,0.0924,0.25,2026-01-02 06:41:00+00:00,0.0924,0.25,270.5627705627706,0.0,-0.5,0.0,0.016666666666666666,roc_reversal,0.0924,-0.5382131324004336
2128,SQD-USD,roc_momentum,buy,2026-01-02 06:41:00+00:00,0.0924,0.25,2026-01-02 06:47:00+00:00,0.0939,0.25405844155844154,270.5627705627706,0.40584415584415623,-0.09821428571428534,1.623376623376625,0.1,roc_peak_drop,0.0942,1.6233766233766156
2129,SQD-USD,roc_momentum,buy,2026-01-02 06:47:00+00:00,0.0939,0.25,2026-01-02 06:48:00+00:00,0.0935,0.24893503727369543,266.2406815761448,-0.10649627263045729,-0.6054313099041527,-0.42598509052182915,0.016666666666666666,roc_peak_drop,0.0939,0.5353319057815886
2130,SQD-USD,roc_momentum,buy,2026-01-02 06:48:00+00:00,0.0935,0.25,2026-01-02 06:49:00+00:00,0.0929,0.24839572192513368,267.379679144385,-0.1604278074866319,-0.6588235294117656,-0.6417112299465276,0.016666666666666666,roc_reversal,0.0935,-0.4287245444801635
2131,SQD-USD,roc_momentum,buy,2026-01-02 06:49:00+00:00,0.0929,0.25,2026-01-02 06:50:00+00:00,0.093,0.2502691065662002,269.1065662002153,0.0269106566200223,-0.47335844994617793,0.1076426264800892,0.016666666666666666,roc_reversal,0.093,-0.3215434083601254
2132,SQD-USD,roc_momentum,buy,2026-01-02 06:50:00+00:00,0.093,0.25,2026-01-02 06:51:00+00:00,0.0932,0.25053763440860216,268.81720430107526,0.053763440860216595,-0.44677419354838555,0.21505376344086638,0.016666666666666666,roc_reversal,0.0932,-0.3215434083601254
2133,SQD-USD,roc_momentum,buy,2026-01-02 06:51:00+00:00,0.0932,0.25,2026-01-02 06:52:00+00:00,0.0932,0.25,268.24034334763945,0.0,-0.5,0.0,0.016666666666666666,roc_reversal,0.0932,-0.7454739084131967
2134,SQD-USD,roc_momentum,buy,2026-01-02 06:52:00+00:00,0.0932,0.25,2026-01-02 06:53:00+00:00,0.093,0.2494635193133047,268.24034334763945,-0.05364806866952943,-0.5531115879828341,-0.21459227467811773,0.016666666666666666,roc_reversal,0.0932,-0.5347593582887722
2135,SQD-USD,roc_momentum,buy,2026-01-02 06:53:00+00:00,0.093,0.25,2026-01-02 06:55:00+00:00,0.093,0.25,268.81720430107526,0.0,-0.5,0.0,0.03333333333333333,roc_peak_drop,0.093,0.10764262648008671
2136,SQD-USD,roc_momentum,buy,2026-01-02 06:55:00+00:00,0.093,0.25,2026-01-02 06:56:00+00:00,0.0928,0.24946236559139784,268.81720430107526,-0.053763440860216595,-0.5532258064516145,-0.21505376344086638,0.016666666666666666,roc_reversal,0.093,
2137,SQD-USD,roc_momentum,buy,2026-01-02 06:56:00+00:00,0.0928,0.25,2026-01-02 06:57:00+00:00,0.0925,0.2491918103448276,269.39655172413796,-0.08081896551723997,-0.5800107758620675,-0.32327586206895986,0.016666666666666666,roc_reversal,0.0928,-0.42918454935623185
2138,SQD-USD,roc_momentum,buy,2026-01-02 06:57:00+00:00,0.0925,0.25,2026-01-02 06:58:00+00:00,0.0923,0.24945945945945944,270.27027027027026,-0.054054054054055604,-0.5535135135135151,-0.21621621621622242,0.016666666666666666,roc_reversal,0.0925,-0.7510729613734002
2139,SQD-USD,roc_momentum,buy,2026-01-02 06:58:00+00:00,0.0923,0.25,2026-01-02 06:59:00+00:00,0.0923,0.25,270.85590465872156,0.0,-0.5,0.0,0.016666666666666666,roc_reversal,0.0923,-0.7526881720430145
2140,SQD-USD,roc_momentum,buy,2026-01-02 06:59:00+00:00,0.0923,0.25,2026-01-02 07:00:00+00:00,0.0919,0.2489165763813651,270.85590465872156,-0.10834236186348797,-0.6072589382448531,-0.4333694474539519,0.016666666666666666,roc_reversal,0.0923,-0.7526881720430145
2141,SQD-USD,roc_momentum,buy,2026-01-02 07:00:00+00:00,0.0919,0.25,2026-01-02 07:01:00+00:00,0.0919,0.25,272.0348204570185,0.0,-0.5,0.0,0.016666666666666666,roc_reversal,0.0919,-0.969827586206895
2142,SQD-USD,roc_momentum,buy,2026-01-02 07:01:00+00:00,0.0919,0.25,2026-01-02 07:02:00+00:00,0.092,0.250272034820457,272.0348204570185,0.02720348204570263,-0.4730685527747544,0.10881392818281052,0.016666666666666666,roc_reversal,0.092,-0.5405405405405461
2143,SQD-USD,roc_momentum,buy,2026-01-02 07:02:00+00:00,0.092,0.25,2026-01-02 07:03:00+00:00,0.092,0.25,271.7391304347826,0.0,-0.5,0.0,0.016666666666666666,roc_reversal,0.092,-0.3250270855904569
2144,SQD-USD,roc_momentum,buy,2026-01-02 07:03:00+00:00,0.092,0.25,2026-01-02 07:04:00+00:00,0.0922,0.2505434782608696,271.7391304347826,0.05434782608695808,-0.4461956521739115,0.21739130434783233,0.016666666666666666,roc_reversal,0.0922,-0.10834236186347823
2145,SQD-USD,roc_momentum,buy,2026-01-02 07:04:00+00:00,0.0922,0.25,2026-01-02 07:06:00+00:00,0.0918,0.24891540130151846,271.14967462039044,-0.10845986984815552,-0.6073752711496739,-0.4338394793926221,0.03333333333333333,roc_peak_drop,0.0922,0.32644178454843686
2146,SQD-USD,roc_momentum,buy,2026-01-02 07:06:00+00:00,0.0918,0.25,2026-01-02 07:07:00+00:00,0.0918,0.25,272.33115468409585,0.0,-0.5,0.0,0.016666666666666666,roc_reversal,0.0918,-0.10881392818279378
2147,SQD-USD,roc_momentum,buy,2026-01-02 07:07:00+00:00,0.0918,0.25,2026-01-02 07:08:00+00:00,0.0918,0.25,272.33115468409585,0.0,-0.5,0.0,0.016666666666666666,roc_reversal,0.0918,-0.21739130434781373
2148,SQD-USD,roc_momentum,buy,2026-01-02 07:08:00+00:00,0.0918,0.25,2026-01-02 07:09:00+00:00,0.0919,0.25027233115468406,272.33115468409585,0.027233115468406587,-0.4730392156862775,0.10893246187362635,0.016666666666666666,roc_reversal,0.0919,-0.21739130434781373
2149,SQD-USD,roc_momentum,buy,2026-01-02 07:09:00+00:00,0.0919,0.25,2026-01-02 07:10:00+00:00,0.0918,0.24972796517954302,272.0348204570185,-0.027203482045698855,-0.5269314472252419,-0.10881392818279542,0.016666666666666666,roc_reversal,0.0919,-0.32537960954447387
2150,SQD-USD,roc_momentum,buy,2026-01-02 07:10:00+00:00,0.0918,0.25,2026-01-02 07:11:00+00:00,0.0917,0.2497276688453159,272.33115468409585,-0.027233115468410365,-0.5269607843137263,-0.10893246187364146,0.016666666666666666,roc_reversal,0.0918,-0.10893246187364536
2151,SQD-USD,roc_momentum,buy,2026-01-02 07:11:00+00:00,0.0917,0.25,2026-01-02 07:12:00+00:00,0.0917,0.25,272.62813522355503,0.0,-0.5,0.0,0.016666666666666666,roc_reversal,0.0917,-0.10893246187364536
2152,SQD-USD,roc_momentum,buy,2026-01-02 07:12:00+00:00,0.0917,0.25,2026-01-02 07:13:00+00:00,0.0917,0.25,272.62813522355503,0.0,-0.5,0.0,0.016666666666666666,roc_reversal,0.0917,-0.10893246187364536
2153,SQD-USD,roc_momentum,buy,2026-01-02 07:13:00+00:00,0.0917,0.25,2026-01-02 07:14:00+00:00,0.0917,0.25,272.62813522355503,0.0,-0.5,0.0,0.016666666666666666,roc_reversal,0.0917,-0.10893246187364536
2154,SQD-USD,roc_momentum,buy,2026-01-02 07:14:00+00:00,0.0917,0.25,2026-01-02 07:15:00+00:00,0.0916,0.24972737186477645,272.62813522355503,-0.027262813522356287,-0.5269901853871327,-0.10905125408942515,0.016666666666666666,roc_reversal,0.0917,-0.21762785636560977
2155,SQD-USD,roc_momentum,buy,2026-01-02 07:15:00+00:00,0.0916,0.25,2026-01-02 07:16:00+00:00,0.0916,0.25,272.92576419213975,0.0,-0.5,0.0,0.016666666666666666,roc_reversal,0.0916,-0.10905125408942062
2156,SQD-USD,roc_momentum,buy,2026-01-02 07:16:00+00:00,0.0916,0.25,2026-01-02 07:18:00+00:00,0.0906,0.2472707423580786,272.92576419213975,-0.27292576419214,-0.7701965065502185,-1.09170305676856,0.03333333333333333,roc_peak_drop,0.0918,0.10905125408942062
2157,SQD-USD,roc_momentum,buy,2026-01-02 07:18:00+00:00,0.0906,0.25,2026-01-02 07:19:00+00:00,0.091,0.2511037527593819,275.9381898454746,0.11037527593818917,-0.3907284768211927,0.4415011037527567,0.016666666666666666,roc_reversal,0.091,-0.7633587786259555
2158,SQD-USD,roc_momentum,buy,2026-01-02 07:19:00+00:00,0.091,0.25,2026-01-02 07:20:00+00:00,0.0909,0.24972527472527473,274.72527472527474,-0.02747252747252826,-0.527197802197803,-0.10989010989011304,0.016666666666666666,roc_reversal,0.091,-0.7633587786259555
2159,SQD-USD,roc_momentum,buy,2026-01-02 07:20:00+00:00,0.0909,0.25,2026-01-02 07:21:00+00:00,0.0905,0.2488998899889989,275.02750275027506,-0.11001100110010935,-0.6089108910891082,-0.4400440044004374,0.016666666666666666,roc_reversal,0.0909,-0.7641921397379958
2160,SQD-USD,roc_momentum,buy,2026-01-02 07:21:00+00:00,0.0905,0.25,2026-01-02 07:22:00+00:00,0.0905,0.25,276.24309392265195,0.0,-0.5,0.0,0.016666666666666666,roc_reversal,0.0905,-1.2008733624454204
2161,SQD-USD,roc_momentum,buy,2026-01-02 07:22:00+00:00,0.0905,0.25,2026-01-02 07:24:00+00:00,0.0906,0.25027624309392266,276.24309392265195,0.027624309392265987,-0.4726519337016567,0.11049723756906395,0.03333333333333333,roc_reversal,0.0906,
2162,SQD-USD,roc_momentum,buy,2026-01-02 07:24:00+00:00,0.0906,0.25,2026-01-02 07:25:00+00:00,0.0907,0.2502759381898455,275.9381898454746,0.02759381898454825,-0.47268211920529724,0.110375275938193,0.016666666666666666,roc_reversal,0.0907,-0.22002200220021528
2163,SQD-USD,roc_momentum,buy,2026-01-02 07:25:00+00:00,0.0907,0.25,2026-01-02 07:28:00+00:00,0.0906,0.24972436604189635,275.63395810363835,-0.027563395810364627,-0.527287761852261,-0.11025358324145851,0.05,roc_peak_drop,0.0907,0.11049723756906271
2164,SQD-USD,roc_momentum,buy,2026-01-02 07:28:00+00:00,0.0906,0.25,2026-01-02 07:29:00+00:00,0.0904,0.24944812362030905,275.9381898454746,-0.0551876379690965,-0.5546357615894055,-0.220750551876386,0.016666666666666666,roc_reversal,0.0906,
2165,SQD-USD,roc_momentum,buy,2026-01-02 07:29:00+00:00,0.0904,0.25,2026-01-02 07:30:00+00:00,0.0904,0.25,276.5486725663717,0.0,-0.5,0.0,0.016666666666666666,roc_reversal,0.0904,-0.22075055187638082
2166,SQD-USD,roc_momentum,buy,2026-01-02 07:30:00+00:00,0.0904,0.25,2026-01-02 07:31:00+00:00,0.0903,0.24972345132743365,276.5486725663717,-0.027654867256634123,-0.5273783185840678,-0.1106194690265365,0.016666666666666666,roc_reversal,0.0904,-0.3307607497243792
2167,SQD-USD,roc_momentum,buy,2026-01-02 07:31:00+00:00,0.0903,0.25,2026-01-02 07:32:00+00:00,0.0902,0.24972314507198226,276.8549280177187,-0.027685492801772665,-0.5274086378737549,-0.11074197120709066,0.016666666666666666,roc_reversal,0.0903,-0.3311258278145601
2168,ZORA-USD,roc_momentum,buy,2026-01-03 12:14:00+00:00,0.04407,0.25,2026-01-03 12:19:00+00:00,0.04437,0.2517018379850238,567.2793283412752,0.17018379850238352,-0.3315180394826403,0.6807351940095341,0.08333333333333333,roc_peak_drop,0.04437,0.9797220323536138
2169,ZORA-USD,roc_momentum,buy,2026-01-03 12:19:00+00:00,0.04437,0.25,2026-01-03 12:21:00+00:00,0.04437,0.25,563.4437683119224,0.0,-0.5,0.0,0.03333333333333333,roc_peak_drop,0.04437,0.6807351940095296
2170,ZORA-USD,roc_momentum,buy,2026-01-03 12:21:00+00:00,0.04437,0.25,2026-01-03 12:23:00+00:00,0.04433,0.24977462249267524,563.4437683119224,-0.02253775073247598,-0.5223123732251512,-0.09015100292990393,0.03333333333333333,roc_peak_drop,0.04437,0.3851381966470502
2171,ZORA-USD,roc_momentum,buy,2026-01-03 12:23:00+00:00,0.04433,0.25,2026-01-03 12:30:00+00:00,0.04496,0.253552898714189,563.9521768554026,0.3552898714189029,-0.14826302729528615,1.4211594856756116,0.11666666666666667,roc_peak_drop,0.04508,1.5544041450777257
2172,ZORA-USD,roc_momentum,buy,2026-01-03 12:30:00+00:00,0.04496,0.25,2026-01-03 12:32:00+00:00,0.04503,0.25038923487544484,556.0498220640569,0.03892348754448433,-0.4614657473309605,0.15569395017793733,0.03333333333333333,roc_peak_drop,0.04503,0.8525914292124792
2173,ZORA-USD,roc_momentum,buy,2026-01-03 12:32:00+00:00,0.04503,0.25,2026-01-03 12:33:00+00:00,0.04475,0.24844548079058404,555.185431934266,-0.15545192094159585,-0.6538974017321799,-0.6218076837663834,0.016666666666666666,roc_peak_drop,0.04503,0.4237288135593209
2174,ZORA-USD,roc_momentum,buy,2026-01-03 12:33:00+00:00,0.04475,0.25,2026-01-03 12:34:00+00:00,0.04463,0.24932960893854753,558.659217877095,-0.06703910614524866,-0.5663687150837962,-0.26815642458099465,0.016666666666666666,roc_reversal,0.04475,-0.11160714285715079
2175,ZORA-USD,roc_momentum,buy,2026-01-03 12:34:00+00:00,0.04463,0.25,2026-01-03 12:35:00+00:00,0.04473,0.25056016132646197,560.1613264620211,0.05601613264619982,-0.44454402868026216,0.22406453058479928,0.016666666666666666,roc_reversal,0.04473,-0.5115658362989328
2176,ZORA-USD,roc_momentum,buy,2026-01-03 12:35:00+00:00,0.04473,0.25,2026-01-03 12:36:00+00:00,0.04475,0.2501117818019226,558.909009613235,0.011178180192264244,-0.4889336016096584,0.044712720769056975,0.016666666666666666,roc_reversal,0.04475,-0.4449388209121219
2177,ZORA-USD,roc_momentum,buy,2026-01-03 12:36:00+00:00,0.04475,0.25,2026-01-03 12:37:00+00:00,0.04477,0.25011173184357544,558.659217877095,0.011173184357541445,-0.488938547486034,0.04469273743016578,0.016666666666666666,roc_reversal,0.04477,-0.4449388209121219
2178,ZORA-USD,roc_momentum,buy,2026-01-03 12:37:00+00:00,0.04477,0.25,2026-01-03 12:38:00+00:00,0.04473,0.2497766361402725,558.4096493187402,-0.0223363859727487,-0.5221130221130212,-0.0893455438909948,0.016666666666666666,roc_reversal,0.04477,-0.04469273743016311
2179,ZORA-USD,roc_momentum,buy,2026-01-03 12:38:00+00:00,0.04473,0.25,2026-01-03 12:41:00+00:00,0.0447,0.24983232729711602,558.909009613235,-0.016767270288398306,-0.5165995975855143,-0.06706908115359322,0.05,roc_peak_drop,0.04482,0.2240645305847888
2180,ZORA-USD,roc_momentum,buy,2026-01-03 12:41:00+00:00,0.0447,0.25,2026-01-03 12:42:00+00:00,0.04456,0.2492170022371365,559.2841163310962,-0.07829977628635028,-0.5775167785234868,-0.3131991051454011,0.016666666666666666,roc_reversal,0.0447,-0.11173184357542443
2181,ZORA-USD,roc_momentum,buy,2026-01-03 12:42:00+00:00,0.04456,0.25,2026-01-03 12:43:00+00:00,0.04449,0.2496072710951526,561.0412926391382,-0.039272890484740024,-0.5388801615798926,-0.1570915619389601,0.016666666666666666,roc_reversal,0.04456,-0.46906410542773
2182,ZORA-USD,roc_momentum,buy,2026-01-03 12:43:00+00:00,0.04449,0.25,2026-01-03 12:44:00+00:00,0.04438,0.24938188356934143,561.9240278714318,-0.061811643065856924,-0.5611935266351984,-0.2472465722634277,0.016666666666666666,roc_reversal,0.04449,-0.5365526492286943
2183,ZORA-USD,roc_momentum,buy,2026-01-03 12:44:00+00:00,0.04438,0.25,2026-01-03 12:45:00+00:00,0.04432,0.24966200991437582,563.3168093735917,-0.033799008562418034,-0.5334610184767938,-0.13519603424967214,0.016666666666666666,roc_reversal,0.04438,-0.782472613458518
2184,ZORA-USD,roc_momentum,buy,2026-01-03 12:45:00+00:00,0.04432,0.25,2026-01-03 12:46:00+00:00,0.04438,0.2503384476534296,564.0794223826715,0.033844765342962824,-0.4664936823104668,0.1353790613718513,0.016666666666666666,roc_reversal,0.04438,-0.715883668903794
2185,ZORA-USD,roc_momentum,buy,2026-01-03 12:46:00+00:00,0.04438,0.25,2026-01-03 12:47:00+00:00,0.04427,0.249380351509689,563.3168093735917,-0.061964849031098425,-0.5613452005407874,-0.2478593961243937,0.016666666666666666,roc_reversal,0.04438,-0.6508078994614142
2186,ZORA-USD,roc_momentum,buy,2026-01-03 12:49:00+00:00,0.04438,0.25,2026-01-03 12:50:00+00:00,0.04429,0.24949301487156378,563.3168093735917,-0.05069851284362314,-0.5501915277151869,-0.20279405137449255,0.016666666666666666,roc_reversal,0.04438,
2187,CVX-USD,roc_momentum,buy,2026-01-03 22:34:00+00:00,2.529,0.25,2026-01-03 22:37:00+00:00,2.504,0.24752866745749308,9.885330170027679,-0.2471332542506911,-0.7446619217081842,-0.9885330170027644,0.05,roc_peak_drop,2.531,0.9233239662785886
2188,CVX-USD,roc_momentum,buy,2026-01-03 22:37:00+00:00,2.504,0.25,2026-01-03 22:39:00+00:00,2.504,0.25,9.984025559105431,0.0,-0.5,0.0,0.03333333333333333,roc_peak_drop,2.514,0.2792181890705958
2189,CVX-USD,roc_momentum,buy,2026-01-03 22:39:00+00:00,2.504,0.25,2026-01-03 22:40:00+00:00,2.494,0.24900159744408948,9.984025559105431,-0.09984025559105218,-0.5988418530351417,-0.39936102236420873,0.016666666666666666,roc_reversal,2.504,-0.9885330170027684
2190,CVX-USD,roc_momentum,buy,2026-01-03 22:40:00+00:00,2.494,0.25,2026-01-03 22:41:00+00:00,2.494,0.25,10.024057738572573,0.0,-0.5,0.0,0.016666666666666666,roc_reversal,2.494,-0.7955449482895616
2191,CVX-USD,roc_momentum,buy,2026-01-03 22:41:00+00:00,2.494,0.25,2026-01-03 22:42:00+00:00,2.474,0.2479951884522855,10.024057738572573,-0.20048115477145165,-0.6984763432237371,-0.8019246190858066,0.016666666666666666,roc_reversal,2.494,-0.7955449482895616
2192,CVX-USD,roc_momentum,buy,2026-01-03 22:42:00+00:00,2.474,0.25,2026-01-03 22:43:00+00:00,2.459,0.2484842360549717,10.105092966855294,-0.15157639450283067,-0.6500606305578024,-0.6063055780113227,0.016666666666666666,roc_reversal,2.474,-1.198083067092648
2193,CVX-USD,roc_momentum,buy,2026-01-03 22:43:00+00:00,2.459,0.25,2026-01-03 22:44:00+00:00,2.465,0.25061000406669376,10.1667344448963,0.06100040666937559,-0.43960959739731814,0.24400162667750236,0.016666666666666666,roc_reversal,2.465,-1.5575079872204523
2194,CVX-USD,roc_momentum,buy,2026-01-03 22:44:00+00:00,2.465,0.25,2026-01-03 22:45:00+00:00,2.454,0.24888438133874244,10.141987829614605,-0.11156186612575737,-0.6104462474644998,-0.4462474645030295,0.016666666666666666,roc_reversal,2.465,-1.5575079872204523
2195,CVX-USD,roc_momentum,buy,2026-01-03 22:45:00+00:00,2.454,0.25,2026-01-03 22:46:00+00:00,2.462,0.2508149959250204,10.187449062754686,0.08149959250203756,-0.41931540342298285,0.32599837000815024,0.016666666666666666,roc_reversal,2.462,-1.2830793905372895
2196,CVX-USD,roc_momentum,buy,2026-01-03 22:46:00+00:00,2.462,0.25,2026-01-03 22:49:00+00:00,2.451,0.2488830219333875,10.154346060113728,-0.11169780666125223,-0.6105808285946397,-0.4467912266450089,0.05,roc_peak_drop,2.484,0.44733631557545284
2197,CVX-USD,roc_momentum,buy,2026-01-03 22:49:00+00:00,2.451,0.25,2026-01-03 22:50:00+00:00,2.451,0.25,10.199918400652795,0.0,-0.5,0.0,0.016666666666666666,roc_reversal,2.451,-0.12224938875305957
2198,CVX-USD,roc_momentum,buy,2026-01-03 22:50:00+00:00,2.451,0.25,2026-01-03 22:51:00+00:00,2.438,0.24867401060791514,10.199918400652795,-0.1325989392084853,-0.6312729498164005,-0.5303957568339412,0.016666666666666666,roc_reversal,2.451,-0.12224938875305957
2199,CVX-USD,roc_momentum,buy,2026-01-03 22:51:00+00:00,2.438,0.25,2026-01-03 22:52:00+00:00,2.475,0.25379409351927806,10.25430680885972,0.37940935192780884,-0.12438474159146924,1.5176374077112353,0.016666666666666666,roc_reversal,2.475,-0.36231884057970065
2200,CVX-USD,roc_momentum,buy,2026-01-03 22:52:00+00:00,2.475,0.25,2026-01-03 22:55:00+00:00,2.447,0.24717171717171718,10.1010101010101,-0.2828282828282831,-0.7800000000000002,-1.1313131313131324,0.05,roc_reversal,2.475,
2201,CVX-USD,roc_momentum,buy,2026-01-03 22:55:00+00:00,2.447,0.25,2026-01-03 22:57:00+00:00,2.447,0.25,10.21659174499387,0.0,-0.5,0.0,0.03333333333333333,roc_peak_drop,2.457,0.7793273174733217
2202,CVX-USD,roc_momentum,buy,2026-01-03 22:57:00+00:00,2.447,0.25,2026-01-03 22:58:00+00:00,2.447,0.25,10.21659174499387,0.0,-0.5,0.0,0.016666666666666666,roc_reversal,2.447,-0.9311740890688314
2203,CVX-USD,roc_momentum,buy,2026-01-03 22:58:00+00:00,2.447,0.25,2026-01-03 22:59:00+00:00,2.442,0.24948917041275032,10.21659174499387,-0.05108295872496826,-0.5505721291377186,-0.20433183489987303,0.016666666666666666,roc_reversal,2.447,-0.3671970624234966
2204,CVX-USD,roc_momentum,buy,2026-01-03 22:59:00+00:00,2.442,0.25,2026-01-03 23:01:00+00:00,2.445,0.2503071253071253,10.237510237510238,0.030712530712527327,-0.46959459459459796,0.12285012285010931,0.03333333333333333,roc_peak_drop,2.45,0.1225991009399241
2205,CVX-USD,roc_momentum,buy,2026-01-03 23:01:00+00:00,2.445,0.25,2026-01-03 23:02:00+00:00,2.445,0.25,10.224948875255624,0.0,-0.5,0.0,0.016666666666666666,roc_reversal,2.445,-0.0817327339599605
2206,CVX-USD,roc_momentum,buy,2026-01-03 23:02:00+00:00,2.445,0.25,2026-01-03 23:03:00+00:00,2.445,0.25,10.224948875255624,0.0,-0.5,0.0,0.016666666666666666,roc_reversal,2.445,-0.0817327339599605
2207,CVX-USD,roc_momentum,buy,2026-01-03 23:03:00+00:00,2.445,0.25,2026-01-03 23:04:00+00:00,2.415,0.24693251533742333,10.224948875255624,-0.3067484662576667,-0.80368098159509,-1.2269938650306669,0.016666666666666666,roc_reversal,2.445,-0.0817327339599605
2208,CVX-USD,roc_momentum,buy,2026-01-03 23:04:00+00:00,2.415,0.25,2026-01-03 23:05:00+00:00,2.416,0.25010351966873706,10.351966873706004,0.010351966873704864,-0.4897515527950322,0.04140786749481946,0.016666666666666666,roc_reversal,2.416,-1.1056511056511065
2209,CVX-USD,roc_momentum,buy,2026-01-03 23:05:00+00:00,2.416,0.25,2026-01-03 23:06:00+00:00,2.402,0.24855132450331127,10.347682119205299,-0.144867549668872,-0.6434188741721832,-0.579470198675488,0.016666666666666666,roc_reversal,2.416,-1.3877551020408219
2210,CVX-USD,roc_momentum,buy,2026-01-03 23:06:00+00:00,2.402,0.25,2026-01-03 23:07:00+00:00,2.401,0.24989592006661113,10.407993338884262,-0.010407993338887738,-0.5103039134054989,-0.04163197335555095,0.016666666666666666,roc_reversal,2.402,-1.7586912065439608
2211,CVX-USD,roc_momentum,buy,2026-01-03 23:07:00+00:00,2.401,0.25,2026-01-03 23:08:00+00:00,2.386,0.24843815077051232,10.412328196584758,-0.15618492294876804,-0.6546230737192803,-0.6247396917950722,0.016666666666666666,roc_reversal,2.401,-1.7995910020449868
2212,CVX-USD,roc_momentum,buy,2026-01-03 23:08:00+00:00,2.386,0.25,2026-01-03 23:09:00+00:00,2.4,0.2514668901927913,10.477787091366302,0.14668901927912603,-0.3547778709136652,0.5867560771165041,0.016666666666666666,roc_reversal,2.4,-0.6211180124223614
2213,CVX-USD,roc_momentum,buy,2026-01-03 23:09:00+00:00,2.4,0.25,2026-01-03 23:15:00+00:00,2.42,0.2520833333333333,10.416666666666668,0.20833333333333354,-0.2937499999999998,0.8333333333333341,0.1,roc_peak_drop,2.425,1.041666666666674
2214,CVX-USD,roc_momentum,buy,2026-01-03 23:15:00+00:00,2.42,0.25,2026-01-03 23:19:00+00:00,2.44,0.25206611570247933,10.330578512396695,0.20661157024793408,-0.29545454545454525,0.8264462809917363,0.06666666666666667,roc_peak_drop,2.456,1.9510170195101706
2215,CVX-USD,roc_momentum,buy,2026-01-03 23:19:00+00:00,2.44,0.25,2026-01-03 23:21:00+00:00,2.427,0.24866803278688526,10.245901639344263,-0.1331967213114744,-0.6318647540983596,-0.5327868852458976,0.03333333333333333,roc_peak_drop,2.44,0.7024793388429762
2216,CVX-USD,roc_momentum,buy,2026-01-03 23:21:00+00:00,2.427,0.25,2026-01-03 23:22:00+00:00,2.433,0.2506180469715698,10.300782859497321,0.0618046971569817,-0.43881334981458814,0.2472187886279268,0.016666666666666666,roc_reversal,2.433,-0.5314799672935577
2217,CVX-USD,roc_momentum,buy,2026-01-03 23:22:00+00:00,2.433,0.25,2026-01-03 23:23:00+00:00,2.418,0.24845869297163997,10.275380189066997,-0.15413070283600167,-0.6525893958076416,-0.6165228113440067,0.016666666666666666,roc_reversal,2.433,-0.5314799672935577
2218,CVX-USD,roc_momentum,buy,2026-01-03 23:23:00+00:00,2.418,0.25,2026-01-03 23:24:00+00:00,2.42,0.25020678246484696,10.339123242349048,0.02067824648469582,-0.47952853598015116,0.08271298593878328,0.016666666666666666,roc_reversal,2.42,-0.8196721311475419
2219,CVX-USD,roc_momentum,buy,2026-01-03 23:24:00+00:00,2.42,0.25,2026-01-03 23:25:00+00:00,2.423,0.2503099173553719,10.330578512396695,0.03099173553719126,-0.46931818181818064,0.12396694214876504,0.016666666666666666,roc_reversal,2.423,-0.5744768157570745
2220,CVX-USD,roc_momentum,buy,2026-01-03 23:25:00+00:00,2.423,0.25,2026-01-03 23:26:00+00:00,2.405,0.2481427981840693,10.317787866281469,-0.1857201815930689,-0.6838629797771382,-0.7428807263722756,0.016666666666666666,roc_reversal,2.423,-0.5744768157570745
2221,CVX-USD,roc_momentum,buy,2026-01-03 23:26:00+00:00,2.405,0.25,2026-01-03 23:27:00+00:00,2.405,0.25,10.395010395010395,0.0,-0.5,0.0,0.016666666666666666,roc_reversal,2.405,-0.9064688916357699
2222,CVX-USD,roc_momentum,buy,2026-01-03 23:27:00+00:00,2.405,0.25,2026-01-03 23:28:00+00:00,2.408,0.2503118503118503,10.395010395010395,0.03118503118503237,-0.469126819126818,0.12474012474012948,0.016666666666666666,roc_reversal,2.408,-0.41356492969397696
2223,CVX-USD,roc_momentum,buy,2026-01-03 23:28:00+00:00,2.408,0.25,2026-01-03 23:29:00+00:00,2.405,0.24968853820598005,10.382059800664452,-0.031146179401994538,-0.5308347176079746,-0.12458471760797815,0.016666666666666666,roc_reversal,2.408,-0.41356492969397696
2224,CVX-USD,roc_momentum,buy,2026-01-03 23:29:00+00:00,2.405,0.25,2026-01-03 23:30:00+00:00,2.41,0.25051975051975056,10.395010395010395,0.05197505197505549,-0.4485446985446951,0.20790020790022196,0.016666666666666666,roc_reversal,2.41,-0.5365249690466367
2225,CVX-USD,roc_momentum,buy,2026-01-03 23:30:00+00:00,2.41,0.25,2026-01-03 23:32:00+00:00,2.398,0.2487551867219917,10.373443983402488,-0.12448132780082997,-0.6232365145228217,-0.4979253112033199,0.03333333333333333,roc_peak_drop,2.41,0.041580041580058236
2226,CVX-USD,roc_momentum,buy,2026-01-03 23:32:00+00:00,2.398,0.25,2026-01-03 23:33:00+00:00,2.395,0.24968723936613843,10.42535446205171,-0.031276063386156315,-0.5309633027522948,-0.12510425354462526,0.016666666666666666,roc_reversal,2.398,-0.2910602910602744
2227,CVX-USD,roc_momentum,buy,2026-01-03 23:33:00+00:00,2.395,0.25,2026-01-03 23:34:00+00:00,2.395,0.25,10.438413361169102,0.0,-0.5,0.0,0.016666666666666666,roc_reversal,2.395,-0.4158004158004047
2228,CVX-USD,roc_momentum,buy,2026-01-03 23:34:00+00:00,2.395,0.25,2026-01-03 23:35:00+00:00,2.394,0.2498956158663883,10.438413361169102,-0.010438413361167952,-0.5103340292275562,-0.04175365344467181,0.016666666666666666,roc_reversal,2.395,-0.4158004158004047
2229,CVX-USD,roc_momentum,buy,2026-01-03 23:35:00+00:00,2.394,0.25,2026-01-03 23:36:00+00:00,2.396,0.2502088554720133,10.442773600668337,0.020885547201334374,-0.479323308270679,0.0835421888053375,0.016666666666666666,roc_reversal,2.396,-0.4156275976724966
2230,CVX-USD,roc_momentum,buy,2026-01-03 23:36:00+00:00,2.396,0.25,2026-01-03 23:37:00+00:00,2.385,0.2488522537562604,10.434056761268781,-0.11477462437395786,-0.6136268781302183,-0.4590984974958314,0.016666666666666666,roc_reversal,2.396,-0.4156275976724966
2231,CVX-USD,roc_momentum,buy,2026-01-03 23:37:00+00:00,2.385,0.25,2026-01-03 23:38:00+00:00,2.376,0.2490566037735849,10.482180293501049,-0.09433962264150836,-0.5933962264150933,-0.37735849056603343,0.016666666666666666,roc_reversal,2.385,-0.5421184320267058
2232,CVX-USD,roc_momentum,buy,2026-01-03 23:38:00+00:00,2.376,0.25,2026-01-03 23:39:00+00:00,2.369,0.24926346801346805,10.521885521885523,-0.07365319865319522,-0.5729166666666633,-0.2946127946127809,0.016666666666666666,roc_reversal,2.376,-0.7933194154488565
2233,CVX-USD,roc_momentum,buy,2026-01-03 23:39:00+00:00,2.369,0.25,2026-01-03 23:40:00+00:00,2.372,0.2503165892781764,10.552975939214857,0.03165892781764108,-0.46865766146053534,0.12663571127056433,0.016666666666666666,roc_reversal,2.372,-0.9189640768588192
2234,CVX-USD,roc_momentum,buy,2026-01-03 23:40:00+00:00,2.372,0.25,2026-01-03 23:41:00+00:00,2.364,0.24915682967959527,10.539629005059023,-0.08431703204047225,-0.5834738617200675,-0.337268128161889,0.016666666666666666,roc_reversal,2.372,-0.9189640768588192
2235,CVX-USD,roc_momentum,buy,2026-01-03 23:41:00+00:00,2.364,0.25,2026-01-03 23:42:00+00:00,2.369,0.2505287648054146,10.575296108291033,0.052876480541458735,-0.44765228426395587,0.21150592216583494,0.016666666666666666,roc_reversal,2.369,-0.6708595387840521
2236,CVX-USD,roc_momentum,buy,2026-01-03 23:43:00+00:00,2.386,0.25,2026-01-03 23:45:00+00:00,2.395,0.25094300083822296,10.477787091366302,0.09430008382229564,-0.4066429170159273,0.37720033528918256,0.03333333333333333,roc_peak_drop,2.402,1.3929928239763578
2237,CVX-USD,roc_momentum,buy,2026-01-03 23:45:00+00:00,2.395,0.25,2026-01-03 23:48:00+00:00,2.405,0.2510438413361169,10.438413361169102,0.1043841336116888,-0.3966597077244281,0.4175365344467552,0.05,roc_peak_drop,2.405,1.6920473773265776
2238,EDGE-USD,roc_momentum,buy,2026-01-04 01:09:00+00:00,0.17501,0.25,2026-01-04 01:10:00+00:00,0.17171,0.2452859836580767,142.8489800582824,-0.4714016341923315,-0.9666876178504081,-1.885606536769326,0.016666666666666666,roc_reversal,0.17501,-0.8217159696248477
2239,CVX-USD,roc_momentum,buy,2026-01-04 00:57:00+00:00,2.405,0.25,2026-01-04 01:11:00+00:00,2.448,0.2544698544698545,10.395010395010395,0.44698544698544856,-0.05748440748440591,1.7879417879417943,0.23333333333333334,roc_peak_drop,2.457,2.1621621621621623
2240,EDGE-USD,roc_momentum,buy,2026-01-04 01:10:00+00:00,0.17171,0.25,2026-01-04 01:11:00+00:00,0.173,0.2518781666763729,145.59431599790344,0.18781666763729335,-0.3140614990390796,0.7512666705491734,0.016666666666666666,roc_reversal,0.173,-2.270929838436353
2241,CVX-USD,roc_momentum,buy,2026-01-04 01:11:00+00:00,2.448,0.25,2026-01-04 01:12:00+00:00,2.446,0.24979575163398696,10.212418300653596,-0.02042483660130494,-0.5202205882352919,-0.08169934640521977,0.016666666666666666,roc_peak_drop,2.448,0.3278688524590123
2242,EDGE-USD,roc_momentum,buy,2026-01-04 01:11:00+00:00,0.173,0.25,2026-01-04 01:12:00+00:00,0.173,0.25,144.50867052023122,0.0,-0.5,0.0,0.016666666666666666,roc_reversal,0.173,-2.270929838436353
2243,EDGE-USD,roc_momentum,buy,2026-01-04 01:12:00+00:00,0.173,0.25,2026-01-04 01:13:00+00:00,0.173,0.25,144.50867052023122,0.0,-0.5,0.0,0.016666666666666666,roc_reversal,0.173,-2.3977433004231385
2244,CVX-USD,roc_momentum,buy,2026-01-04 01:12:00+00:00,2.446,0.25,2026-01-04 01:14:00+00:00,2.448,0.25020441537203597,10.220768601798854,0.02044153720359546,-0.4797628781684405,0.08176614881438184,0.03333333333333333,roc_peak_drop,2.448,0.16380016380015405
2245,EDGE-USD,roc_momentum,buy,2026-01-04 01:13:00+00:00,0.173,0.25,2026-01-04 01:14:00+00:00,0.17215,0.24877167630057806,144.50867052023122,-0.12283236994219504,-0.6216040462427731,-0.49132947976878016,0.016666666666666666,roc_reversal,0.173,-1.6341923318667462
2246,CVX-USD,roc_momentum,buy,2026-01-04 01:14:00+00:00,2.448,0.25,2026-01-04 01:16:00+00:00,2.433,0.24846813725490194,10.212418300653596,-0.15318627450980518,-0.6516544117647072,-0.6127450980392207,0.03333333333333333,roc_peak_drop,2.455,0.28594771241829964
2247,EDGE-USD,roc_momentum,buy,2026-01-04 01:14:00+00:00,0.17215,0.25,2026-01-04 01:16:00+00:00,0.172,0.24978216671507406,145.22218995062445,-0.0217833284925953,-0.5215654952076694,-0.0871333139703812,0.03333333333333333,roc_peak_drop,0.17219,0.2795410867159731
2248,CVX-USD,roc_momentum,buy,2026-01-04 01:16:00+00:00,2.433,0.25,2026-01-04 01:17:00+00:00,2.433,0.25,10.275380189066997,0.0,-0.5,0.0,0.016666666666666666,roc_reversal,2.433,-0.5314799672935577
2249,EDGE-USD,roc_momentum,buy,2026-01-04 01:16:00+00:00,0.172,0.25,2026-01-04 01:17:00+00:00,0.171,0.248546511627907,145.34883720930233,-0.14534883720929842,-0.6438953488372055,-0.5813953488371937,0.016666666666666666,roc_reversal,0.172,-0.5780346820809301
2250,CVX-USD,roc_momentum,buy,2026-01-04 01:17:00+00:00,2.433,0.25,2026-01-04 01:18:00+00:00,2.419,0.24856144677353065,10.275380189066997,-0.1438553226469358,-0.6424167694204664,-0.5754212905877432,0.016666666666666666,roc_reversal,2.433,-0.5314799672935577
2251,EDGE-USD,roc_momentum,buy,2026-01-04 01:17:00+00:00,0.171,0.25,2026-01-04 01:18:00+00:00,0.1716,0.25087719298245614,146.1988304093567,0.08771929824561249,-0.41315789473684367,0.35087719298244996,0.016666666666666666,roc_reversal,0.1716,-0.8092485549132888
2252,CVX-USD,roc_momentum,buy,2026-01-04 01:18:00+00:00,2.419,0.25,2026-01-04 01:19:00+00:00,2.413,0.2493799090533278,10.334849111202976,-0.06200909466722021,-0.561389003720548,-0.24803637866888084,0.016666666666666666,roc_reversal,2.419,-1.1038430089942763
2253,EDGE-USD,roc_momentum,buy,2026-01-04 01:18:00+00:00,0.1716,0.25,2026-01-04 01:19:00+00:00,0.172,0.25058275058275054,145.6876456876457,0.0582750582750559,-0.4423076923076947,0.2331002331002236,0.016666666666666666,roc_reversal,0.172,-0.08713331397037782
2254,CVX-USD,roc_momentum,buy,2026-01-04 01:19:00+00:00,2.413,0.25,2026-01-04 01:20:00+00:00,2.428,0.25155408205553254,10.360547036883549,0.15540820555325452,-0.346145876502278,0.6216328222130181,0.016666666666666666,roc_reversal,2.428,-1.0997963340122263
2255,EDGE-USD,roc_momentum,buy,2026-01-04 01:19:00+00:00,0.172,0.25,2026-01-04 01:20:00+00:00,0.17172,0.24959302325581398,145.34883720930233,-0.040697674418600976,-0.540290697674415,-0.1627906976744039,0.016666666666666666,roc_reversal,0.172,-0.08713331397037782
2256,CVX-USD,roc_momentum,buy,2026-01-04 01:20:00+00:00,2.428,0.25,2026-01-04 01:21:00+00:00,2.428,0.25,10.296540362438222,0.0,-0.5,0.0,0.016666666666666666,roc_reversal,2.428,-0.2055076037813408
2257,EDGE-USD,roc_momentum,buy,2026-01-04 01:20:00+00:00,0.17172,0.25,2026-01-04 01:21:00+00:00,0.17121,0.24925751222921033,145.58583740973677,-0.07424877707896728,-0.5735062893081776,-0.2969951083158691,0.016666666666666666,roc_reversal,0.17172,-0.27295429467448784
2258,EDGE-USD,roc_momentum,buy,2026-01-04 01:21:00+00:00,0.17121,0.25,2026-01-04 01:23:00+00:00,0.1713,0.25013141755738566,146.01950820629636,0.013141755738567656,-0.48698966181881803,0.052567022954270626,0.03333333333333333,roc_peak_drop,0.1713,0.15204678362572555
2259,EDGE-USD,roc_momentum,buy,2026-01-04 01:23:00+00:00,0.1713,0.25,2026-01-04 01:24:00+00:00,0.17128,0.24997081144191474,145.94279042615295,-0.002918855808525978,-0.5028896672504407,-0.011675423234103912,0.016666666666666666,roc_reversal,0.1713,-0.17482517482517723
2260,CVX-USD,roc_momentum,buy,2026-01-04 01:21:00+00:00,2.428,0.25,2026-01-04 01:25:00+00:00,2.441,0.25133855024711693,10.296540362438222,0.13385502471169586,-0.36748352553542113,0.5354200988467834,0.06666666666666667,roc_peak_drop,2.441,0.9117281392457599
2261,EDGE-USD,roc_momentum,buy,2026-01-04 01:24:00+00:00,0.17128,0.25,2026-01-04 01:25:00+00:00,0.17127,0.2499854040168146,145.95983185427372,-0.0014595983185401458,-0.5014450023353547,-0.005838393274160583,0.016666666666666666,roc_reversal,0.17128,-0.262054507337528
2262,CVX-USD,roc_momentum,buy,2026-01-04 01:25:00+00:00,2.441,0.25,2026-01-04 01:27:00+00:00,2.442,0.2501024170421959,10.24170421958214,0.010241704219585559,-0.4898607128226103,0.040966816878342235,0.03333333333333333,roc_peak_drop,2.442,0.5354200988467728
2263,EDGE-USD,roc_momentum,buy,2026-01-04 01:25:00+00:00,0.17127,0.25,2026-01-04 01:28:00+00:00,0.1742,0.2542768727739826,145.9683540608396,0.4276872773982583,-0.07658959537572427,1.7107491095930332,0.05,roc_peak_drop,0.17564,2.557514889641488
2264,CVX-USD,roc_momentum,buy,2026-01-04 01:27:00+00:00,2.442,0.25,2026-01-04 01:30:00+00:00,2.446,0.2504095004095004,10.237510237510238,0.04095004095004098,-0.45945945945945943,0.16380016380016393,0.05,roc_peak_drop,2.449,0.5749486652977254
2265,EDGE-USD,roc_momentum,buy,2026-01-04 01:28:00+00:00,0.1742,0.25,2026-01-04 01:30:00+00:00,0.1751,0.2512916188289323,143.51320321469575,0.1291618828932279,-0.37212973593570436,0.5166475315729115,0.03333333333333333,roc_peak_drop,0.17739,3.567258290518449
2266,EDGE-USD,roc_momentum,buy,2026-01-04 01:30:00+00:00,0.1751,0.25,2026-01-04 01:31:00+00:00,0.17666,0.2522272986864649,142.7755568246716,0.22272986864648855,-0.27949743003997635,0.8909194745859542,0.016666666666666666,roc_peak_drop,0.17666,2.2362351842120542
2267,CVX-USD,roc_momentum,buy,2026-01-04 01:30:00+00:00,2.446,0.25,2026-01-04 01:32:00+00:00,2.443,0.24969337694194602,10.220768601798854,-0.030662305805397725,-0.5303556827473438,-0.1226492232215909,0.03333333333333333,roc_peak_drop,2.446,0.2048340843916474
2268,EDGE-USD,roc_momentum,buy,2026-01-04 01:31:00+00:00,0.17666,0.25,2026-01-04 01:32:00+00:00,0.17469,0.24721215894939433,141.51477414242046,-0.2787841050605682,-0.7759962640099626,-1.1151364202422729,0.016666666666666666,roc_peak_drop,0.17666,0.948571428571432
2269,EDGE-USD,roc_momentum,buy,2026-01-04 01:32:00+00:00,0.17469,0.25,2026-01-04 01:33:00+00:00,0.1739,0.24886942584005953,143.110653157021,-0.11305741599404844,-0.611926841834108,-0.45222966397619374,0.016666666666666666,roc_reversal,0.17469,-0.1722158438576371
2270,CVX-USD,roc_momentum,buy,2026-01-04 01:32:00+00:00,2.443,0.25,2026-01-04 01:34:00+00:00,2.441,0.24979533360622183,10.23331968890708,-0.020466639377816453,-0.5202619729840383,-0.08186655751126581,0.03333333333333333,roc_peak_drop,2.443,0.04095004095003851
2271,EDGE-USD,roc_momentum,buy,2026-01-04 01:33:00+00:00,0.1739,0.25,2026-01-04 01:34:00+00:00,0.17293,0.24860552041403106,143.7607820586544,-0.13944795859689457,-0.6380534790109256,-0.5577918343875783,0.016666666666666666,roc_reversal,0.1739,-0.1722158438576371
2272,EDGE-USD,roc_momentum,buy,2026-01-04 01:34:00+00:00,0.17293,0.25,2026-01-04 01:35:00+00:00,0.17485,0.2527756895853814,144.56716590527958,0.27756895853813757,-0.22520673104724384,1.1102758341525503,0.016666666666666666,roc_reversal,0.17485,-0.14277555682467025
2273,EDGE-USD,roc_momentum,buy,2026-01-04 01:35:00+00:00,0.17485,0.25,2026-01-04 01:36:00+00:00,0.17604,0.2517014583929082,142.9796968830426,0.17014583929082022,-0.331555619102088,0.6805833571632809,0.016666666666666666,roc_reversal,0.17604,-0.14277555682467025
2274,CVX-USD,roc_momentum,buy,2026-01-04 01:36:00+00:00,2.407,0.25,2026-01-04 01:37:00+00:00,2.404,0.24968840880764437,10.38637307852098,-0.031159119235564123,-0.5308475280432084,-0.12463647694225649,0.016666666666666666,roc_reversal,2.407,-1.5944399018806288
2275,EDGE-USD,roc_momentum,buy,2026-01-04 01:36:00+00:00,0.17604,0.25,2026-01-04 01:37:00+00:00,0.17454,0.24786980231765507,142.01317882299477,-0.21301976823449234,-0.7108895705521474,-0.8520790729379694,0.016666666666666666,roc_reversal,0.17604,-0.08586639189421819
2276,CVX-USD,roc_momentum,buy,2026-01-04 01:37:00+00:00,2.404,0.25,2026-01-04 01:38:00+00:00,2.411,0.2507279534109817,10.399334442595674,0.07279534109817094,-0.42793261231281077,0.2911813643926838,0.016666666666666666,roc_reversal,2.411,-1.3098649201801038
2277,CVX-USD,roc_momentum,buy,2026-01-04 01:38:00+00:00,2.411,0.25,2026-01-04 01:39:00+00:00,2.406,0.24948154292824556,10.369141435089174,-0.05184570717544477,-0.5513272501036903,-0.20738282870177907,0.016666666666666666,roc_reversal,2.411,-1.3098649201801038
2278,EDGE-USD,roc_momentum,buy,2026-01-04 01:37:00+00:00,0.17454,0.25,2026-01-04 01:40:00+00:00,0.17396,0.2491692448722356,143.2336427180016,-0.08307551277644053,-0.5822447576486761,-0.3323020511057621,0.05,roc_peak_drop,0.17603,1.7926328572254624
2279,CVX-USD,roc_momentum,buy,2026-01-04 01:39:00+00:00,2.406,0.25,2026-01-04 01:40:00+00:00,2.402,0.2495843724023275,10.390689941812136,-0.04156275976724858,-0.5411471321695761,-0.16625103906899433,0.016666666666666666,roc_reversal,2.406,-0.8257638315441795
2280,CVX-USD,roc_momentum,buy,2026-01-04 01:40:00+00:00,2.402,0.25,2026-01-04 01:41:00+00:00,2.402,0.25,10.407993338884262,0.0,-0.5,0.0,0.016666666666666666,roc_reversal,2.402,-0.20772746157041722
2281,EDGE-USD,roc_momentum,buy,2026-01-04 01:40:00+00:00,0.17396,0.25,2026-01-04 01:41:00+00:00,0.17345,0.2492670728903196,143.71119797654632,-0.07329271096804013,-0.5725597838583597,-0.2931708438721605,0.016666666666666666,roc_reversal,0.17396,-0.5090077209036314
2282,CVX-USD,roc_momentum,buy,2026-01-04 01:41:00+00:00,2.402,0.25,2026-01-04 01:42:00+00:00,2.4,0.24979184013322228,10.407993338884262,-0.020815986677770855,-0.5206078268109932,-0.08326394671108342,0.016666666666666666,roc_reversal,2.402,-0.16638935108153063
2283,EDGE-USD,roc_momentum,buy,2026-01-04 01:41:00+00:00,0.17345,0.25,2026-01-04 01:42:00+00:00,0.173,0.24935139809743442,144.13375612568464,-0.06486019025655895,-0.5642115883539933,-0.2594407610262358,0.016666666666666666,roc_reversal,0.17345,-0.8823192391428925
2284,CVX-USD,roc_momentum,buy,2026-01-04 01:42:00+00:00,2.4,0.25,2026-01-04 01:43:00+00:00,2.4,0.25,10.416666666666668,0.0,-0.5,0.0,0.016666666666666666,roc_reversal,2.4,-0.16638935108153063
2285,EDGE-USD,roc_momentum,buy,2026-01-04 01:42:00+00:00,0.173,0.25,2026-01-04 01:43:00+00:00,0.17281,0.24972543352601156,144.50867052023122,-0.027456647398843317,-0.5271820809248549,-0.10982658959537327,0.016666666666666666,roc_reversal,0.173,-0.8823192391428925
2286,CVX-USD,roc_momentum,buy,2026-01-04 01:43:00+00:00,2.4,0.25,2026-01-04 01:44:00+00:00,2.388,0.24875,10.416666666666668,-0.1250000000000001,-0.6237500000000001,-0.5000000000000004,0.016666666666666666,roc_reversal,2.4,-0.45624222314393226
2287,EDGE-USD,roc_momentum,buy,2026-01-04 01:43:00+00:00,0.17281,0.25,2026-01-04 01:44:00+00:00,0.17261,0.24971066489207805,144.66755396099762,-0.02893351079219634,-0.5286441756842744,-0.11573404316878536,0.016666666666666666,roc_reversal,0.17281,-1.829233653354545
2288,EDGE-USD,roc_momentum,buy,2026-01-04 01:44:00+00:00,0.17261,0.25,2026-01-04 01:45:00+00:00,0.17228,0.2495220439140258,144.8351775679277,-0.047795608597419714,-0.5473176525114455,-0.19118243438967886,0.016666666666666666,roc_reversal,0.17261,-0.9657392504023976
2289,EDGE-USD,roc_momentum,buy,2026-01-04 01:45:00+00:00,0.17228,0.25,2026-01-04 01:46:00+00:00,0.17228,0.25,145.11260738332948,0.0,-0.5,0.0,0.016666666666666666,roc_reversal,0.17228,-0.6745459786682062
2290,EDGE-USD,roc_momentum,buy,2026-01-04 01:46:00+00:00,0.17228,0.25,2026-01-04 01:47:00+00:00,0.17173,0.2492018806593917,145.11260738332948,-0.07981193406083048,-0.5790138147202222,-0.3192477362433219,0.016666666666666666,roc_reversal,0.17228,-0.6745459786682062
2291,EDGE-USD,roc_momentum,buy,2026-01-04 01:47:00+00:00,0.17173,0.25,2026-01-04 01:48:00+00:00,0.172,0.2503930588714843,145.5773598090025,0.03930588714842958,-0.4610871717230547,0.15722354859371832,0.016666666666666666,roc_reversal,0.172,-0.46872287483363806
2292,EDGE-USD,roc_momentum,buy,2026-01-04 01:48:00+00:00,0.172,0.25,2026-01-04 01:49:00+00:00,0.17231,0.25045058139534887,145.34883720930233,0.04505813953488441,-0.45539244186046446,0.18023255813953765,0.016666666666666666,roc_reversal,0.17231,-0.17380221308153088
2293,CVX-USD,roc_momentum,buy,2026-01-04 01:44:00+00:00,2.388,0.25,2026-01-04 01:50:00+00:00,2.395,0.2507328308207705,10.469011725293132,0.07328308207705315,-0.4274497487437174,0.2931323283082126,0.1,roc_peak_drop,2.41,0.9212730318258089
2294,EDGE-USD,roc_momentum,buy,2026-01-04 01:49:00+00:00,0.17231,0.25,2026-01-04 01:51:00+00:00,0.17133,0.24857814404271375,145.0873425802333,-0.14218559572862588,-0.6407637397713396,-0.5687423829145035,0.03333333333333333,roc_peak_drop,0.17232,0.02321801718134786
2295,CVX-USD,roc_momentum,buy,2026-01-04 01:50:00+00:00,2.395,0.25,2026-01-04 01:51:00+00:00,2.404,0.2509394572025052,10.438413361169102,0.09394572025052085,-0.4069937369519844,0.3757828810020834,0.016666666666666666,roc_reversal,2.404,-0.20755500207554345
2296,CVX-USD,roc_momentum,buy,2026-01-04 01:51:00+00:00,2.404,0.25,2026-01-04 01:52:00+00:00,2.404,0.25,10.399334442595674,0.0,-0.5,0.0,0.016666666666666666,roc_reversal,2.404,-0.20755500207554345
2297,EDGE-USD,roc_momentum,buy,2026-01-04 01:51:00+00:00,0.17133,0.25,2026-01-04 01:52:00+00:00,0.17137,0.25005836689429756,145.91723574388607,0.005836689429753179,-0.4942216774645444,0.023346757719012717,0.016666666666666666,roc_reversal,0.17137,-0.20963139812496534
2298,CVX-USD,roc_momentum,buy,2026-01-04 01:52:00+00:00,2.404,0.25,2026-01-04 01:53:00+00:00,2.4,0.24958402662229617,10.399334442595674,-0.041597337770382735,-0.5411813643926789,-0.16638935108153094,0.016666666666666666,roc_reversal,2.404,-0.20755500207554345
2299,EDGE-USD,roc_momentum,buy,2026-01-04 01:52:00+00:00,0.17137,0.25,2026-01-04 01:53:00+00:00,0.1717,0.25048141448328176,145.88317675205695,0.048141448328178356,-0.4523399661551034,0.19256579331271342,0.016666666666666666,roc_reversal,0.1717,-0.17441860465116088
2300,CVX-USD,roc_momentum,buy,2026-01-04 01:53:00+00:00,2.4,0.25,2026-01-04 01:54:00+00:00,2.402,0.25020833333333337,10.416666666666668,0.020833333333335667,-0.47937499999999766,0.08333333333334267,0.016666666666666666,roc_reversal,2.402,-0.3319502074688785
2301,EDGE-USD,roc_momentum,buy,2026-01-04 01:53:00+00:00,0.1717,0.25,2026-01-04 01:54:00+00:00,0.17074,0.24860221316249273,145.60279557367502,-0.13977868375072636,-0.6383808969132191,-0.5591147350029054,0.016666666666666666,roc_reversal,0.1717,-0.17441860465116088
2302,EDGE-USD,roc_momentum,buy,2026-01-04 01:54:00+00:00,0.17074,0.25,2026-01-04 01:55:00+00:00,0.17097,0.25033676935691695,146.42145952910857,0.03367693569169614,-0.46665983366522085,0.13470774276678457,0.016666666666666666,roc_reversal,0.17097,-0.7834261838440049
2303,CVX-USD,roc_momentum,buy,2026-01-04 01:54:00+00:00,2.402,0.25,2026-01-04 01:56:00+00:00,2.407,0.2505203996669442,10.407993338884262,0.0520399666944202,-0.448480432972524,0.2081598667776808,0.03333333333333333,roc_peak_drop,2.407,0.45929018789143683
2304,EDGE-USD,roc_momentum,buy,2026-01-04 01:55:00+00:00,0.17097,0.25,2026-01-04 01:56:00+00:00,0.17111,0.2502047142773586,146.22448382757207,0.020471427735860272,-0.4797332865414983,0.08188571094344109,0.016666666666666666,roc_reversal,0.17111,-0.1284071674546139
2305,EDGE-USD,roc_momentum,buy,2026-01-04 01:56:00+00:00,0.17111,0.25,2026-01-04 01:57:00+00:00,0.17104,0.2498977266086143,146.10484483665476,-0.010227339138567952,-0.5101250657471823,-0.04090935655427181,0.016666666666666666,roc_reversal,0.17111,-0.1284071674546139
2306,EDGE-USD,roc_momentum,buy,2026-01-04 01:57:00+00:00,0.17104,0.25,2026-01-04 01:58:00+00:00,0.1712,0.2502338634237605,146.1646398503274,0.023386342376051434,-0.47684752104770906,0.09354536950420574,0.016666666666666666,roc_reversal,0.1712,-0.19256579331271562
2307,CVX-USD,roc_momentum,buy,2026-01-04 01:56:00+00:00,2.407,0.25,2026-01-04 02:01:00+00:00,2.416,0.2509347735770669,10.38637307852098,0.09347735770668775,-0.40745741587037915,0.373909430826751,0.08333333333333333,roc_peak_drop,2.42,0.5818786367414619
2308,EDGE-USD,roc_momentum,buy,2026-01-04 01:58:00+00:00,0.1712,0.25,2026-01-04 02:03:00+00:00,0.17221,0.2514748831775701,146.02803738317758,0.14748831775701093,-0.3539865654205592,0.5899532710280437,0.08333333333333333,roc_peak_drop,0.174,1.6889720063117064
2309,EDGE-USD,roc_momentum,buy,2026-01-04 02:03:00+00:00,0.17221,0.25,2026-01-04 02:04:00+00:00,0.1717,0.24925962487660414,145.17159282271646,-0.0740375123395869,-0.573297137216191,-0.2961500493583476,0.016666666666666666,roc_peak_drop,0.17221,0.5899532710280431
2310,CVX-USD,roc_momentum,buy,2026-01-04 02:01:00+00:00,2.416,0.25,2026-01-04 02:05:00+00:00,2.428,0.25124172185430466,10.347682119205299,0.1241721854304637,-0.37706953642384095,0.4966887417218548,0.06666666666666667,roc_peak_drop,2.442,1.327800829875514
2311,EDGE-USD,roc_momentum,buy,2026-01-04 02:04:00+00:00,0.1717,0.25,2026-01-04 02:05:00+00:00,0.1706,0.24839836924868958,145.60279557367502,-0.16016307513104105,-0.6585614443797306,-0.6406523005241642,0.016666666666666666,roc_reversal,0.1717,-0.7514450867052047
2312,EDGE-USD,roc_momentum,buy,2026-01-04 02:05:00+00:00,0.1706,0.25,2026-01-04 02:06:00+00:00,0.1697,0.24868112543962484,146.54161781946073,-0.1318874560375164,-0.6305685814771412,-0.5275498241500656,0.016666666666666666,roc_reversal,0.1706,-1.3872832369942079
2313,CVX-USD,roc_momentum,buy,2026-01-04 02:05:00+00:00,2.428,0.25,2026-01-04 02:07:00+00:00,2.44,0.25123558484349257,10.296540362438222,0.12355848434925876,-0.3776771004942338,0.49423393739703503,0.03333333333333333,roc_peak_drop,2.441,1.0347682119205226
2314,EDGE-USD,roc_momentum,buy,2026-01-04 02:06:00+00:00,0.1697,0.25,2026-01-04 02:07:00+00:00,0.17133,0.25240129640542136,147.31879787860933,0.24012964054213617,-0.26227165586328516,0.9605185621685447,0.016666666666666666,roc_reversal,0.17133,-1.011093136122021
2315,CVX-USD,roc_momentum,buy,2026-01-04 02:07:00+00:00,2.44,0.25,2026-01-04 02:08:00+00:00,2.433,0.24928278688524588,10.245901639344263,-0.07172131147541104,-0.5710040983606569,-0.28688524590164416,0.016666666666666666,roc_peak_drop,2.44,0.2053388090349051
2316,EDGE-USD,roc_momentum,buy,2026-01-04 02:07:00+00:00,0.17133,0.25,2026-01-04 02:08:00+00:00,0.16913,0.2467898208136345,145.91723574388607,-0.32101791863655044,-0.8178077394501849,-1.2840716745462017,0.016666666666666666,roc_reversal,0.17133,-1.011093136122021
2317,CVX-USD,roc_momentum,buy,2026-01-04 02:08:00+00:00,2.433,0.25,2026-01-04 02:09:00+00:00,2.422,0.24886970817920268,10.275380189066997,-0.11302918207973364,-0.6118988902589363,-0.45211672831893457,0.016666666666666666,roc_reversal,2.433,-0.0821355236139687
2318,EDGE-USD,roc_momentum,buy,2026-01-04 02:08:00+00:00,0.16913,0.25,2026-01-04 02:09:00+00:00,0.1676,0.24773842606279192,147.815290013599,-0.226157393720807,-0.723895819783599,-0.904629574883228,0.016666666666666666,roc_reversal,0.16913,-1.7885140235758712
2319,EDGE-USD,roc_momentum,buy,2026-01-04 02:09:00+00:00,0.1676,0.25,2026-01-04 02:10:00+00:00,0.16847,0.25129773269689737,149.16467780429593,0.1297732696897389,-0.37152446300715847,0.5190930787589556,0.016666666666666666,roc_reversal,0.16847,-1.2485345838218032
2320,EDGE-USD,roc_momentum,buy,2026-01-04 02:10:00+00:00,0.16847,0.25,2026-01-04 02:11:00+00:00,0.16773,0.24890188164064816,148.3943728853802,-0.10981183593518407,-0.6087137175758323,-0.43924734374073626,0.016666666666666666,roc_reversal,0.16847,-1.160872127283441
2321,EDGE-USD,roc_momentum,buy,2026-01-04 02:11:00+00:00,0.16773,0.25,2026-01-04 02:12:00+00:00,0.16773,0.25,149.0490669528409,0.0,-0.5,0.0,0.016666666666666666,roc_reversal,0.16773,-1.160872127283441
2322,EDGE-USD,roc_momentum,buy,2026-01-04 02:12:00+00:00,0.16773,0.25,2026-01-04 02:13:00+00:00,0.1682,0.25070053061467834,149.0490669528409,0.07005306146783495,-0.4306474691468434,0.2802122458713398,0.016666666666666666,roc_reversal,0.1682,-0.5498728788505991
2323,EDGE-USD,roc_momentum,buy,2026-01-04 02:13:00+00:00,0.1682,0.25,2026-01-04 02:15:00+00:00,0.1682,0.25,148.63258026159335,0.0,-0.5,0.0,0.03333333333333333,roc_peak_drop,0.1682,0.35799522673030104
2324,EDGE-USD,roc_momentum,buy,2026-01-04 02:15:00+00:00,0.1682,0.25,2026-01-04 02:19:00+00:00,0.16828,0.25011890606420933,148.63258026159335,0.01189060642093111,-0.4882282996432782,0.04756242568372444,0.06666666666666667,roc_peak_drop,0.1697,0.8917954815695683
2325,EDGE-USD,roc_momentum,buy,2026-01-04 02:19:00+00:00,0.16828,0.25,2026-01-04 02:23:00+00:00,0.16839,0.25016341811266934,148.5619206085096,0.01634181126693591,-0.48382160684573344,0.06536724506774363,0.06666666666666667,roc_peak_drop,0.16839,0.1129607609988259
2326,EDGE-USD,roc_momentum,buy,2026-01-04 02:23:00+00:00,0.16839,0.25,2026-01-04 02:25:00+00:00,0.16752,0.2487083556030643,148.46487321099826,-0.12916443969356992,-0.6278727952966342,-0.5166577587742797,0.03333333333333333,roc_peak_drop,0.1684,0.07130972189206553
2327,EDGE-USD,roc_momentum,buy,2026-01-04 02:25:00+00:00,0.16752,0.25,2026-01-04 02:26:00+00:00,0.16752,0.25,149.23591212989493,0.0,-0.5,0.0,0.016666666666666666,roc_reversal,0.16752,-0.4457122481725806
2328,EDGE-USD,roc_momentum,buy,2026-01-04 02:26:00+00:00,0.16752,0.25,2026-01-04 02:27:00+00:00,0.16798,0.2506864851957975,149.23591212989493,0.0686485195797499,-0.43203796561604757,0.2745940783189996,0.016666666666666666,roc_reversal,0.16798,-0.24348239206605227
2329,EDGE-USD,roc_momentum,buy,2026-01-04 02:27:00+00:00,0.16798,0.25,2026-01-04 02:28:00+00:00,0.16798,0.25,148.82724133825457,0.0,-0.5,0.0,0.016666666666666666,roc_reversal,0.16798,-0.24348239206605227
2330,EDGE-USD,roc_momentum,buy,2026-01-04 02:28:00+00:00,0.16798,0.25,2026-01-04 02:29:00+00:00,0.16781,0.24974699368972497,148.82724133825457,-0.025300631027503795,-0.5250476247172288,-0.10120252411001518,0.016666666666666666,roc_reversal,0.16798,-0.24348239206605227
2331,EDGE-USD,roc_momentum,buy,2026-01-04 02:29:00+00:00,0.16781,0.25,2026-01-04 02:32:00+00:00,0.16832,0.25075978785531255,148.97801084559921,0.07597878553125714,-0.4247810023240554,0.30391514212502857,0.05,roc_peak_drop,0.16832,0.41189111747850227
2332,EDGE-USD,roc_momentum,buy,2026-01-04 02:32:00+00:00,0.16832,0.25,2026-01-04 02:35:00+00:00,0.16834,0.2500297053231939,148.52661596958174,0.0029705323193904834,-0.4970591730038034,0.011882129277561933,0.05,roc_peak_drop,0.16851,0.4171384303676806
2333,SAPIEN-USD,roc_momentum,buy,2026-01-04 02:36:00+00:00,0.178,0.25,2026-01-04 02:37:00+00:00,0.17809,0.25012640449438206,140.4494382022472,0.012640449438203194,-0.4874859550561788,0.050561797752812776,0.016666666666666666,roc_peak_drop,0.17809,0.9356393535582486
2334,EDGE-USD,roc_momentum,buy,2026-01-04 02:35:00+00:00,0.16834,0.25,2026-01-04 02:44:00+00:00,0.17202,0.2554651300938577,148.5089699417845,0.5465130093857694,0.041047879291911706,2.1860520375430776,0.15,roc_peak_drop,0.17221,1.8994082840236626
2335,SAPIEN-USD,roc_momentum,buy,2026-01-04 02:37:00+00:00,0.17809,0.25,2026-01-04 02:45:00+00:00,0.18032,0.25313043966533777,140.3784603290471,0.3130439665337764,-0.19008647313156132,1.2521758661351057,0.13333333333333333,roc_peak_drop,0.18135,1.561008478859005
2336,EDGE-USD,roc_momentum,buy,2026-01-04 02:44:00+00:00,0.17202,0.25,2026-01-04 02:45:00+00:00,0.17214,0.25017439832577604,145.3319381467271,0.017439832577604526,-0.48273456574817153,0.0697593303104181,0.016666666666666666,roc_peak_drop,0.17214,0.9270124383947476
2337,EDGE-USD,roc_momentum,buy,2026-01-04 02:45:00+00:00,0.17214,0.25,2026-01-04 02:46:00+00:00,0.17214,0.25,145.23062623446035,0.0,-0.5,0.0,0.016666666666666666,roc_peak_drop,0.17214,0.6254749517741187
2338,SAPIEN-USD,roc_momentum,buy,2026-01-04 02:45:00+00:00,0.18032,0.25,2026-01-04 02:46:00+00:00,0.17915,0.24837788376220052,138.64241348713398,-0.16221162377994736,-0.6605895075421478,-0.6488464951197894,0.016666666666666666,roc_peak_drop,0.18032,0.1944768572540001
2339,SAPIEN-USD,roc_momentum,buy,2026-01-04 02:46:00+00:00,0.17915,0.25,2026-01-04 02:47:00+00:00,0.17734,0.24747418364499021,139.54786491766674,-0.2525816355009777,-0.7500558191459679,-1.0103265420039107,0.016666666666666666,roc_reversal,0.17915,-0.45563149413790915
2340,EDGE-USD,roc_momentum,buy,2026-01-04 02:46:00+00:00,0.17214,0.25,2026-01-04 02:48:00+00:00,0.17111,0.2485041245497851,145.23062623446035,-0.14958754502149058,-0.6480916695712756,-0.5983501800859623,0.03333333333333333,roc_reversal,0.17214,
2341,EDGE-USD,roc_momentum,buy,2026-01-04 02:48:00+00:00,0.17111,0.25,2026-01-04 02:49:00+00:00,0.16917,0.24716556601016887,146.10484483665476,-0.28344339898311394,-0.7806089649932828,-1.1337735959324557,0.016666666666666666,roc_reversal,0.17111,-0.5174418604651065
2342,EDGE-USD,roc_momentum,buy,2026-01-04 02:49:00+00:00,0.16917,0.25,2026-01-04 02:50:00+00:00,0.1697,0.2507832357983094,147.78033930365905,0.0783235798309397,-0.4224596559673697,0.3132943193237588,0.016666666666666666,roc_reversal,0.1697,-1.4174509120483347
2343,SAPIEN-USD,roc_momentum,buy,2026-01-04 02:49:00+00:00,0.17779,0.25,2026-01-04 02:50:00+00:00,0.17669,0.24845323134034536,140.61533269587716,-0.15467686596546346,-0.6531300973058088,-0.6187074638618538,0.016666666666666666,roc_reversal,0.17779,-1.963054866280678
2344,EDGE-USD,roc_momentum,buy,2026-01-04 02:50:00+00:00,0.1697,0.25,2026-01-04 02:51:00+00:00,0.1697,0.25,147.31879787860933,0.0,-0.5,0.0,0.016666666666666666,roc_reversal,0.1697,-1.4174509120483347
2345,EDGE-USD,roc_momentum,buy,2026-01-04 02:51:00+00:00,0.1697,0.25,2026-01-04 02:52:00+00:00,0.1697,0.25,147.31879787860933,0.0,-0.5,0.0,0.016666666666666666,roc_reversal,0.1697,-1.400267270931399
2346,EDGE-USD,roc_momentum,buy,2026-01-04 02:52:00+00:00,0.1697,0.25,2026-01-04 02:53:00+00:00,0.1697,0.25,147.31879787860933,0.0,-0.5,0.0,0.016666666666666666,roc_reversal,0.1697,-0.824031324878749
2347,SAPIEN-USD,roc_momentum,buy,2026-01-04 02:52:00+00:00,0.17729,0.25,2026-01-04 02:54:00+00:00,0.17775,0.2506486547464606,141.01190140447852,0.06486547464605846,-0.4357831801004021,0.25946189858423385,0.03333333333333333,roc_peak_drop,0.17775,0.29909706546276116
2348,EDGE-USD,roc_momentum,buy,2026-01-04 02:53:00+00:00,0.1697,0.25,2026-01-04 02:55:00+00:00,0.1697,0.25,147.31879787860933,0.0,-0.5,0.0,0.03333333333333333,roc_peak_drop,0.1697,0.3132943193237647
2349,SAPIEN-USD,roc_momentum,buy,2026-01-04 02:54:00+00:00,0.17775,0.25,2026-01-04 02:58:00+00:00,0.17876,0.25142053445850915,140.64697609001408,0.14205344585091575,-0.3593670886075934,0.568213783403663,0.06666666666666667,roc_peak_drop,0.17918,1.0660499746178553
2350,SAPIEN-USD,roc_momentum,buy,2026-01-04 02:58:00+00:00,0.17876,0.25,2026-01-04 02:59:00+00:00,0.1784,0.24949653166256433,139.8523159543522,-0.05034683374356668,-0.549843365406131,-0.20138733497426672,0.016666666666666666,roc_peak_drop,0.17876,0.579530748888768
2351,SAPIEN-USD,roc_momentum,buy,2026-01-04 02:59:00+00:00,0.1784,0.25,2026-01-04 03:00:00+00:00,0.17794,0.24935538116591927,140.13452914798205,-0.06446188340807399,-0.5638172645739933,-0.25784753363229596,0.016666666666666666,roc_peak_drop,0.1784,0.3656821378340336
2352,SAPIEN-USD,roc_momentum,buy,2026-01-04 03:00:00+00:00,0.17794,0.25,2026-01-04 03:06:00+00:00,0.18093,0.2542008542205238,140.49679667303587,0.4200854220523801,-0.0841154321681437,1.6803416882095203,0.1,roc_peak_drop,0.18166,2.0905923344947785
2353,SAPIEN-USD,roc_momentum,buy,2026-01-04 03:06:00+00:00,0.18093,0.25,2026-01-04 03:09:00+00:00,0.182,0.25147847233736803,138.17498480075167,0.14784723373680259,-0.35363123860056545,0.5913889349472103,0.05,roc_peak_drop,0.182,0.7349256722899655
2354,SAPIEN-USD,roc_momentum,buy,2026-01-04 03:09:00+00:00,0.182,0.25,2026-01-04 03:10:00+00:00,0.18121,0.24891483516483517,137.36263736263737,-0.10851648351648148,-0.6074313186813166,-0.4340659340659259,0.016666666666666666,roc_peak_drop,0.182,0.19819423034572736
2355,SAPIEN-USD,roc_momentum,buy,2026-01-04 03:10:00+00:00,0.18121,0.25,2026-01-04 03:12:00+00:00,0.18106,0.2497930577782683,137.96148115446167,-0.0206942221731708,-0.5204872799514391,-0.0827768886926832,0.03333333333333333,roc_peak_drop,0.18134,0.22660697507324024
2356,SAPIEN-USD,roc_momentum,buy,2026-01-04 03:12:00+00:00,0.18106,0.25,2026-01-04 03:13:00+00:00,0.18112,0.2500828454655915,138.07577598586104,0.008284546559152284,-0.4917982989064392,0.033138186236609135,0.016666666666666666,roc_reversal,0.18112,-0.19836896627727363
2357,SAPIEN-USD,roc_momentum,buy,2026-01-04 03:13:00+00:00,0.18112,0.25,2026-01-04 03:14:00+00:00,0.18053,0.24918562279151943,138.03003533568904,-0.08143772084805753,-0.5806233436395769,-0.32575088339223013,0.016666666666666666,roc_reversal,0.18112,-0.19836896627727363
2358,SAPIEN-USD,roc_momentum,buy,2026-01-04 03:14:00+00:00,0.18053,0.25,2026-01-04 03:15:00+00:00,0.18018,0.2495153160139589,138.48113886888606,-0.04846839860410863,-0.5479837146180675,-0.1938735944164345,0.016666666666666666,roc_reversal,0.18053,-0.5684013023563805
2359,SAPIEN-USD,roc_momentum,buy,2026-01-04 03:15:00+00:00,0.18018,0.25,2026-01-04 03:16:00+00:00,0.18109,0.25126262626262624,138.75013875013875,0.12626262626262544,-0.37500000000000083,0.5050505050505018,0.016666666666666666,roc_reversal,0.18109,-0.13786257858167117
2360,SAPIEN-USD,roc_momentum,buy,2026-01-04 03:16:00+00:00,0.18109,0.25,2026-01-04 03:17:00+00:00,0.18054,0.24924070903970402,138.05290187199734,-0.07592909602959784,-0.5751698050693018,-0.30371638411839136,0.016666666666666666,roc_reversal,0.18109,-0.13786257858167117
2361,SAPIEN-USD,roc_momentum,buy,2026-01-04 03:17:00+00:00,0.18054,0.25,2026-01-04 03:21:00+00:00,0.1813,0.2510523983604741,138.47346848343858,0.10523983604741094,-0.39581256231306317,0.42095934418964376,0.06666666666666667,roc_peak_drop,0.18167,0.73260073260073
2362,SAPIEN-USD,roc_momentum,buy,2026-01-04 03:21:00+00:00,0.1813,0.25,2026-01-04 03:22:00+00:00,0.18065,0.249103695532267,137.89299503585218,-0.0896304467733017,-0.5887341423055686,-0.3585217870932068,0.016666666666666666,roc_peak_drop,0.1813,0.11596443757246888
2363,SAPIEN-USD,roc_momentum,buy,2026-01-04 03:22:00+00:00,0.18065,0.25,2026-01-04 03:23:00+00:00,0.18135,0.25096872405203435,138.3891502906172,0.0968724052034329,-0.4040963188486014,0.3874896208137316,0.016666666666666666,roc_peak_drop,0.18135,0.06092832613271426
2364,SAPIEN-USD,roc_momentum,buy,2026-01-04 03:23:00+00:00,0.18135,0.25,2026-01-04 03:28:00+00:00,0.18201,0.2509098428453267,137.85497656465398,0.09098428453267078,-0.4099255583126559,0.3639371381306831,0.08333333333333333,roc_peak_drop,0.18264,1.0240797121505718
2365,SAPIEN-USD,roc_momentum,buy,2026-01-04 03:28:00+00:00,0.18201,0.25,2026-01-04 03:29:00+00:00,0.18171,0.24958793472886107,137.35509037964945,-0.041206527113894116,-0.5407944618427551,-0.16482610845557646,0.016666666666666666,roc_peak_drop,0.18201,0.36393713813067663
2366,SAPIEN-USD,roc_momentum,buy,2026-01-04 03:29:00+00:00,0.18171,0.25,2026-01-04 03:31:00+00:00,0.18233,0.250853007539486,137.5818612074184,0.08530075394859689,-0.4155522535908891,0.34120301579438755,0.03333333333333333,roc_peak_drop,0.18242,0.3299967000329973
2367,SAPIEN-USD,roc_momentum,buy,2026-01-04 03:31:00+00:00,0.18233,0.25,2026-01-04 03:32:00+00:00,0.18235,0.2500274228048045,137.114024022377,0.002742280480450283,-0.4972851423243542,0.010969121921801132,0.016666666666666666,roc_reversal,0.18235,-0.08219178082190526
2368,SAPIEN-USD,roc_momentum,buy,2026-01-04 03:32:00+00:00,0.18235,0.25,2026-01-04 03:33:00+00:00,0.1815,0.24883465862352616,137.09898546750753,-0.11653413764738378,-0.6153687962709099,-0.4661365505895351,0.016666666666666666,roc_reversal,0.18235,-0.08219178082190526
2369,SAPIEN-USD,roc_momentum,buy,2026-01-04 03:33:00+00:00,0.1815,0.25,2026-01-04 03:34:00+00:00,0.18144,0.24991735537190082,137.7410468319559,-0.008264462809917975,-0.5081818181818188,-0.0330578512396719,0.016666666666666666,roc_reversal,0.1815,-0.14858841010402246
2370,SAPIEN-USD,roc_momentum,buy,2026-01-04 03:34:00+00:00,0.18144,0.25,2026-01-04 03:35:00+00:00,0.18031,0.24844301146384482,137.78659611992947,-0.15569885361551922,-0.654141865079364,-0.6227954144620769,0.016666666666666666,roc_reversal,0.18144,-0.14858841010402246
2371,SAPIEN-USD,roc_momentum,buy,2026-01-04 03:35:00+00:00,0.18031,0.25,2026-01-04 03:36:00+00:00,0.18064,0.25045754533858355,138.65010260107593,0.04575453385835464,-0.4547030114802289,0.18301813543341855,0.016666666666666666,roc_reversal,0.18064,-0.926890802391267
2372,SAPIEN-USD,roc_momentum,buy,2026-01-04 03:36:00+00:00,0.18064,0.25,2026-01-04 03:37:00+00:00,0.17999,0.24910042072630648,138.3968113374668,-0.08995792736935118,-0.5890583480956577,-0.3598317094774047,0.016666666666666666,roc_reversal,0.18064,-0.926890802391267
2373,SAPIEN-USD,roc_momentum,buy,2026-01-04 03:37:00+00:00,0.17999,0.25,2026-01-04 03:38:00+00:00,0.18022,0.25031946219234397,138.89660536696482,0.031946219234399165,-0.4683732429579448,0.12778487693759666,0.016666666666666666,roc_reversal,0.18022,-0.7052341597796108
2374,SAPIEN-USD,roc_momentum,buy,2026-01-04 03:38:00+00:00,0.18022,0.25,2026-01-04 03:39:00+00:00,0.17996,0.24963932970813452,138.71934302519145,-0.03606702918654734,-0.5357063588946819,-0.14426811674618936,0.016666666666666666,roc_reversal,0.18022,-0.7052341597796108
2375,EDGE-USD,roc_momentum,buy,2026-01-04 02:55:00+00:00,0.1697,0.25,2026-01-04 03:41:00+00:00,0.16663,0.2454773129051267,147.31879787860933,-0.45226870948732906,-0.9477460223924558,-1.8090748379493162,0.7666666666666667,roc_reversal,0.1697,
2376,SAPIEN-USD,roc_momentum,buy,2026-01-04 03:39:00+00:00,0.17996,0.25,2026-01-04 03:46:00+00:00,0.18269,0.25379250944654363,138.9197599466548,0.37925094465436515,-0.12454156479217847,1.5170037786174606,0.11666666666666667,roc_peak_drop,0.18315,1.7448321849299786
2377,SAPIEN-USD,roc_momentum,buy,2026-01-04 03:46:00+00:00,0.18269,0.25,2026-01-04 03:48:00+00:00,0.18222,0.24935683398106082,136.84383381684822,-0.06431660189391841,-0.5636734358749792,-0.25726640757567365,0.03333333333333333,roc_peak_drop,0.18402,0.7776560788608888
2378,SAPIEN-USD,roc_momentum,buy,2026-01-04 03:48:00+00:00,0.18222,0.25,2026-01-04 03:49:00+00:00,0.18162,0.2491768192295028,137.19679508286686,-0.08231807704971868,-0.5814948962792215,-0.3292723081988747,0.016666666666666666,roc_reversal,0.18222,-0.4479895104895215
2379,SAPIEN-USD,roc_momentum,buy,2026-01-04 03:49:00+00:00,0.18162,0.25,2026-01-04 03:50:00+00:00,0.18161,0.24998623499614578,137.65003854201078,-0.0013765003854214846,-0.5013627353815673,-0.005506001541685938,0.016666666666666666,roc_reversal,0.18162,-0.8083014746040451
2380,SAPIEN-USD,roc_momentum,buy,2026-01-04 03:50:00+00:00,0.18161,0.25,2026-01-04 03:51:00+00:00,0.18267,0.25145917075050933,137.6576179725786,0.14591707505093407,-0.3555420956995753,0.5836683002037363,0.016666666666666666,roc_reversal,0.18267,-0.010947506705338839
2381,SAPIEN-USD,roc_momentum,buy,2026-01-04 03:51:00+00:00,0.18267,0.25,2026-01-04 03:52:00+00:00,0.18301,0.25046531997591287,136.85881644495538,0.04653199759128578,-0.4539333223846271,0.18612799036514313,0.016666666666666666,roc_reversal,0.18301,-0.010947506705338839
2382,SAPIEN-USD,roc_momentum,buy,2026-01-04 03:52:00+00:00,0.18301,0.25,2026-01-04 03:56:00+00:00,0.18274,0.24963116769575433,136.6045571280258,-0.036883230424565934,-0.5365143981203203,-0.14753292169826374,0.06666666666666667,roc_peak_drop,0.18301,0.6332250426738684
2383,SAPIEN-USD,roc_momentum,buy,2026-01-04 03:56:00+00:00,0.18274,0.25,2026-01-04 03:57:00+00:00,0.18276,0.2500273612783189,136.8063915946153,0.002736127831891245,-0.49729123344642767,0.01094451132756498,0.016666666666666666,roc_peak_drop,0.18276,0.03832046860459126
2384,SAPIEN-USD,roc_momentum,buy,2026-01-04 03:57:00+00:00,0.18276,0.25,2026-01-04 04:00:00+00:00,0.1829,0.25019150798861894,136.79142044210985,0.01915079886189555,-0.4810407091267234,0.0766031954475822,0.05,roc_peak_drop,0.1831,0.20839045791061217
2385,SAPIEN-USD,roc_momentum,buy,2026-01-04 04:00:00+00:00,0.1829,0.25,2026-01-04 04:01:00+00:00,0.18209,0.2488928376161837,136.6867140513942,-0.11071623838163,-0.6096090759978137,-0.44286495352652,0.016666666666666666,roc_peak_drop,0.1829,0.07660319544757765
2386,SAPIEN-USD,roc_momentum,buy,2026-01-04 04:01:00+00:00,0.18209,0.25,2026-01-04 04:02:00+00:00,0.18155,0.24925860838047117,137.294744357186,-0.07413916195288218,-0.5733977703333534,-0.29655664781152874,0.016666666666666666,roc_reversal,0.18209,-0.3556966181460064
2387,SAPIEN-USD,roc_momentum,buy,2026-01-04 04:02:00+00:00,0.18155,0.25,2026-01-04 04:03:00+00:00,0.18129,0.24964197190856516,137.70311209033326,-0.03580280914348423,-0.5354447810520494,-0.14321123657393692,0.016666666666666666,roc_reversal,0.18155,-0.6620704749398243
2388,SAPIEN-USD,roc_momentum,buy,2026-01-04 04:03:00+00:00,0.18129,0.25,2026-01-04 04:04:00+00:00,0.18155,0.25035854156324117,137.90060124662142,0.03585415632411915,-0.464504385239122,0.1434166252964766,0.016666666666666666,roc_reversal,0.18155,-0.6457615060471822
2389,SAPIEN-USD,roc_momentum,buy,2026-01-04 04:04:00+00:00,0.18155,0.25,2026-01-04 04:05:00+00:00,0.1826,0.2514458826769485,137.70311209033326,0.1445882676948531,-0.35685761498209545,0.5783530707794124,0.016666666666666666,roc_reversal,0.1826,-0.16402405686166688
2390,SAPIEN-USD,roc_momentum,buy,2026-01-04 04:05:00+00:00,0.1826,0.25,2026-01-04 04:06:00+00:00,0.18205,0.2492469879518072,136.91128148959473,-0.07530120481928021,-0.5745481927710874,-0.30120481927712084,0.016666666666666666,roc_reversal,0.1826,-0.021967159097158184
2391,SAPIEN-USD,roc_momentum,buy,2026-01-04 04:06:00+00:00,0.18205,0.25,2026-01-04 04:09:00+00:00,0.18123,0.2488739357319418,137.32491073880803,-0.11260642680582085,-0.6114803625377626,-0.4504257072232834,0.05,roc_peak_drop,0.18205,0.06619228859836568
2392,SAPIEN-USD,roc_momentum,buy,2026-01-04 04:09:00+00:00,0.18123,0.25,2026-01-04 04:10:00+00:00,0.18111,0.24983446449263366,137.9462561386084,-0.016553550736634247,-0.5163880152292679,-0.06621420294653699,0.016666666666666666,roc_reversal,0.18123,-0.176259983475624
2393,SAPIEN-USD,roc_momentum,buy,2026-01-04 04:10:00+00:00,0.18111,0.25,2026-01-04 04:11:00+00:00,0.18134,0.2503174866103473,138.03765667274033,0.031748661034731375,-0.4685688255756159,0.1269946441389255,0.016666666666666666,roc_reversal,0.18134,-0.3900027464982081
2394,SAPIEN-USD,roc_momentum,buy,2026-01-04 04:11:00+00:00,0.18134,0.25,2026-01-04 04:13:00+00:00,0.1817,0.250496305282894,137.8625785816698,0.04963052828940102,-0.450865776993493,0.19852211315760407,0.03333333333333333,roc_peak_drop,0.1824,0.45712397422481565
2395,SAPIEN-USD,roc_momentum,buy,2026-01-04 04:13:00+00:00,0.1817,0.25,2026-01-04 04:14:00+00:00,0.18103,0.2490781507980187,137.5894331315355,-0.09218492019812932,-0.591263070996148,-0.3687396807925173,0.016666666666666666,roc_peak_drop,0.1817,0.15985888319276498
2396,SAPIEN-USD,roc_momentum,buy,2026-01-04 04:14:00+00:00,0.18103,0.25,2026-01-04 04:15:00+00:00,0.18047,0.24922664751698612,138.09865768104734,-0.07733524830138719,-0.5765618958183734,-0.30934099320554875,0.016666666666666666,roc_reversal,0.18103,-0.11035700491088818
2397,SAPIEN-USD,roc_momentum,buy,2026-01-04 04:15:00+00:00,0.18047,0.25,2026-01-04 04:16:00+00:00,0.17995,0.24927965866903087,138.5271790325262,-0.0720341330969126,-0.5713137917659434,-0.2881365323876504,0.016666666666666666,roc_reversal,0.18047,-0.35337640108221713
2398,SAPIEN-USD,roc_momentum,buy,2026-01-04 04:16:00+00:00,0.17995,0.25,2026-01-04 04:17:00+00:00,0.179,0.2486801889413726,138.92747985551543,-0.13198110586274053,-0.6306612948041131,-0.5279244234509621,0.016666666666666666,roc_reversal,0.17995,-0.7665159369140806
2399,SAPIEN-USD,roc_momentum,buy,2026-01-04 04:17:00+00:00,0.179,0.25,2026-01-04 04:18:00+00:00,0.1787,0.2495810055865922,139.66480446927375,-0.041899441340781385,-0.5414804469273736,-0.16759776536312554,0.016666666666666666,roc_reversal,0.179,-1.6510731975784232
2400,SAPIEN-USD,roc_momentum,buy,2026-01-04 04:18:00+00:00,0.1787,0.25,2026-01-04 04:19:00+00:00,0.17903,0.2504616675993285,139.89927252378288,0.046166759932847926,-0.45429490766648056,0.1846670397313917,0.016666666666666666,roc_reversal,0.17903,-1.10478926144838
2401,SAPIEN-USD,roc_momentum,buy,2026-01-04 04:19:00+00:00,0.17903,0.25,2026-01-04 04:20:00+00:00,0.17994,0.251270736748031,139.64140088253365,0.1270736748031048,-0.37419706194492625,0.5082946992124192,0.016666666666666666,roc_reversal,0.17994,-0.2936776195489599
2402,SAPIEN-USD,roc_momentum,buy,2026-01-04 04:20:00+00:00,0.17994,0.25,2026-01-04 04:21:00+00:00,0.17975,0.2497360231188174,138.9352006224297,-0.02639768811826105,-0.5261337112370784,-0.1055907524730442,0.016666666666666666,roc_reversal,0.17994,-0.11114198388441077
2403,SAPIEN-USD,roc_momentum,buy,2026-01-04 04:21:00+00:00,0.17975,0.25,2026-01-04 04:25:00+00:00,0.17899,0.2489429763560501,139.08205841446454,-0.10570236439499067,-0.6046453407510408,-0.4228094575799627,0.06666666666666667,roc_peak_drop,0.17975,0.402909904868487
2404,SAPIEN-USD,roc_momentum,buy,2026-01-04 04:25:00+00:00,0.17899,0.25,2026-01-04 04:26:00+00:00,0.1787,0.2495949494385161,139.67260740823508,-0.040505056148389916,-0.5401000055869061,-0.16202022459355966,0.016666666666666666,roc_reversal,0.17899,-0.5279537623652186
2405,SAPIEN-USD,roc_momentum,buy,2026-01-04 04:26:00+00:00,0.1787,0.25,2026-01-04 04:27:00+00:00,0.1784,0.24958030218242866,139.89927252378288,-0.041969781757134124,-0.5415500839395628,-0.1678791270285365,0.016666666666666666,roc_reversal,0.1787,-0.5841446453407451
2406,SAPIEN-USD,roc_momentum,buy,2026-01-04 04:30:00+00:00,0.17893,0.25,2026-01-04 04:31:00+00:00,0.17867,0.24963672944726986,139.71944335773765,-0.03632705527301322,-0.535963784720283,-0.14530822109205288,0.016666666666666666,roc_reversal,0.17893,-0.016787912702853625
2407,SAPIEN-USD,roc_momentum,buy,2026-01-04 04:37:00+00:00,0.17965,0.25,2026-01-04 04:38:00+00:00,0.17924,0.2494294461452825,139.15947676036737,-0.05705538547174975,-0.5564848316170322,-0.228221541886999,0.016666666666666666,roc_peak_drop,0.17965,0.6273455441662579
2408,SAPIEN-USD,roc_momentum,buy,2026-01-04 04:38:00+00:00,0.17924,0.25,2026-01-04 04:40:00+00:00,0.17839,0.24881443874135234,139.4777951350145,-0.11855612586476474,-0.6173705646061171,-0.474224503459059,0.03333333333333333,roc_peak_drop,0.17924,0.37520300162401377
2409,MOODENG-USD,roc_momentum,buy,2026-01-04 10:07:00+00:00,0.0857,0.25,2026-01-04 10:08:00+00:00,0.0857,0.25,291.71528588098016,0.0,-0.5,0.0,0.016666666666666666,roc_peak_drop,0.0857,1.6607354685646447
2410,MOODENG-USD,roc_momentum,buy,2026-01-04 10:08:00+00:00,0.0857,0.25,2026-01-04 10:09:00+00:00,0.0853,0.2488331388564761,291.71528588098016,-0.11668611435239136,-0.6155192532088675,-0.46674445740956544,0.016666666666666666,roc_peak_drop,0.0857,1.0613207547169878
2411,MOODENG-USD,roc_momentum,buy,2026-01-04 11:32:00+00:00,0.0856,0.25,2026-01-04 11:33:00+00:00,0.0853,0.24912383177570094,292.05607476635515,-0.087616822429905,-0.586740654205606,-0.35046728971962,0.016666666666666666,roc_peak_drop,0.0856,0.8244994110718329
2412,MOODENG-USD,roc_momentum,buy,2026-01-04 11:34:00+00:00,0.0856,0.25,2026-01-04 11:35:00+00:00,0.0853,0.24912383177570094,292.05607476635515,-0.087616822429905,-0.586740654205606,-0.35046728971962,0.016666666666666666,roc_peak_drop,0.0856,0.943396226415083
2413,MOODENG-USD,roc_momentum,buy,2026-01-04 11:36:00+00:00,0.0854,0.25,2026-01-04 11:37:00+00:00,0.0856,0.2505854800936768,292.74004683840747,0.05854800936767911,-0.4420374707259977,0.23419203747071643,0.016666666666666666,roc_peak_drop,0.0856,0.3525264394829808
2414,MOODENG-USD,roc_momentum,buy,2026-01-04 11:37:00+00:00,0.0856,0.25,2026-01-04 11:39:00+00:00,0.0856,0.25,292.05607476635515,0.0,-0.5,0.0,0.03333333333333333,roc_peak_drop,0.0856,0.3516998827667095
2415,MOODENG-USD,roc_momentum,buy,2026-01-04 11:39:00+00:00,0.0856,0.25,2026-01-04 11:43:00+00:00,0.0855,0.24970794392523368,292.05607476635515,-0.029205607476632298,-0.528913551401866,-0.11682242990652919,0.06666666666666667,roc_peak_drop,0.086,0.4672897196261738
2416,MOODENG-USD,roc_momentum,buy,2026-01-04 11:43:00+00:00,0.0855,0.25,2026-01-04 11:46:00+00:00,0.0858,0.25087719298245614,292.3976608187134,0.08771929824561249,-0.41315789473684367,0.35087719298244996,0.05,roc_peak_drop,0.0858,0.23364485981309802
2417,MOODENG-USD,roc_momentum,buy,2026-01-04 11:46:00+00:00,0.0858,0.25,2026-01-04 11:47:00+00:00,0.0859,0.2502913752913753,291.3752913752914,0.029137529137529972,-0.4711538461538453,0.11655011655011989,0.016666666666666666,roc_peak_drop,0.0859,0.1166861143524045
2418,MOODENG-USD,roc_momentum,buy,2026-01-04 11:47:00+00:00,0.0859,0.25,2026-01-04 11:51:00+00:00,0.086,0.2502910360884749,291.0360884749709,0.029103608847493884,-0.47118742724098106,0.11641443538997553,0.06666666666666667,roc_peak_drop,0.0864,0.6993006993007089
2419,MOODENG-USD,roc_momentum,buy,2026-01-04 11:51:00+00:00,0.086,0.25,2026-01-04 11:52:00+00:00,0.086,0.25,290.69767441860466,0.0,-0.5,0.0,0.016666666666666666,roc_peak_drop,0.086,0.2331002331002141
2420,MOODENG-USD,roc_momentum,buy,2026-01-04 11:52:00+00:00,0.086,0.25,2026-01-04 11:53:00+00:00,0.0859,0.24970930232558142,290.69767441860466,-0.029069767441857266,-0.5287790697674387,-0.11627906976742906,0.016666666666666666,roc_peak_drop,0.086,0.11641443538996654
2421,MOODENG-USD,roc_momentum,buy,2026-01-04 11:53:00+00:00,0.0859,0.25,2026-01-04 11:54:00+00:00,0.0857,0.24941792782305003,291.0360884749709,-0.058207217694995844,-0.5576251455180459,-0.23282887077998338,0.016666666666666666,roc_reversal,0.0859,-0.11627906976743319
2422,MOODENG-USD,roc_momentum,buy,2026-01-04 11:54:00+00:00,0.0857,0.25,2026-01-04 11:55:00+00:00,0.0858,0.250291715285881,291.71528588098016,0.029171528588098853,-0.47112018669778216,0.11668611435239541,0.016666666666666666,roc_reversal,0.0858,-0.4645760743321681
2423,MOODENG-USD,roc_momentum,buy,2026-01-04 11:55:00+00:00,0.0858,0.25,2026-01-04 11:56:00+00:00,0.0856,0.2494172494172494,291.3752913752914,-0.058275058275059945,-0.5576923076923094,-0.23310023310023978,0.016666666666666666,roc_reversal,0.0858,-0.46511627906976605
2424,MOODENG-USD,roc_momentum,buy,2026-01-04 11:56:00+00:00,0.0856,0.25,2026-01-04 12:02:00+00:00,0.0863,0.2520443925233645,292.05607476635515,0.2044392523364504,-0.2976051401869141,0.8177570093458016,0.1,roc_peak_drop,0.0864,0.9345794392523477
2425,MOODENG-USD,roc_momentum,buy,2026-01-04 12:02:00+00:00,0.0863,0.25,2026-01-04 12:03:00+00:00,0.086,0.24913093858632673,289.6871378910776,-0.08690614136732577,-0.5860370799536525,-0.3476245654693031,0.016666666666666666,roc_peak_drop,0.0863,0.23228803716608404
2426,MOODENG-USD,roc_momentum,buy,2026-01-04 12:03:00+00:00,0.086,0.25,2026-01-04 12:04:00+00:00,0.086,0.25,290.69767441860466,0.0,-0.5,0.0,0.016666666666666666,roc_reversal,0.086,-0.23201856148492572
2427,MOODENG-USD,roc_momentum,buy,2026-01-04 12:04:00+00:00,0.086,0.25,2026-01-04 12:05:00+00:00,0.0859,0.24970930232558142,290.69767441860466,-0.029069767441857266,-0.5287790697674387,-0.11627906976742906,0.016666666666666666,roc_reversal,0.086,-0.23201856148492572
2428,MOODENG-USD,roc_momentum,buy,2026-01-04 12:05:00+00:00,0.0859,0.25,2026-01-04 12:06:00+00:00,0.0858,0.24970896391152503,291.0360884749709,-0.029103608847497922,-0.5288125727590229,-0.11641443538999169,0.016666666666666666,roc_reversal,0.0859,-0.578703703703709
2429,MOODENG-USD,roc_momentum,buy,2026-01-04 12:06:00+00:00,0.0858,0.25,2026-01-04 12:07:00+00:00,0.0857,0.2497086247086247,291.3752913752914,-0.029137529137529972,-0.5288461538461546,-0.11655011655011989,0.016666666666666666,roc_reversal,0.0858,-0.6944444444444531
2430,MOODENG-USD,roc_momentum,buy,2026-01-04 12:09:00+00:00,0.0859,0.25,2026-01-04 12:14:00+00:00,0.086,0.2502910360884749,291.0360884749709,0.029103608847493884,-0.47118742724098106,0.11641443538997553,0.08333333333333333,roc_peak_drop,0.0867,1.1668611435239118
2431,MOODENG-USD,roc_momentum,buy,2026-01-04 12:14:00+00:00,0.086,0.25,2026-01-04 12:15:00+00:00,0.0859,0.24970930232558142,290.69767441860466,-0.029069767441857266,-0.5287790697674387,-0.11627906976742906,0.016666666666666666,roc_peak_drop,0.086,0.11641443538996654
2432,MOODENG-USD,roc_momentum,buy,2026-01-04 12:15:00+00:00,0.0859,0.25,2026-01-04 12:16:00+00:00,0.0862,0.2508731082654249,291.0360884749709,0.08731082654248973,-0.4135622817229352,0.3492433061699589,0.016666666666666666,roc_reversal,0.0862,-0.23228803716607294
2433,MOODENG-USD,roc_momentum,buy,2026-01-04 12:16:00+00:00,0.0862,0.25,2026-01-04 12:17:00+00:00,0.0861,0.24970997679814386,290.0232018561485,-0.02900232018561568,-0.5287122969837595,-0.11600928074246272,0.016666666666666666,roc_reversal,0.0862,-0.5767012687427964
2434,MOODENG-USD,roc_momentum,buy,2026-01-04 12:17:00+00:00,0.0861,0.25,2026-01-04 12:22:00+00:00,0.0864,0.25087108013937287,290.36004645760744,0.08710801393728473,-0.41376306620208814,0.34843205574913894,0.08333333333333333,roc_peak_drop,0.0868,0.8139534883720989
2435,MOODENG-USD,roc_momentum,buy,2026-01-04 12:22:00+00:00,0.0864,0.25,2026-01-04 12:23:00+00:00,0.0863,0.24971064814814814,289.35185185185185,-0.02893518518518601,-0.5286458333333341,-0.11574074074074404,0.016666666666666666,roc_peak_drop,0.0864,0.34843205574914826
2436,MOODENG-USD,roc_momentum,buy,2026-01-04 12:23:00+00:00,0.0863,0.25,2026-01-04 12:24:00+00:00,0.0866,0.2508690614136732,289.6871378910776,0.08690614136732176,-0.41396292004635143,0.34762456546928705,0.016666666666666666,roc_reversal,0.0866,-0.11534025374856371
2437,MOODENG-USD,roc_momentum,buy,2026-01-04 12:24:00+00:00,0.0866,0.25,2026-01-04 12:25:00+00:00,0.0864,0.2494226327944573,288.6836027713626,-0.05773672055427017,-0.5571593533487275,-0.23094688221708068,0.016666666666666666,roc_reversal,0.0866,-0.11534025374856371
2438,MOODENG-USD,roc_momentum,buy,2026-01-04 12:25:00+00:00,0.0864,0.25,2026-01-04 12:26:00+00:00,0.0866,0.25057870370370366,289.35185185185185,0.05787037037036801,-0.44270833333333565,0.23148148148147205,0.016666666666666666,roc_reversal,0.0866,-0.11560693641616826
2439,MOODENG-USD,roc_momentum,buy,2026-01-04 12:26:00+00:00,0.0866,0.25,2026-01-04 12:29:00+00:00,0.0864,0.2494226327944573,288.6836027713626,-0.05773672055427017,-0.5571593533487275,-0.23094688221708068,0.05,roc_peak_drop,0.0869,0.578703703703698
2440,MOODENG-USD,roc_momentum,buy,2026-01-04 12:29:00+00:00,0.0864,0.25,2026-01-04 12:32:00+00:00,0.0868,0.2511574074074074,289.35185185185185,0.11574074074074003,-0.38541666666666735,0.46296296296296013,0.05,roc_peak_drop,0.0871,0.5773672055427337
2441,MOODENG-USD,roc_momentum,buy,2026-01-04 12:32:00+00:00,0.0868,0.25,2026-01-04 12:33:00+00:00,0.0866,0.24942396313364054,288.0184331797235,-0.05760368663594635,-0.5570276497695869,-0.2304147465437854,0.016666666666666666,roc_reversal,0.0868,-0.11507479861910808
2442,MOODENG-USD,roc_momentum,buy,2026-01-04 12:33:00+00:00,0.0866,0.25,2026-01-04 12:35:00+00:00,0.0863,0.24913394919168594,288.6836027713626,-0.08660508083140725,-0.5857390300230931,-0.346420323325629,0.03333333333333333,roc_reversal,0.0866,
2443,MOODENG-USD,roc_momentum,buy,2026-01-04 12:35:00+00:00,0.0863,0.25,2026-01-04 12:36:00+00:00,0.0862,0.2497103128621089,289.6871378910776,-0.028968713789108595,-0.5286790266512175,-0.11587485515643438,0.016666666666666666,roc_reversal,0.0863,-0.5760368663594528
2444,MOODENG-USD,roc_momentum,buy,2026-01-04 12:36:00+00:00,0.0862,0.25,2026-01-04 12:37:00+00:00,0.0859,0.24912993039443157,290.0232018561485,-0.08700696055684301,-0.5861368909512746,-0.34802784222737204,0.016666666666666666,roc_reversal,0.0862,-1.0332950631458115
2445,MOODENG-USD,roc_momentum,buy,2026-01-04 12:52:00+00:00,0.0851,0.25,2026-01-04 12:53:00+00:00,0.0849,0.2494124559341951,293.7720329024677,-0.05875440658049114,-0.5581668625146863,-0.23501762632196457,0.016666666666666666,roc_reversal,0.0851,-0.4689331770222682
2446,MOODENG-USD,roc_momentum,buy,2026-01-04 12:55:00+00:00,0.085,0.25,2026-01-04 12:56:00+00:00,0.0849,0.24970588235294117,294.11764705882354,-0.029411764705883192,-0.5291176470588244,-0.11764705882353277,0.016666666666666666,roc_reversal,0.085,-0.11750881316097139
2447,MOODENG-USD,roc_momentum,buy,2026-01-04 12:56:00+00:00,0.0849,0.25,2026-01-04 12:57:00+00:00,0.0849,0.25,294.4640753828033,0.0,-0.5,0.0,0.016666666666666666,roc_reversal,0.0849,-0.11764705882353343
2448,MOODENG-USD,roc_momentum,buy,2026-01-04 15:50:00+00:00,0.0887,0.25,2026-01-04 15:52:00+00:00,0.0889,0.25056369785794813,281.8489289740699,0.056369785794815594,-0.4441939120631326,0.22547914317926238,0.03333333333333333,roc_peak_drop,0.0892,2.1764032073310347
2449,MOODENG-USD,roc_momentum,buy,2026-01-04 15:52:00+00:00,0.0889,0.25,2026-01-04 15:55:00+00:00,0.0891,0.25056242969628795,281.21484814398195,0.056242969628794104,-0.44431946006749384,0.22497187851517642,0.05,roc_peak_drop,0.0892,1.0192525481313774
2450,MOODENG-USD,roc_momentum,buy,2026-01-04 15:55:00+00:00,0.0891,0.25,2026-01-04 15:56:00+00:00,0.0889,0.24943883277216614,280.58361391694723,-0.05611672278338716,-0.5555555555555532,-0.22446689113354865,0.016666666666666666,roc_peak_drop,0.0891,0.4509582863585049
2451,MOODENG-USD,roc_momentum,buy,2026-01-04 15:56:00+00:00,0.0889,0.25,2026-01-04 15:58:00+00:00,0.0889,0.25,281.21484814398195,0.0,-0.5,0.0,0.03333333333333333,roc_reversal,0.0889,
2452,MOODENG-USD,roc_momentum,buy,2026-01-04 15:58:00+00:00,0.0889,0.25,2026-01-04 15:59:00+00:00,0.0888,0.249718785151856,281.21484814398195,-0.028121484814399005,-0.527840269966255,-0.11248593925759602,0.016666666666666666,roc_reversal,0.0889,-0.33632286995515237
2453,MOODENG-USD,roc_momentum,buy,2026-01-04 16:00:00+00:00,0.0891,0.25,2026-01-04 16:06:00+00:00,0.0929,0.260662177328844,280.58361391694723,1.066217732884399,0.5555555555555549,4.264870931537596,0.1,take_profit,0.0929,4.147982062780264
2454,MOODENG-USD,roc_momentum,buy,2026-01-04 16:06:00+00:00,0.0929,0.25,2026-01-04 16:08:00+00:00,0.0916,0.2465016146393972,269.1065662002153,-0.3498385360602787,-0.8463401506996759,-1.3993541442411148,0.03333333333333333,roc_peak_drop,0.0929,4.147982062780264
2455,MOODENG-USD,roc_momentum,buy,2026-01-04 16:08:00+00:00,0.0916,0.25,2026-01-04 16:10:00+00:00,0.0927,0.2530021834061135,272.92576419213975,0.3002183406113547,-0.2027838427947588,1.2008733624454189,0.03333333333333333,roc_peak_drop,0.0927,2.6696329254727535
2456,MOODENG-USD,roc_momentum,buy,2026-01-04 16:10:00+00:00,0.0927,0.25,2026-01-04 16:11:00+00:00,0.0933,0.25161812297734626,269.6871628910464,0.16181229773462497,-0.3398058252427213,0.6472491909384999,0.016666666666666666,roc_peak_drop,0.0933,1.533406352683464
2457,MOODENG-USD,roc_momentum,buy,2026-01-04 16:11:00+00:00,0.0933,0.25,2026-01-04 16:14:00+00:00,0.0936,0.25080385852090037,267.9528403001072,0.08038585209003446,-0.4204180064308659,0.32154340836013784,0.05,roc_peak_drop,0.0942,2.8384279475982543
2458,MOODENG-USD,roc_momentum,buy,2026-01-04 16:14:00+00:00,0.0936,0.25,2026-01-04 16:15:00+00:00,0.0932,0.24893162393162394,267.0940170940171,-0.1068376068376062,-0.6057692307692302,-0.4273504273504248,0.016666666666666666,roc_peak_drop,0.0936,1.4084507042253724
2459,MOODENG-USD,roc_momentum,buy,2026-01-04 16:15:00+00:00,0.0932,0.25,2026-01-04 16:18:00+00:00,0.0935,0.2508047210300429,268.24034334763945,0.08047210300429042,-0.4203326180257525,0.3218884120171617,0.05,roc_peak_drop,0.0943,0.8556149732620311
2460,MOODENG-USD,roc_momentum,buy,2026-01-04 16:18:00+00:00,0.0935,0.25,2026-01-04 16:19:00+00:00,0.0933,0.24946524064171122,267.379679144385,-0.05347593582887854,-0.5529411764705897,-0.21390374331551415,0.016666666666666666,roc_reversal,0.0935,-0.3205128205128305
2461,MOODENG-USD,roc_momentum,buy,2026-01-04 16:19:00+00:00,0.0933,0.25,2026-01-04 16:20:00+00:00,0.0928,0.24866023579849947,267.9528403001072,-0.1339764201500537,-0.6326366559485532,-0.5359056806002148,0.016666666666666666,roc_reversal,0.0933,-0.3205128205128305
2462,MOODENG-USD,roc_momentum,buy,2026-01-04 16:20:00+00:00,0.0928,0.25,2026-01-04 16:21:00+00:00,0.0932,0.2510775862068966,269.39655172413796,0.10775862068965826,-0.39331896551723833,0.43103448275863304,0.016666666666666666,roc_reversal,0.0932,-0.42918454935623185
2463,MOODENG-USD,roc_momentum,buy,2026-01-04 16:21:00+00:00,0.0932,0.25,2026-01-04 16:22:00+00:00,0.0935,0.2508047210300429,268.24034334763945,0.08047210300429042,-0.4203326180257525,0.3218884120171617,0.016666666666666666,roc_reversal,0.0935,-0.7454739084131967
2464,MOODENG-USD,roc_momentum,buy,2026-01-04 16:22:00+00:00,0.0935,0.25,2026-01-04 16:28:00+00:00,0.0935,0.25,267.379679144385,0.0,-0.5,0.0,0.1,roc_peak_drop,0.0944,1.18534482758621
2465,MOODENG-USD,roc_momentum,buy,2026-01-04 16:28:00+00:00,0.0935,0.25,2026-01-04 16:30:00+00:00,0.0936,0.2502673796791444,267.379679144385,0.02673796791443927,-0.47352941176470514,0.10695187165775707,0.03333333333333333,roc_reversal,0.0939,
2466,MOODENG-USD,roc_momentum,buy,2026-01-04 16:30:00+00:00,0.0936,0.25,2026-01-04 16:31:00+00:00,0.0933,0.24919871794871792,267.0940170940171,-0.08012820512820742,-0.5793269230769253,-0.3205128205128297,0.016666666666666666,roc_reversal,0.0936,-0.31948881789136685
2467,MOODENG-USD,roc_momentum,buy,2026-01-04 16:31:00+00:00,0.0933,0.25,2026-01-04 16:32:00+00:00,0.0931,0.2494640943193998,267.9528403001072,-0.05359056806001926,-0.553054662379419,-0.21436227224007703,0.016666666666666666,roc_reversal,0.0933,-0.7446808510638392
2468,MOODENG-USD,roc_momentum,buy,2026-01-04 16:32:00+00:00,0.0931,0.25,2026-01-04 16:38:00+00:00,0.0947,0.254296455424275,268.5284640171858,0.4296455424274984,-0.07465091299677655,1.7185821697099937,0.1,roc_peak_drop,0.0953,2.3630504833512367
2469,MOODENG-USD,roc_momentum,buy,2026-01-04 16:38:00+00:00,0.0947,0.25,2026-01-04 16:39:00+00:00,0.0941,0.24841605068637804,263.9915522703273,-0.15839493136219726,-0.6568109820485754,-0.633579725448789,0.016666666666666666,roc_peak_drop,0.0947,1.067235859124871
2470,MOODENG-USD,roc_momentum,buy,2026-01-04 16:39:00+00:00,0.0941,0.25,2026-01-04 16:40:00+00:00,0.0941,0.25,265.6748140276302,0.0,-0.5,0.0,0.016666666666666666,roc_reversal,0.0941,-0.4232804232804255
2471,MOODENG-USD,roc_momentum,buy,2026-01-04 16:40:00+00:00,0.0941,0.25,2026-01-04 16:42:00+00:00,0.0945,0.2510626992561105,265.6748140276302,0.10626992561105142,-0.3947927736450591,0.4250797024442057,0.03333333333333333,roc_reversal,0.0946,
2472,MOODENG-USD,roc_momentum,buy,2026-01-04 16:42:00+00:00,0.0945,0.25,2026-01-04 16:43:00+00:00,0.0945,0.25,264.55026455026456,0.0,-0.5,0.0,0.016666666666666666,roc_reversal,0.0945,-0.21119324181626542
2473,MOODENG-USD,roc_momentum,buy,2026-01-04 16:43:00+00:00,0.0945,0.25,2026-01-04 16:47:00+00:00,0.0954,0.2523809523809524,264.55026455026456,0.23809523809523758,-0.2642857142857148,0.9523809523809503,0.06666666666666667,roc_peak_drop,0.0959,1.374207188160681
2474,MOODENG-USD,roc_momentum,buy,2026-01-04 16:47:00+00:00,0.0954,0.25,2026-01-04 16:49:00+00:00,0.0953,0.24973794549266246,262.0545073375262,-0.026205450733753372,-0.5259433962264158,-0.10482180293501349,0.03333333333333333,roc_peak_drop,0.0958,1.3756613756613634
2475,MOODENG-USD,roc_momentum,buy,2026-01-04 16:49:00+00:00,0.0953,0.25,2026-01-04 16:51:00+00:00,0.0956,0.25078698845750264,262.3294858342078,0.07869884575026459,-0.42208814270723805,0.31479538300105836,0.03333333333333333,roc_peak_drop,0.0957,0.7368421052631469
2476,MOODENG-USD,roc_momentum,buy,2026-01-04 16:51:00+00:00,0.0956,0.25,2026-01-04 16:58:00+00:00,0.097,0.2536610878661088,261.5062761506276,0.36610878661087826,-0.13755230125523055,1.464435146443513,0.11666666666666667,roc_peak_drop,0.0979,1.7671517671517645
2477,MOODENG-USD,roc_momentum,buy,2026-01-04 16:58:00+00:00,0.097,0.25,2026-01-04 16:59:00+00:00,0.0966,0.24896907216494846,257.73195876288656,-0.10309278350515401,-0.6020618556701025,-0.41237113402061604,0.016666666666666666,roc_peak_drop,0.097,0.20661157024794985
2478,MOODENG-USD,roc_momentum,buy,2026-01-04 16:59:00+00:00,0.0966,0.25,2026-01-04 17:00:00+00:00,0.0962,0.24896480331262938,258.7991718426501,-0.103519668737063,-0.6024844720496924,-0.414078674948252,0.016666666666666666,roc_reversal,0.0966,-0.3095975232198067
2479,MOODENG-USD,roc_momentum,buy,2026-01-04 17:00:00+00:00,0.0962,0.25,2026-01-04 17:01:00+00:00,0.0964,0.25051975051975056,259.87525987525987,0.05197505197505347,-0.4485446985446971,0.20790020790021388,0.016666666666666666,roc_reversal,0.0964,-0.4132231404958664
2480,MOODENG-USD,roc_momentum,buy,2026-01-04 17:01:00+00:00,0.0964,0.25,2026-01-04 17:02:00+00:00,0.0961,0.24922199170124482,259.33609958506224,-0.0778008298755173,-0.5770228215767621,-0.3112033195020692,0.016666666666666666,roc_reversal,0.0964,-0.4132231404958664
2481,MOODENG-USD,roc_momentum,buy,2026-01-04 17:02:00+00:00,0.0961,0.25,2026-01-04 17:03:00+00:00,0.096,0.2497398543184183,260.1456815816857,-0.02601456815816932,-0.5257544224765877,-0.10405827263267728,0.016666666666666666,roc_reversal,0.0961,-1.0309278350515427
2482,MOODENG-USD,roc_momentum,buy,2026-01-04 17:03:00+00:00,0.096,0.25,2026-01-04 17:04:00+00:00,0.0963,0.25078125,260.4166666666667,0.07812499999999863,-0.42265625000000134,0.3124999999999945,0.016666666666666666,roc_reversal,0.0963,-0.31055900621118626
2483,MOODENG-USD,roc_momentum,buy,2026-01-04 17:04:00+00:00,0.0963,0.25,2026-01-04 17:05:00+00:00,0.0958,0.2487019730010384,259.60539979231567,-0.12980269989615795,-0.6285046728971964,-0.5192107995846318,0.016666666666666666,roc_reversal,0.0963,-0.31055900621118626
2484,MOODENG-USD,roc_momentum,buy,2026-01-04 17:05:00+00:00,0.0958,0.25,2026-01-04 17:06:00+00:00,0.095,0.2479123173277662,260.96033402922757,-0.2087682672233808,-0.706680584551147,-0.8350730688935232,0.016666666666666666,roc_reversal,0.0958,-0.4158004158004158
2485,MOODENG-USD,roc_momentum,buy,2026-01-04 17:06:00+00:00,0.095,0.25,2026-01-04 17:07:00+00:00,0.0948,0.2494736842105263,263.1578947368421,-0.05263157894736993,-0.5521052631578962,-0.21052631578947972,0.016666666666666666,roc_reversal,0.095,-1.3527575442247808
2486,TOSHI-USD,roc_momentum,buy,2026-01-04 17:04:00+00:00,0.0004074,0.25,2026-01-04 17:08:00+00:00,0.0004079,0.250306823760432,61364.752086401575,0.030682376043201533,-0.4696244477172305,0.12272950417280613,0.06666666666666667,roc_peak_drop,0.0004093,2.6488395560040567
2487,MOODENG-USD,roc_momentum,buy,2026-01-04 17:07:00+00:00,0.0948,0.25,2026-01-04 17:08:00+00:00,0.094,0.24789029535864981,263.7130801687764,-0.21097046413501983,-0.7088607594936697,-0.8438818565400793,0.016666666666666666,roc_reversal,0.0948,-1.3527575442247808
2488,MOODENG-USD,roc_momentum,buy,2026-01-04 17:08:00+00:00,0.094,0.25,2026-01-04 17:09:00+00:00,0.094,0.25,265.9574468085106,0.0,-0.5,0.0,0.016666666666666666,roc_reversal,0.094,-2.083333333333337
2489,MOODENG-USD,roc_momentum,buy,2026-01-04 17:09:00+00:00,0.094,0.25,2026-01-04 17:10:00+00:00,0.0944,0.251063829787234,265.9574468085106,0.10638297872340362,-0.39468085106383044,0.42553191489361447,0.016666666666666666,roc_reversal,0.0944,-1.4613778705636737
2490,TOSHI-USD,roc_momentum,buy,2026-01-04 17:08:00+00:00,0.0004079,0.25,2026-01-04 17:11:00+00:00,0.0004087,0.2504903162539838,61289.531747977446,0.04903162539838315,-0.4514586908556007,0.1961265015935326,0.05,roc_peak_drop,0.00041,0.7618579503563483
2491,MOODENG-USD,roc_momentum,buy,2026-01-04 17:10:00+00:00,0.0944,0.25,2026-01-04 17:11:00+00:00,0.0942,0.24947033898305088,264.8305084745763,-0.052966101694913094,-0.5524364406779639,-0.21186440677965238,0.016666666666666666,roc_reversal,0.0944,-0.8421052631578885
2492,MOODENG-USD,roc_momentum,buy,2026-01-04 17:11:00+00:00,0.0942,0.25,2026-01-04 17:12:00+00:00,0.0945,0.250796178343949,265.3927813163482,0.07961783439490305,-0.42117834394904596,0.3184713375796122,0.016666666666666666,roc_reversal,0.0945,-0.31645569620252223
2493,TOSHI-USD,roc_momentum,buy,2026-01-04 17:11:00+00:00,0.0004087,0.25,2026-01-04 17:12:00+00:00,0.0004087,0.25,61169.56202593589,0.0,-0.5,0.0,0.016666666666666666,roc_peak_drop,0.0004087,0.44236913246498144
2494,TOSHI-USD,roc_momentum,buy,2026-01-04 17:12:00+00:00,0.0004087,0.25,2026-01-04 17:14:00+00:00,0.0004084,0.2498164913139222,61169.56202593589,-0.018350868607781214,-0.5181673599217034,-0.07340347443112485,0.03333333333333333,roc_peak_drop,0.0004087,0.07354743809757647
2495,MOODENG-USD,roc_momentum,buy,2026-01-04 17:12:00+00:00,0.0945,0.25,2026-01-04 17:15:00+00:00,0.0949,0.25105820105820104,264.55026455026456,0.10582010582010518,-0.3952380952380959,0.4232804232804207,0.05,roc_peak_drop,0.0949,0.9574468085106425
2496,TOSHI-USD,roc_momentum,buy,2026-01-04 17:14:00+00:00,0.0004084,0.25,2026-01-04 17:15:00+00:00,0.0004072,0.24926542605288932,61214.49559255632,-0.07345739471106937,-0.5727228207639586,-0.29382957884427746,0.016666666666666666,roc_reversal,0.0004084,-0.19550342130987275
2497,TOSHI-USD,roc_momentum,buy,2026-01-04 17:15:00+00:00,0.0004072,0.25,2026-01-04 17:16:00+00:00,0.0004063,0.2494474459724951,61394.89194499018,-0.05525540275048918,-0.5547028487229843,-0.22102161100195672,0.016666666666666666,roc_reversal,0.0004072,-0.5872277954489857
2498,TOSHI-USD,roc_momentum,buy,2026-01-04 17:16:00+00:00,0.0004063,0.25,2026-01-04 17:17:00+00:00,0.0004086,0.2514152104356387,61530.88850603002,0.14152104356386916,-0.3598941668717695,0.5660841742554766,0.016666666666666666,roc_reversal,0.0004086,-0.024467824810370242
2499,TOSHI-USD,roc_momentum,buy,2026-01-04 17:17:00+00:00,0.0004086,0.25,2026-01-04 17:18:00+00:00,0.0004074,0.24926578560939794,61184.532550171316,-0.07342143906020736,-0.5726872246696053,-0.29368575624082943,0.016666666666666666,roc_reversal,0.0004086,-0.024467824810370242
2500,MOODENG-USD,roc_momentum,buy,2026-01-04 17:15:00+00:00,0.0949,0.25,2026-01-04 17:19:00+00:00,0.0949,0.25,263.43519494204423,0.0,-0.5,0.0,0.06666666666666667,roc_peak_drop,0.095,0.6369426751592133
2501,TOSHI-USD,roc_momentum,buy,2026-01-04 17:18:00+00:00,0.0004074,0.25,2026-01-04 17:20:00+00:00,0.0004061,0.24920225822287678,61364.752086401575,-0.07977417771232066,-0.5789764359351974,-0.31909671084928265,0.03333333333333333,roc_peak_drop,0.0004109,0.6121449559255643
2502,MOODENG-USD,roc_momentum,buy,2026-01-04 17:19:00+00:00,0.0949,0.25,2026-01-04 17:20:00+00:00,0.0944,0.24868282402528977,263.43519494204423,-0.13171759747102224,-0.630400421496312,-0.526870389884089,0.016666666666666666,roc_reversal,0.0949,
2503,MOODENG-USD,roc_momentum,buy,2026-01-04 17:20:00+00:00,0.0944,0.25,2026-01-04 17:22:00+00:00,0.095,0.2515889830508475,264.8305084745763,0.15889830508474664,-0.3426906779661008,0.6355932203389866,0.03333333333333333,roc_peak_drop,0.0951,0.31645569620253333
2504,TOSHI-USD,roc_momentum,buy,2026-01-04 17:20:00+00:00,0.0004061,0.25,2026-01-04 17:23:00+00:00,0.0004077,0.25098497906919476,61561.191824673726,0.09849790691947702,-0.40248707214971774,0.3939916276779081,0.05,roc_peak_drop,0.000409,0.12306177701206789
2505,MOODENG-USD,roc_momentum,buy,2026-01-04 17:22:00+00:00,0.095,0.25,2026-01-04 17:23:00+00:00,0.0948,0.2494736842105263,263.1578947368421,-0.05263157894736993,-0.5521052631578962,-0.21052631578947972,0.016666666666666666,roc_reversal,0.095,
2506,MOODENG-USD,roc_momentum,buy,2026-01-04 17:23:00+00:00,0.0948,0.25,2026-01-04 17:24:00+00:00,0.0945,0.2492088607594937,263.7130801687764,-0.07911392405063152,-0.5783227848101252,-0.31645569620252606,0.016666666666666666,roc_reversal,0.0948,-0.10537407797681642
2507,TOSHI-USD,roc_momentum,buy,2026-01-04 17:23:00+00:00,0.0004077,0.25,2026-01-04 17:24:00+00:00,0.0004068,0.24944812362030908,61319.597743438804,-0.05518763796909294,-0.554635761589402,-0.22075055187637177,0.016666666666666666,roc_peak_drop,0.0004077,0.07363770250368162
2508,MOODENG-USD,roc_momentum,buy,2026-01-04 17:24:00+00:00,0.0945,0.25,2026-01-04 17:26:00+00:00,0.0948,0.2507936507936508,264.55026455026456,0.07936507936507797,-0.4214285714285728,0.3174603174603119,0.03333333333333333,roc_peak_drop,0.0948,0.21186440677967155
2509,TOSHI-USD,roc_momentum,buy,2026-01-04 17:24:00+00:00,0.0004068,0.25,2026-01-04 17:26:00+00:00,0.0004047,0.2487094395280236,61455.26057030482,-0.1290560471976399,-0.6277654867256636,-0.5162241887905596,0.03333333333333333,roc_peak_drop,0.0004068,0.09849790691947025
2510,TOSHI-USD,roc_momentum,buy,2026-01-04 17:26:00+00:00,0.0004047,0.25,2026-01-04 17:27:00+00:00,0.0004017,0.24814677538917715,61774.153694094384,-0.1853224610822843,-0.6834692364714615,-0.7412898443291372,0.016666666666666666,roc_reversal,0.0004047,-0.5162241887905594
2511,TOSHI-USD,roc_momentum,buy,2026-01-04 17:27:00+00:00,0.0004017,0.25,2026-01-04 17:28:00+00:00,0.0004037,0.25124470998257403,62235.49912870301,0.12447099825740568,-0.3767737117251684,0.4978839930296227,0.016666666666666666,roc_reversal,0.0004037,-0.9811135638950197
2512,TOSHI-USD,roc_momentum,buy,2026-01-04 17:28:00+00:00,0.0004037,0.25,2026-01-04 17:29:00+00:00,0.0004013,0.24851374783254893,61927.1736437949,-0.148625216745108,-0.647138964577657,-0.594500866980432,0.016666666666666666,roc_reversal,0.0004037,-0.9811135638950197
2513,TOSHI-USD,roc_momentum,buy,2026-01-04 17:29:00+00:00,0.0004013,0.25,2026-01-04 17:30:00+00:00,0.0004001,0.2492524296037877,62297.5330176925,-0.07475703962122944,-0.5740094692250172,-0.29902815848491776,0.016666666666666666,roc_reversal,0.0004013,-1.3520157325467075
2514,MOODENG-USD,roc_momentum,buy,2026-01-04 17:26:00+00:00,0.0948,0.25,2026-01-04 17:31:00+00:00,0.0949,0.25026371308016876,263.7130801687764,0.026371308016878394,-0.4738924050632904,0.10548523206751358,0.08333333333333333,roc_peak_drop,0.0953,0.7399577167019
2515,TOSHI-USD,roc_momentum,buy,2026-01-04 17:30:00+00:00,0.0004001,0.25,2026-01-04 17:31:00+00:00,0.0003958,0.24731317170707323,62484.378905273676,-0.26868282929267656,-0.7659960009997498,-1.0747313171707062,0.016666666666666666,roc_reversal,0.0004001,-1.5744157441574425
2516,MOODENG-USD,roc_momentum,buy,2026-01-04 17:31:00+00:00,0.0949,0.25,2026-01-04 17:32:00+00:00,0.0946,0.24920969441517388,263.43519494204423,-0.07903055848261188,-0.5782402528977858,-0.3161222339304475,0.016666666666666666,roc_peak_drop,0.0949,0.10548523206750371
2517,TOSHI-USD,roc_momentum,buy,2026-01-04 17:31:00+00:00,0.0003958,0.25,2026-01-04 17:32:00+00:00,0.0003955,0.24981051035876706,63163.213744315304,-0.018948964123295053,-0.518759474482062,-0.07579585649318021,0.016666666666666666,roc_reversal,0.0003958,-1.543440378391836
2518,TOSHI-USD,roc_momentum,buy,2026-01-04 17:32:00+00:00,0.0003955,0.25,2026-01-04 17:33:00+00:00,0.0003954,0.24993678887484197,63211.12515802781,-0.0063211125158029345,-0.5062579013906449,-0.025284450063211738,0.016666666666666666,roc_reversal,0.0003955,-1.543440378391836
2519,MOODENG-USD,roc_momentum,buy,2026-01-04 17:32:00+00:00,0.0946,0.25,2026-01-04 17:34:00+00:00,0.0945,0.24973572938689217,264.2706131078224,-0.026427061310782998,-0.5261627906976751,-0.10570824524313199,0.03333333333333333,roc_reversal,0.095,
2520,TOSHI-USD,roc_momentum,buy,2026-01-04 17:33:00+00:00,0.0003954,0.25,2026-01-04 17:34:00+00:00,0.0003964,0.2506322711178553,63227.111785533634,0.06322711178553174,-0.4374051593323236,0.25290844714212696,0.016666666666666666,roc_reversal,0.0003964,-1.2210316471467753
2521,MOODENG-USD,roc_momentum,buy,2026-01-04 17:34:00+00:00,0.0945,0.25,2026-01-04 17:35:00+00:00,0.0944,0.24973544973544973,264.55026455026456,-0.026455026455027213,-0.526190476190477,-0.10582010582010885,0.016666666666666666,roc_reversal,0.0945,-0.5263157894736858
2522,TOSHI-USD,roc_momentum,buy,2026-01-04 17:34:00+00:00,0.0003964,0.25,2026-01-04 17:35:00+00:00,0.0003978,0.25088294651866805,63067.60847628658,0.08829465186680337,-0.4125882946518647,0.35317860746721347,0.016666666666666666,roc_reversal,0.0003978,-0.5748562859285156
2523,MOODENG-USD,roc_momentum,buy,2026-01-04 17:35:00+00:00,0.0944,0.25,2026-01-04 17:36:00+00:00,0.0945,0.2502648305084746,264.8305084745763,0.026483050847458386,-0.4737817796610162,0.10593220338983354,0.016666666666666666,roc_reversal,0.0945,-0.42149631190726566
2524,MOODENG-USD,roc_momentum,buy,2026-01-04 17:36:00+00:00,0.0945,0.25,2026-01-04 17:37:00+00:00,0.0942,0.2492063492063492,264.55026455026456,-0.07936507936507797,-0.5785714285714272,-0.3174603174603119,0.016666666666666666,roc_reversal,0.0945,-0.42149631190726566
2525,TOSHI-USD,roc_momentum,buy,2026-01-04 17:35:00+00:00,0.0003978,0.25,2026-01-04 17:38:00+00:00,0.0003959,0.24880593262946202,62845.651080945194,-0.11940673705379877,-0.6182126696832608,-0.4776269482151951,0.05,roc_peak_drop,0.0003978,0.3286978508217464
2526,MOODENG-USD,roc_momentum,buy,2026-01-04 17:37:00+00:00,0.0942,0.25,2026-01-04 17:38:00+00:00,0.0938,0.24893842887473458,265.3927813163482,-0.10615711252654231,-0.6050955414012769,-0.42462845010616923,0.016666666666666666,roc_reversal,0.0942,-0.42283298097250954
2527,MOODENG-USD,roc_momentum,buy,2026-01-04 17:38:00+00:00,0.0938,0.25,2026-01-04 17:39:00+00:00,0.0937,0.24973347547974417,266.52452025586354,-0.02665245202558342,-0.5263859275053275,-0.10660980810233368,0.016666666666666666,roc_reversal,0.0938,-0.8465608465608399
2528,TOSHI-USD,roc_momentum,buy,2026-01-04 17:38:00+00:00,0.0003959,0.25,2026-01-04 17:40:00+00:00,0.0003977,0.251136650669361,63147.25940894165,0.11366506693609775,-0.38747158373326324,0.454660267744391,0.03333333333333333,roc_peak_drop,0.0003977,0.12645422357104863
2529,MOODENG-USD,roc_momentum,buy,2026-01-04 17:39:00+00:00,0.0937,0.25,2026-01-04 17:40:00+00:00,0.093,0.24813233724653147,266.8089647812166,-0.18676627534685328,-0.6848986125933848,-0.7470651013874131,0.016666666666666666,roc_reversal,0.0937,-0.8465608465608399
2530,MOODENG-USD,roc_momentum,buy,2026-01-04 17:40:00+00:00,0.093,0.25,2026-01-04 17:41:00+00:00,0.0923,0.24811827956989246,268.81720430107526,-0.18817204301075435,-0.6862903225806468,-0.7526881720430174,0.016666666666666666,roc_reversal,0.093,-1.4830508474576232
2531,TOSHI-USD,roc_momentum,buy,2026-01-04 17:40:00+00:00,0.0003977,0.25,2026-01-04 17:41:00+00:00,0.0003957,0.24874277093286398,62861.453356801605,-0.12572290671360287,-0.6244656776464669,-0.5028916268544115,0.016666666666666666,roc_reversal,0.0003977,-0.02513826043237799
2532,MOODENG-USD,roc_momentum,buy,2026-01-04 17:41:00+00:00,0.0923,0.25,2026-01-04 17:42:00+00:00,0.0926,0.2508125677139762,270.85590465872156,0.0812567713976188,-0.41955579631635737,0.3250270855904752,0.016666666666666666,roc_reversal,0.0926,-1.698513800424628
2533,TOSHI-USD,roc_momentum,buy,2026-01-04 17:41:00+00:00,0.0003957,0.25,2026-01-04 17:42:00+00:00,0.0003961,0.25025271670457416,63179.17614354308,0.025271670457414422,-0.4749810462471597,0.10108668182965769,0.016666666666666666,roc_reversal,0.0003961,-0.17641129032258673
2534,MOODENG-USD,roc_momentum,buy,2026-01-04 17:42:00+00:00,0.0926,0.25,2026-01-04 17:43:00+00:00,0.0923,0.2491900647948164,269.97840172786175,-0.08099352051836085,-0.5801835853131773,-0.3239740820734434,0.016666666666666666,roc_reversal,0.0926,-1.5991471215351827
2535,TOSHI-USD,roc_momentum,buy,2026-01-04 17:42:00+00:00,0.0003961,0.25,2026-01-04 17:44:00+00:00,0.0003968,0.2504418076243373,63115.37490532694,0.04418076243372993,-0.45626104519060734,0.17672304973491973,0.03333333333333333,roc_peak_drop,0.0003968,0.17681232634503274
2536,MOODENG-USD,roc_momentum,buy,2026-01-04 17:43:00+00:00,0.0923,0.25,2026-01-04 17:44:00+00:00,0.0924,0.25027085590465875,270.85590465872156,0.027085590465872934,-0.4731852654387858,0.10834236186349173,0.016666666666666666,roc_reversal,0.0924,-1.3874066168623411
2537,MOODENG-USD,roc_momentum,buy,2026-01-04 17:44:00+00:00,0.0924,0.25,2026-01-04 17:45:00+00:00,0.0921,0.2491883116883117,270.5627705627706,-0.08116883116882974,-0.5803571428571415,-0.32467532467531895,0.016666666666666666,roc_reversal,0.0924,-0.9677419354838679
2538,MOODENG-USD,roc_momentum,buy,2026-01-04 17:45:00+00:00,0.0921,0.25,2026-01-04 17:46:00+00:00,0.0917,0.248914223669924,271.4440825190011,-0.10857763300759977,-0.6074918566775238,-0.4343105320303991,0.016666666666666666,roc_reversal,0.0921,-0.6500541711809249
2539,TOSHI-USD,roc_momentum,buy,2026-01-04 17:44:00+00:00,0.0003968,0.25,2026-01-04 17:47:00+00:00,0.000395,0.24886592741935484,63004.032258064515,-0.11340725806451547,-0.6122731854838703,-0.4536290322580619,0.05,roc_peak_drop,0.0003977,0.30326004548899554
2540,MOODENG-USD,roc_momentum,buy,2026-01-04 17:46:00+00:00,0.0917,0.25,2026-01-04 17:47:00+00:00,0.0916,0.24972737186477645,272.62813522355503,-0.027262813522356287,-0.5269901853871327,-0.10905125408942515,0.016666666666666666,roc_reversal,0.0917,-0.6500541711809249
2541,MOODENG-USD,roc_momentum,buy,2026-01-04 17:47:00+00:00,0.0916,0.25,2026-01-04 17:48:00+00:00,0.0916,0.25,272.92576419213975,0.0,-0.5,0.0,0.016666666666666666,roc_reversal,0.0916,-0.7583965330444142
2542,TOSHI-USD,roc_momentum,buy,2026-01-04 17:47:00+00:00,0.000395,0.25,2026-01-04 17:48:00+00:00,0.0003952,0.250126582278481,63291.13924050633,0.012658227848101573,-0.48746835443037945,0.05063291139240629,0.016666666666666666,roc_reversal,0.0003952,-0.2777076495834363
2543,MOODENG-USD,roc_momentum,buy,2026-01-04 17:48:00+00:00,0.0916,0.25,2026-01-04 17:49:00+00:00,0.092,0.25109170305676853,272.92576419213975,0.10917030567685523,-0.3919213973799133,0.43668122270742094,0.016666666666666666,roc_reversal,0.092,-0.43290043290042934
2544,TOSHI-USD,roc_momentum,buy,2026-01-04 17:48:00+00:00,0.0003952,0.25,2026-01-04 17:49:00+00:00,0.0003956,0.25025303643724695,63259.10931174089,0.02530364372469697,-0.47494939271255,0.10121457489878788,0.016666666666666666,roc_reversal,0.0003956,-0.3024193548387011
2545,MOODENG-USD,roc_momentum,buy,2026-01-04 17:49:00+00:00,0.092,0.25,2026-01-04 17:50:00+00:00,0.092,0.25,271.7391304347826,0.0,-0.5,0.0,0.016666666666666666,roc_reversal,0.092,-0.10857763300760048
2546,TOSHI-USD,roc_momentum,buy,2026-01-04 17:49:00+00:00,0.0003956,0.25,2026-01-04 17:50:00+00:00,0.000397,0.25088473205257833,63195.146612740136,0.08847320525783492,-0.4124115267947434,0.3538928210313397,0.016666666666666666,roc_reversal,0.000397,-0.17601206939904523
2547,TIA-USD,roc_momentum,buy,2026-01-04 17:49:00+00:00,0.5907,0.25,2026-01-04 17:51:00+00:00,0.5868,0.2483494159471813,42.32266802099204,-0.16505840528186957,-0.6634078212290508,-0.6602336211274783,0.03333333333333333,roc_peak_drop,0.5907,1.3555250514756478
2548,TOSHI-USD,roc_momentum,buy,2026-01-04 17:50:00+00:00,0.000397,0.25,2026-01-04 17:51:00+00:00,0.000395,0.2487405541561713,62972.292191435765,-0.12594458438287118,-0.6246851385390425,-0.5037783375314847,0.016666666666666666,roc_reversal,0.000397,-0.17601206939904523
2549,MOODENG-USD,roc_momentum,buy,2026-01-04 17:50:00+00:00,0.092,0.25,2026-01-04 17:53:00+00:00,0.0917,0.24918478260869567,271.7391304347826,-0.08152173913043335,-0.5807065217391291,-0.3260869565217334,0.05,roc_peak_drop,0.092,0.3275109170305601
2550,TOSHI-USD,roc_momentum,buy,2026-01-04 17:51:00+00:00,0.000395,0.25,2026-01-04 17:53:00+00:00,0.0003935,0.24905063291139243,63291.13924050633,-0.09493670886075836,-0.5939873417721507,-0.37974683544303345,0.03333333333333333,roc_reversal,0.000395,
2551,MOODENG-USD,roc_momentum,buy,2026-01-04 17:53:00+00:00,0.0917,0.25,2026-01-04 17:54:00+00:00,0.0919,0.2505452562704471,272.62813522355503,0.05452562704470879,-0.4460196292257383,0.21810250817883517,0.016666666666666666,roc_peak_drop,0.0919,0.10917030567685337
2552,TOSHI-USD,roc_momentum,buy,2026-01-04 17:53:00+00:00,0.0003935,0.25,2026-01-04 17:55:00+00:00,0.0003951,0.25101651842439643,63532.40152477763,0.10165184243964324,-0.39936467598475317,0.406607369758573,0.03333333333333333,roc_peak_drop,0.0003965,0.22750252780585623
2553,TOSHI-USD,roc_momentum,buy,2026-01-04 17:55:00+00:00,0.0003951,0.25,2026-01-04 17:56:00+00:00,0.0003927,0.24848139711465453,63275.12022272842,-0.15186028853454847,-0.650341685649203,-0.6074411541381939,0.016666666666666666,roc_reversal,0.0003951,-0.47858942065490684
2554,MOODENG-USD,roc_momentum,buy,2026-01-04 17:54:00+00:00,0.0919,0.25,2026-01-04 17:57:00+00:00,0.0919,0.25,272.0348204570185,0.0,-0.5,0.0,0.05,roc_peak_drop,0.0921,0.10893246187362315
2555,TOSHI-USD,roc_momentum,buy,2026-01-04 17:56:00+00:00,0.0003927,0.25,2026-01-04 17:57:00+00:00,0.0003928,0.2500636618283677,63661.82836771072,0.006366182836771227,-0.4936974789915965,0.025464731347084907,0.016666666666666666,roc_reversal,0.0003928,-0.5569620253164542
2556,TOSHI-USD,roc_momentum,buy,2026-01-04 17:57:00+00:00,0.0003928,0.25,2026-01-04 17:59:00+00:00,0.0003927,0.24993635437881873,63645.62118126273,-0.006364562118126428,-0.5063009164969452,-0.02545824847250571,0.03333333333333333,roc_peak_drop,0.0003937,0.05082592121981033
2557,MOODENG-USD,roc_momentum,buy,2026-01-04 17:57:00+00:00,0.0919,0.25,2026-01-04 18:00:00+00:00,0.0919,0.25,272.0348204570185,0.0,-0.5,0.0,0.05,roc_peak_drop,0.0922,0.4362050163576825
2558,TIA-USD,roc_momentum,buy,2026-01-04 17:59:00+00:00,0.5906,0.25,2026-01-04 18:00:00+00:00,0.5889,0.24928039282086012,42.329834067050456,-0.07196071791398725,-0.5712411107348474,-0.287842871655949,0.016666666666666666,roc_peak_drop,0.5906,0.6990622335890873
2559,TOSHI-USD,roc_momentum,buy,2026-01-04 17:59:00+00:00,0.0003927,0.25,2026-01-04 18:00:00+00:00,0.0003914,0.24917239623121978,63661.82836771072,-0.0827603768780225,-0.5819327731092423,-0.33104150751209,0.016666666666666666,roc_reversal,0.0003927,-0.9364717792963773
2560,TOSHI-USD,roc_momentum,buy,2026-01-04 18:00:00+00:00,0.0003914,0.25,2026-01-04 18:01:00+00:00,0.0003909,0.24968063362289217,63873.275421563616,-0.03193663771078258,-0.5316172713336748,-0.12774655084313033,0.016666666666666666,roc_reversal,0.0003914,-0.4583651642475095
2561,TOSHI-USD,roc_momentum,buy,2026-01-04 18:01:00+00:00,0.0003909,0.25,2026-01-04 18:02:00+00:00,0.0003902,0.24955231517012022,63954.975697109236,-0.04476848298797755,-0.5443207981580978,-0.1790739319519102,0.016666666666666666,roc_reversal,0.0003909,-0.4583651642475095
2562,TOSHI-USD,roc_momentum,buy,2026-01-04 18:02:00+00:00,0.0003902,0.25,2026-01-04 18:03:00+00:00,0.0003908,0.2503844182470528,64069.70784213224,0.03844182470528028,-0.46194259354177253,0.1537672988211211,0.016666666666666666,roc_reversal,0.0003908,-0.6619144602851401
2563,MOODENG-USD,roc_momentum,buy,2026-01-04 18:00:00+00:00,0.0919,0.25,2026-01-04 18:04:00+00:00,0.0922,0.2508161044613711,272.0348204570185,0.0816104461371079,-0.4192056583242632,0.3264417845484316,0.06666666666666667,roc_peak_drop,0.0923,0.21762785636563198
2564,TIA-USD,roc_momentum,buy,2026-01-04 18:01:00+00:00,0.5903,0.25,2026-01-04 18:04:00+00:00,0.592,0.25071997289513803,42.35134677282737,0.07199728951380331,-0.42872268338133473,0.28798915805521325,0.05,roc_peak_drop,0.5931,0.7816482582837514
2565,TOSHI-USD,roc_momentum,buy,2026-01-04 18:03:00+00:00,0.0003908,0.25,2026-01-04 18:04:00+00:00,0.0003915,0.2504477993858751,63971.340839303986,0.044779938587510414,-0.4556678607983647,0.17911975435004165,0.016666666666666666,roc_reversal,0.0003915,-0.30557677616501744
2566,MOODENG-USD,roc_momentum,buy,2026-01-04 18:04:00+00:00,0.0922,0.25,2026-01-04 18:06:00+00:00,0.0922,0.25,271.14967462039044,0.0,-0.5,0.0,0.03333333333333333,roc_peak_drop,0.0924,0.5440696409140466
2567,TIA-USD,roc_momentum,buy,2026-01-04 18:04:00+00:00,0.592,0.25,2026-01-04 18:06:00+00:00,0.5889,0.2486908783783784,42.22972972972973,-0.1309121621621618,-0.6296030405405402,-0.5236486486486472,0.03333333333333333,roc_peak_drop,0.592,0.44150110375276164
2568,TOSHI-USD,roc_momentum,buy,2026-01-04 18:04:00+00:00,0.0003915,0.25,2026-01-04 18:06:00+00:00,0.0003915,0.25,63856.96040868455,0.0,-0.5,0.0,0.03333333333333333,roc_peak_drop,0.0003923,0.22994379151761724
2569,TIA-USD,roc_momentum,buy,2026-01-04 18:06:00+00:00,0.5889,0.25,2026-01-04 18:07:00+00:00,0.5892,0.250127356087621,42.452029206996095,0.012735608762097426,-0.48739174732552354,0.0509424350483897,0.016666666666666666,roc_reversal,0.5892,-0.23716754192784073
2570,MOODENG-USD,roc_momentum,buy,2026-01-04 18:06:00+00:00,0.0922,0.25,2026-01-04 18:08:00+00:00,0.0925,0.25081344902386116,271.14967462039044,0.0813449023861157,-0.41946854663774547,0.3253796095444628,0.03333333333333333,roc_peak_drop,0.0926,0.5428881650380024
2571,TOSHI-USD,roc_momentum,buy,2026-01-04 18:06:00+00:00,0.0003915,0.25,2026-01-04 18:08:00+00:00,0.0003895,0.24872286079182632,63856.96040868455,-0.12771392081736874,-0.626436781609195,-0.510855683269475,0.03333333333333333,roc_peak_drop,0.0003915,0.3075345976422339
2572,TIA-USD,roc_momentum,buy,2026-01-04 18:07:00+00:00,0.5892,0.25,2026-01-04 18:08:00+00:00,0.5891,0.24995756958587917,42.430414120841824,-0.004243041412083715,-0.5042006109979629,-0.01697216564833486,0.016666666666666666,roc_reversal,0.5892,-0.573839662447273
2573,TIA-USD,roc_momentum,buy,2026-01-04 18:08:00+00:00,0.5891,0.25,2026-01-04 18:09:00+00:00,0.5878,0.24944831098285522,42.43761670344594,-0.05516890171447836,-0.5546172126973336,-0.22067560685791343,0.016666666666666666,roc_reversal,0.5891,-0.573839662447273
2574,TOSHI-USD,roc_momentum,buy,2026-01-04 18:08:00+00:00,0.0003895,0.25,2026-01-04 18:09:00+00:00,0.000389,0.24967907573812584,64184.85237483954,-0.03209242618741707,-0.5317715019255429,-0.12836970474966827,0.016666666666666666,roc_reversal,0.0003895,-0.33265097236439
2575,MOODENG-USD,roc_momentum,buy,2026-01-04 18:08:00+00:00,0.0925,0.25,2026-01-04 18:10:00+00:00,0.0921,0.24891891891891893,270.27027027027026,-0.10810810810810746,-0.6070270270270264,-0.43243243243242985,0.03333333333333333,roc_peak_drop,0.0925,0.32537960954446277
2576,TIA-USD,roc_momentum,buy,2026-01-04 18:09:00+00:00,0.5878,0.25,2026-01-04 18:10:00+00:00,0.5874,0.24982987410683907,42.53147329023477,-0.017012589316092036,-0.5168424634229312,-0.06805035726436814,0.016666666666666666,roc_reversal,0.5878,-0.6931530008453035
2577,TOSHI-USD,roc_momentum,buy,2026-01-04 18:09:00+00:00,0.000389,0.25,2026-01-04 18:10:00+00:00,0.0003879,0.249293059125964,64267.35218508997,-0.07069408740360068,-0.5699871465295647,-0.28277634961440273,0.016666666666666666,roc_reversal,0.000389,-0.638569604086836
2578,MOODENG-USD,roc_momentum,buy,2026-01-04 18:10:00+00:00,0.0921,0.25,2026-01-04 18:11:00+00:00,0.0921,0.25,271.4440825190011,0.0,-0.5,0.0,0.016666666666666666,roc_reversal,0.0921,-0.10845986984815426
2579,TIA-USD,roc_momentum,buy,2026-01-04 18:10:00+00:00,0.5874,0.25,2026-01-04 18:11:00+00:00,0.5876,0.2500851208716377,42.560435818862786,0.00851208716377162,-0.4915730337078661,0.03404834865508648,0.016666666666666666,roc_reversal,0.5876,-0.22075055187636972
2580,TOSHI-USD,roc_momentum,buy,2026-01-04 18:10:00+00:00,0.0003879,0.25,2026-01-04 18:11:00+00:00,0.0003878,0.2499355503995875,64449.60041247744,-0.006444960041247901,-0.5063805104408354,-0.025779840164991605,0.016666666666666666,roc_reversal,0.0003879,-0.9450830140485311
2581,MOODENG-USD,roc_momentum,buy,2026-01-04 18:11:00+00:00,0.0921,0.25,2026-01-04 18:12:00+00:00,0.0921,0.25,271.4440825190011,0.0,-0.5,0.0,0.016666666666666666,roc_reversal,0.0921,-0.10845986984815426
2582,TIA-USD,roc_momentum,buy,2026-01-04 18:11:00+00:00,0.5876,0.25,2026-01-04 18:12:00+00:00,0.5866,0.24957454050374403,42.54594962559564,-0.04254594962559568,-0.5421204901293397,-0.17018379850238272,0.016666666666666666,roc_reversal,0.5876,-0.22075055187636972
2583,TOSHI-USD,roc_momentum,buy,2026-01-04 18:11:00+00:00,0.0003878,0.25,2026-01-04 18:12:00+00:00,0.0003881,0.2501933986591026,64466.21970087674,0.019339865910263494,-0.48085353274883913,0.07735946364105398,0.016666666666666666,roc_reversal,0.0003881,-0.8431272355646446
2584,MOODENG-USD,roc_momentum,buy,2026-01-04 18:12:00+00:00,0.0921,0.25,2026-01-04 18:13:00+00:00,0.0921,0.25,271.4440825190011,0.0,-0.5,0.0,0.016666666666666666,roc_reversal,0.0921,-0.432432432432428
2585,TIA-USD,roc_momentum,buy,2026-01-04 18:12:00+00:00,0.5866,0.25,2026-01-04 18:13:00+00:00,0.5859,0.2497016706443914,42.61847937265598,-0.029832935560860634,-0.5295346062052521,-0.11933174224344253,0.016666666666666666,roc_reversal,0.5866,-0.4412763068567416
2586,TOSHI-USD,roc_momentum,buy,2026-01-04 18:12:00+00:00,0.0003881,0.25,2026-01-04 18:13:00+00:00,0.0003878,0.24980675083741302,64416.387528987376,-0.019324916258696683,-0.5191316670961097,-0.07729966503478673,0.016666666666666666,roc_reversal,0.0003881,-0.436456996148904
2587,MOODENG-USD,roc_momentum,buy,2026-01-04 18:13:00+00:00,0.0921,0.25,2026-01-04 18:14:00+00:00,0.0921,0.25,271.4440825190011,0.0,-0.5,0.0,0.016666666666666666,roc_reversal,0.0921,-0.432432432432428
2588,TIA-USD,roc_momentum,buy,2026-01-04 18:13:00+00:00,0.5859,0.25,2026-01-04 18:14:00+00:00,0.5858,0.2499573306024919,42.66939750810719,-0.004266939750810249,-0.5042242703533022,-0.017067759003240996,0.016666666666666666,roc_reversal,0.5859,-0.3402517863218768
2589,TOSHI-USD,roc_momentum,buy,2026-01-04 18:13:00+00:00,0.0003878,0.25,2026-01-04 18:14:00+00:00,0.0003875,0.24980660134089736,64466.21970087674,-0.019339865910263494,-0.5191464672511609,-0.07735946364105398,0.016666666666666666,roc_reversal,0.0003878,-0.3856041131105492
2590,TIA-USD,roc_momentum,buy,2026-01-04 18:14:00+00:00,0.5858,0.25,2026-01-04 18:15:00+00:00,0.5856,0.24991464663707752,42.67668146124957,-0.008535336292248974,-0.5084499829293265,-0.0341413451689959,0.016666666666666666,roc_reversal,0.5858,-0.3064351378958108
2591,TOSHI-USD,roc_momentum,buy,2026-01-04 18:14:00+00:00,0.0003875,0.25,2026-01-04 18:15:00+00:00,0.0003871,0.24974193548387097,64516.12903225807,-0.025806451612903854,-0.5255483870967748,-0.10322580645161542,0.016666666666666666,roc_reversal,0.0003875,-0.20623872131992904
2592,TIA-USD,roc_momentum,buy,2026-01-04 18:15:00+00:00,0.5856,0.25,2026-01-04 18:16:00+00:00,0.5845,0.2495303961748634,42.69125683060109,-0.04696038251366077,-0.5464907786885241,-0.18784153005464307,0.016666666666666666,roc_reversal,0.5856,-0.3064351378958108
2593,TOSHI-USD,roc_momentum,buy,2026-01-04 18:15:00+00:00,0.0003871,0.25,2026-01-04 18:16:00+00:00,0.0003862,0.24941875484370965,64582.79514337381,-0.05812451562903434,-0.557543270472744,-0.23249806251613736,0.016666666666666666,roc_reversal,0.0003871,-0.20623872131992904
2594,MOODENG-USD,roc_momentum,buy,2026-01-04 18:14:00+00:00,0.0921,0.25,2026-01-04 18:17:00+00:00,0.0919,0.24945711183496197,271.4440825190011,-0.054288816503801775,-0.5537459283387638,-0.2171552660152071,0.05,roc_peak_drop,0.0923,0.21715526601520097
2595,TIA-USD,roc_momentum,buy,2026-01-04 18:16:00+00:00,0.5845,0.25,2026-01-04 18:17:00+00:00,0.5845,0.25,42.7715996578272,0.0,-0.5,0.0,0.016666666666666666,roc_reversal,0.5845,-0.35799522673031214
2596,TOSHI-USD,roc_momentum,buy,2026-01-04 18:16:00+00:00,0.0003862,0.25,2026-01-04 18:17:00+00:00,0.0003871,0.25058259968928015,64733.2988089073,0.05825996892801448,-0.44232263076126566,0.23303987571205792,0.016666666666666666,roc_reversal,0.0003871,-0.2576655501159597
2597,MOODENG-USD,roc_momentum,buy,2026-01-04 18:17:00+00:00,0.0919,0.25,2026-01-04 18:18:00+00:00,0.0917,0.24945593035908598,272.0348204570185,-0.054406964091401486,-0.5538628944504874,-0.21762785636560594,0.016666666666666666,roc_reversal,0.0919,-0.21715526601521207
2598,TIA-USD,roc_momentum,buy,2026-01-04 18:17:00+00:00,0.5845,0.25,2026-01-04 18:18:00+00:00,0.5845,0.25,42.7715996578272,0.0,-0.5,0.0,0.016666666666666666,roc_reversal,0.5845,-0.2389486260453877
2599,TOSHI-USD,roc_momentum,buy,2026-01-04 18:17:00+00:00,0.0003871,0.25,2026-01-04 18:18:00+00:00,0.0003856,0.2490312580728494,64582.79514337381,-0.09687419271505956,-0.595905450787909,-0.38749677086023826,0.016666666666666666,roc_reversal,0.0003871,-0.2576655501159597
2600,MOODENG-USD,roc_momentum,buy,2026-01-04 18:18:00+00:00,0.0917,0.25,2026-01-04 18:19:00+00:00,0.0907,0.24727371864776446,272.62813522355503,-0.2726281352235553,-0.7699018538713197,-1.0905125408942211,0.016666666666666666,roc_reversal,0.0917,-0.43431053203040193
2601,TIA-USD,roc_momentum,buy,2026-01-04 18:18:00+00:00,0.5845,0.25,2026-01-04 18:19:00+00:00,0.5845,0.25,42.7715996578272,0.0,-0.5,0.0,0.016666666666666666,roc_reversal,0.5845,-0.22191874359849262
2602,TOSHI-USD,roc_momentum,buy,2026-01-04 18:18:00+00:00,0.0003856,0.25,2026-01-04 18:19:00+00:00,0.0003855,0.24993516597510373,64834.02489626556,-0.006483402489626713,-0.5064185684647304,-0.025933609958506854,0.016666666666666666,roc_reversal,0.0003856,-0.5161290322580614
2603,MOODENG-USD,roc_momentum,buy,2026-01-04 18:19:00+00:00,0.0907,0.25,2026-01-04 18:20:00+00:00,0.0912,0.2513781697905182,275.63395810363835,0.1378169790518193,-0.3635611907386989,0.5512679162072772,0.016666666666666666,roc_reversal,0.0912,-0.9771986970684043
2604,TIA-USD,roc_momentum,buy,2026-01-04 18:19:00+00:00,0.5845,0.25,2026-01-04 18:20:00+00:00,0.5845,0.25,42.7715996578272,0.0,-0.5,0.0,0.016666666666666666,roc_reversal,0.5845,-0.18784153005464432
2605,TOSHI-USD,roc_momentum,buy,2026-01-04 18:19:00+00:00,0.0003855,0.25,2026-01-04 18:20:00+00:00,0.0003855,0.25,64850.84306095979,0.0,-0.5,0.0,0.016666666666666666,roc_reversal,0.0003855,-0.4133298889175907
2606,MOODENG-USD,roc_momentum,buy,2026-01-04 18:20:00+00:00,0.0912,0.25,2026-01-04 18:21:00+00:00,0.091,0.2494517543859649,274.12280701754383,-0.05482456140351034,-0.5542763157894752,-0.21929824561404135,0.016666666666666666,roc_reversal,0.0912,-0.9771986970684043
2607,TOSHI-USD,roc_momentum,buy,2026-01-04 18:20:00+00:00,0.0003855,0.25,2026-01-04 18:21:00+00:00,0.0003858,0.2501945525291829,64850.84306095979,0.01945525291828841,-0.48073929961089445,0.07782101167315364,0.016666666666666666,roc_reversal,0.0003858,-0.10357327809424888
2608,MOODENG-USD,roc_momentum,buy,2026-01-04 18:21:00+00:00,0.091,0.25,2026-01-04 18:22:00+00:00,0.0909,0.24972527472527473,274.72527472527474,-0.02747252747252826,-0.527197802197803,-0.10989010989011304,0.016666666666666666,roc_reversal,0.091,-1.088139281828071
2609,TOSHI-USD,roc_momentum,buy,2026-01-04 18:21:00+00:00,0.0003858,0.25,2026-01-04 18:22:00+00:00,0.0003862,0.25025920165889065,64800.414722654226,0.02592016588906232,-0.4743390357698283,0.10368066355624928,0.016666666666666666,roc_reversal,0.0003862,-0.10357327809424888
2610,MOODENG-USD,roc_momentum,buy,2026-01-04 18:22:00+00:00,0.0909,0.25,2026-01-04 18:23:00+00:00,0.0911,0.25055005500550054,275.02750275027506,0.05500550055005658,-0.445544554455444,0.22002200220022633,0.016666666666666666,roc_reversal,0.0911,-0.6543075245365348
2611,TOSHI-USD,roc_momentum,buy,2026-01-04 18:22:00+00:00,0.0003862,0.25,2026-01-04 18:24:00+00:00,0.0003853,0.24941740031071982,64733.2988089073,-0.058259968928017984,-0.5576773692387378,-0.23303987571207194,0.03333333333333333,roc_peak_drop,0.0003862,0.12966804979253066
2612,MOODENG-USD,roc_momentum,buy,2026-01-04 18:23:00+00:00,0.0911,0.25,2026-01-04 18:25:00+00:00,0.0911,0.25,274.423710208562,0.0,-0.5,0.0,0.03333333333333333,roc_peak_drop,0.0911,0.4410143329658167
2613,TOSHI-USD,roc_momentum,buy,2026-01-04 18:24:00+00:00,0.0003853,0.25,2026-01-04 18:25:00+00:00,0.0003847,0.2496106929665196,64884.50558006748,-0.038930703348037915,-0.5385413963145576,-0.15572281339215166,0.016666666666666666,roc_reversal,0.0003853,-0.05188067444876765
2614,TOSHI-USD,roc_momentum,buy,2026-01-04 18:25:00+00:00,0.0003847,0.25,2026-01-04 18:26:00+00:00,0.0003847,0.25,64985.70314530803,0.0,-0.5,0.0,0.016666666666666666,roc_reversal,0.0003847,-0.2075226977950595
2615,TOSHI-USD,roc_momentum,buy,2026-01-04 18:26:00+00:00,0.0003847,0.25,2026-01-04 18:27:00+00:00,0.0003852,0.2503249285157265,64985.70314530803,0.032492851572651284,-0.4678320769430752,0.12997140629060513,0.016666666666666666,roc_reversal,0.0003852,-0.2589331952356333
2616,MOODENG-USD,roc_momentum,buy,2026-01-04 18:25:00+00:00,0.0911,0.25,2026-01-04 18:28:00+00:00,0.0912,0.2502744237102086,274.423710208562,0.027442371020856986,-0.4728320526893516,0.10976948408342795,0.05,roc_peak_drop,0.0912,0.22002200220021528
2617,TOSHI-USD,roc_momentum,buy,2026-01-04 18:27:00+00:00,0.0003852,0.25,2026-01-04 18:28:00+00:00,0.000385,0.24987019730010385,64901.349948078925,-0.0129802699896161,-0.51285046728972,-0.0519210799584644,0.016666666666666666,roc_reversal,0.0003852,-0.2589331952356333
2618,MOODENG-USD,roc_momentum,buy,2026-01-04 18:28:00+00:00,0.0912,0.25,2026-01-04 18:29:00+00:00,0.0911,0.24972587719298245,274.12280701754383,-0.02741228070175517,-0.5271381578947376,-0.10964912280702067,0.016666666666666666,roc_peak_drop,0.0912,0.1097694840834329
2619,TOSHI-USD,roc_momentum,buy,2026-01-04 18:28:00+00:00,0.000385,0.25,2026-01-04 18:29:00+00:00,0.0003844,0.24961038961038964,64935.06493506494,-0.03896103896103639,-0.538571428571426,-0.15584415584414557,0.016666666666666666,roc_reversal,0.000385,-0.23358422008823432
2620,MOODENG-USD,roc_momentum,buy,2026-01-04 18:29:00+00:00,0.0911,0.25,2026-01-04 18:30:00+00:00,0.091,0.24972557628979142,274.423710208562,-0.027442371020856986,-0.5271679473106484,-0.10976948408342795,0.016666666666666666,roc_reversal,0.0911,
2621,TOSHI-USD,roc_momentum,buy,2026-01-04 18:29:00+00:00,0.0003844,0.25,2026-01-04 18:30:00+00:00,0.0003845,0.2500650364203954,65036.42039542143,0.006503642039542301,-0.4935613943808531,0.026014568158169205,0.016666666666666666,roc_reversal,0.0003845,-0.051988562516247505
2622,MOODENG-USD,roc_momentum,buy,2026-01-04 18:30:00+00:00,0.091,0.25,2026-01-04 18:31:00+00:00,0.0906,0.2489010989010989,274.72527472527474,-0.10989010989010922,-0.6087912087912082,-0.4395604395604369,0.016666666666666666,roc_reversal,0.091,-0.1097694840834329
2623,TOSHI-USD,roc_momentum,buy,2026-01-04 18:30:00+00:00,0.0003845,0.25,2026-01-04 18:31:00+00:00,0.0003831,0.2490897269180754,65019.50585175552,-0.09102730819245994,-0.5901170351105354,-0.36410923276983975,0.016666666666666666,roc_reversal,0.0003845,-0.051988562516247505
2624,MOODENG-USD,roc_momentum,buy,2026-01-04 18:31:00+00:00,0.0906,0.25,2026-01-04 18:32:00+00:00,0.0909,0.2508278145695364,275.9381898454746,0.08278145695364092,-0.4180463576158955,0.3311258278145637,0.016666666666666666,roc_reversal,0.0909,-0.2195389681668547
2625,TOSHI-USD,roc_momentum,buy,2026-01-04 18:31:00+00:00,0.0003831,0.25,2026-01-04 18:32:00+00:00,0.0003833,0.25013051422605065,65257.11302531976,0.01305142260506427,-0.4870790916209864,0.05220569042025708,0.016666666666666666,roc_reversal,0.0003833,-0.41590850012998004
2626,MOODENG-USD,roc_momentum,buy,2026-01-04 18:32:00+00:00,0.0909,0.25,2026-01-04 18:33:00+00:00,0.0908,0.24972497249724976,275.02750275027506,-0.027502750275024475,-0.5272277227722743,-0.1100110011000979,0.016666666666666666,roc_reversal,0.0909,-0.2195389681668547
2627,TOSHI-USD,roc_momentum,buy,2026-01-04 18:32:00+00:00,0.0003833,0.25,2026-01-04 18:33:00+00:00,0.0003846,0.25084789981737543,65223.062875032614,0.08478998173754446,-0.416057918079831,0.3391599269501778,0.016666666666666666,roc_reversal,0.0003846,-0.10389610389609505
2628,MOODENG-USD,roc_momentum,buy,2026-01-04 18:33:00+00:00,0.0908,0.25,2026-01-04 18:34:00+00:00,0.0908,0.25,275.3303964757709,0.0,-0.5,0.0,0.016666666666666666,roc_reversal,0.0908,-0.3293084522502654
2629,TOSHI-USD,roc_momentum,buy,2026-01-04 18:33:00+00:00,0.0003846,0.25,2026-01-04 18:34:00+00:00,0.0003843,0.249804992199688,65002.60010400416,-0.01950078003120172,-0.5193057722308897,-0.07800312012480688,0.016666666666666666,roc_reversal,0.0003846,-0.02601456815817249
2630,MOODENG-USD,roc_momentum,buy,2026-01-04 18:34:00+00:00,0.0908,0.25,2026-01-04 18:35:00+00:00,0.0908,0.25,275.3303964757709,0.0,-0.5,0.0,0.016666666666666666,roc_reversal,0.0908,-0.2197802197802079
2631,TOSHI-USD,roc_momentum,buy,2026-01-04 18:34:00+00:00,0.0003843,0.25,2026-01-04 18:35:00+00:00,0.0003844,0.25006505334374185,65053.34374186833,0.006505334374186991,-0.49355971896955486,0.026021337496747964,0.016666666666666666,roc_reversal,0.0003844,-0.02600780234069955
2632,MOODENG-USD,roc_momentum,buy,2026-01-04 18:35:00+00:00,0.0908,0.25,2026-01-04 18:37:00+00:00,0.0906,0.24944933920704845,275.3303964757709,-0.05506607929515576,-0.5545154185022042,-0.22026431718062303,0.03333333333333333,roc_peak_drop,0.0909,0.3311258278145601
2633,TOSHI-USD,roc_momentum,buy,2026-01-04 18:35:00+00:00,0.0003844,0.25,2026-01-04 18:37:00+00:00,0.0003843,0.24993496357960457,65036.42039542143,-0.006503642039542301,-0.5064386056191469,-0.026014568158169205,0.03333333333333333,roc_peak_drop,0.0003846,0.3915426781519349
2634,MOODENG-USD,roc_momentum,buy,2026-01-04 18:37:00+00:00,0.0906,0.25,2026-01-04 18:38:00+00:00,0.0896,0.24724061810154524,275.9381898454746,-0.27593818984547486,-0.7731788079470201,-1.1037527593818994,0.016666666666666666,roc_reversal,0.0906,-0.3300330033003229
2635,TOSHI-USD,roc_momentum,buy,2026-01-04 18:45:00+00:00,0.0003865,0.25,2026-01-04 18:49:00+00:00,0.0003867,0.2501293661060802,64683.05304010349,0.012936610608021013,-0.4871927554980592,0.05174644243208405,0.06666666666666667,roc_peak_drop,0.0003867,1.1773940345368938
2636,TOSHI-USD,roc_momentum,buy,2026-01-04 18:50:00+00:00,0.0003867,0.25,2026-01-04 18:52:00+00:00,0.0003867,0.25,64649.59917248513,0.0,-0.5,0.0,0.03333333333333333,roc_peak_drop,0.0003867,0.10354646647683374
2637,MOODENG-USD,roc_momentum,buy,2026-01-04 18:52:00+00:00,0.0909,0.25,2026-01-04 18:54:00+00:00,0.0907,0.24944994499449946,275.02750275027506,-0.055005500550052766,-0.5544554455445523,-0.22002200220021106,0.03333333333333333,roc_peak_drop,0.0909,0.5543237250554389
2638,MOODENG-USD,roc_momentum,buy,2026-01-04 18:56:00+00:00,0.0907,0.25,2026-01-04 18:57:00+00:00,0.0907,0.25,275.63395810363835,0.0,-0.5,0.0,0.016666666666666666,roc_reversal,0.0907,-0.11013215859031478
2639,TIA-USD,roc_momentum,buy,2026-01-04 18:20:00+00:00,0.5845,0.25,2026-01-04 19:07:00+00:00,0.5665,0.2423011120615911,42.7715996578272,-0.7698887938408903,-1.2621899059024815,-3.079555175363561,0.7833333333333333,roc_reversal,0.5845,
2640,EDGE-USD,roc_momentum,buy,2026-01-04 19:15:00+00:00,0.16054,0.25,2026-01-04 19:16:00+00:00,0.16018,0.24943939205182508,155.72443004858604,-0.05606079481749085,-0.5555001868693159,-0.2242431792699634,0.016666666666666666,roc_peak_drop,0.16054,2.5814696485622957
2641,EDGE-USD,roc_momentum,buy,2026-01-04 19:16:00+00:00,0.16018,0.25,2026-01-04 19:18:00+00:00,0.16155,0.2521382195030591,156.0744162816831,0.21382195030590745,-0.28831626919715164,0.8552878012236298,0.03333333333333333,roc_peak_drop,0.16156,1.4250737648314526
2642,EDGE-USD,roc_momentum,buy,2026-01-04 19:18:00+00:00,0.16155,0.25,2026-01-04 19:19:00+00:00,0.16064,0.2485917672547199,154.75085112968122,-0.140823274528009,-0.6394150417827289,-0.563293098112036,0.016666666666666666,roc_peak_drop,0.16155,0.9687500000000071
2643,EDGE-USD,roc_momentum,buy,2026-01-04 19:19:00+00:00,0.16064,0.25,2026-01-04 19:20:00+00:00,0.15962,0.24841259960159365,155.62749003984064,-0.15874003984063637,-0.65715263944223,-0.6349601593625455,0.016666666666666666,roc_peak_drop,0.16064,0.40000000000000036
2644,TOSHI-USD,roc_momentum,buy,2026-01-04 18:53:00+00:00,0.0003867,0.25,2026-01-04 19:38:00+00:00,0.0003759,0.24301784328937157,64649.59917248513,-0.6982156710628423,-1.191233514352214,-2.7928626842513693,0.75,roc_reversal,0.0003867,
2645,EDGE-USD,roc_momentum,buy,2026-01-04 20:11:00+00:00,0.1563,0.25,2026-01-04 20:12:00+00:00,0.15631,0.2500159948816379,159.9488163787588,0.0015994881637891878,-0.4984165067178487,0.006397952655156751,0.016666666666666666,roc_reversal,0.15631,-1.2882854436375046
2646,EDGE-USD,roc_momentum,buy,2026-01-04 20:12:00+00:00,0.15631,0.25,2026-01-04 20:13:00+00:00,0.15631,0.25,159.93858358390378,0.0,-0.5,0.0,0.016666666666666666,roc_reversal,0.15631,-0.18518518518517713
2647,EDGE-USD,roc_momentum,buy,2026-01-04 20:13:00+00:00,0.15631,0.25,2026-01-04 20:14:00+00:00,0.1558,0.2491843132237221,159.93858358390378,-0.0815686776277926,-0.5807529908515147,-0.3262747105111704,0.016666666666666666,roc_reversal,0.15631,-0.18518518518517713
2648,EDGE-USD,roc_momentum,buy,2026-01-04 20:14:00+00:00,0.1558,0.25,2026-01-04 20:15:00+00:00,0.15575,0.24991976893453147,160.46213093709886,-0.008023106546854059,-0.5079428754813855,-0.032092426187416236,0.016666666666666666,roc_reversal,0.1558,-0.351887396033268
2649,EDGE-USD,roc_momentum,buy,2026-01-04 20:15:00+00:00,0.15575,0.25,2026-01-04 20:16:00+00:00,0.15575,0.25,160.51364365971108,0.0,-0.5,0.0,0.016666666666666666,roc_reversal,0.15575,-0.351887396033268
2650,EDGE-USD,roc_momentum,buy,2026-01-04 20:16:00+00:00,0.15575,0.25,2026-01-04 20:17:00+00:00,0.15575,0.25,160.51364365971108,0.0,-0.5,0.0,0.016666666666666666,roc_reversal,0.15575,-0.351887396033268
2651,EDGE-USD,roc_momentum,buy,2026-01-04 20:17:00+00:00,0.15575,0.25,2026-01-04 20:18:00+00:00,0.15575,0.25,160.51364365971108,0.0,-0.5,0.0,0.016666666666666666,roc_reversal,0.15575,-0.3582624272279511
2652,EDGE-USD,roc_momentum,buy,2026-01-04 20:18:00+00:00,0.15575,0.25,2026-01-04 20:19:00+00:00,0.15553,0.24964686998394864,160.51364365971108,-0.03531300160513611,-0.5349598715890848,-0.14125200642054445,0.016666666666666666,roc_reversal,0.15575,-0.17329910141206106
2653,EDGE-USD,roc_momentum,buy,2026-01-04 20:19:00+00:00,0.15553,0.25,2026-01-04 20:20:00+00:00,0.15372,0.24709059345463896,160.7406931138687,-0.29094065453610335,-0.7880312479907423,-1.1637626181444134,0.016666666666666666,roc_reversal,0.15553,-0.17329910141206106
2654,TOSHI-USD,roc_momentum,buy,2026-01-04 20:34:00+00:00,0.0003814,0.25,2026-01-04 20:36:00+00:00,0.0003804,0.24934452018877817,65547.98112218143,-0.06554798112218303,-0.5648925013109612,-0.26219192448873213,0.03333333333333333,roc_peak_drop,0.0003814,0.31562335612833614
2655,FIL-USD,roc_momentum,buy,2026-01-05 14:37:00+00:00,1.549,0.25,2026-01-05 14:41:00+00:00,1.544,0.2491930277598451,16.139444803098772,-0.08069722401549215,-0.5798902517753373,-0.3227888960619686,0.06666666666666667,roc_peak_drop,1.549,1.6404199475065662
2656,FIL-USD,roc_momentum,buy,2026-01-05 15:00:00+00:00,1.56,0.25,2026-01-05 15:03:00+00:00,1.557,0.24951923076923074,16.025641025641026,-0.0480769230769249,-0.5475961538461557,-0.1923076923076996,0.05,roc_peak_drop,1.566,1.6883116883116944
2657,FIL-USD,roc_momentum,buy,2026-01-05 15:03:00+00:00,1.557,0.25,2026-01-05 15:05:00+00:00,1.558,0.25016056518946694,16.056518946692357,0.016056518946694156,-0.4841040462427728,0.06422607578677662,0.03333333333333333,roc_peak_drop,1.56,1.2987012987013102
2658,FIL-USD,roc_momentum,buy,2026-01-05 15:05:00+00:00,1.558,0.25,2026-01-05 15:06:00+00:00,1.556,0.2496790757381258,16.046213093709884,-0.032092426187419795,-0.5317715019255456,-0.12836970474967918,0.016666666666666666,roc_reversal,1.558,-0.12820512820512775
2659,FIL-USD,roc_momentum,buy,2026-01-05 15:06:00+00:00,1.556,0.25,2026-01-05 15:07:00+00:00,1.556,0.25,16.066838046272494,0.0,-0.5,0.0,0.016666666666666666,roc_reversal,1.556,-0.5115089514066473
2660,FIL-USD,roc_momentum,buy,2026-01-05 15:07:00+00:00,1.556,0.25,2026-01-05 15:09:00+00:00,1.558,0.25032133676092544,16.066838046272494,0.03213367609254501,-0.4681876606683804,0.12853470437018005,0.03333333333333333,roc_reversal,1.558,
2661,FIL-USD,roc_momentum,buy,2026-01-05 15:09:00+00:00,1.558,0.25,2026-01-05 15:10:00+00:00,1.554,0.2493581514762516,16.046213093709884,-0.06418485237483959,-0.5635430038510912,-0.25673940949935836,0.016666666666666666,roc_reversal,1.558,-0.12820512820512775
2662,FIL-USD,roc_momentum,buy,2026-01-05 15:10:00+00:00,1.554,0.25,2026-01-05 15:17:00+00:00,1.609,0.2588481338481338,16.087516087516086,0.8848133848133838,0.37596525096524996,3.539253539253535,0.11666666666666667,take_profit,1.609,3.14102564102563
2663,FIL-USD,roc_momentum,buy,2026-01-05 15:17:00+00:00,1.609,0.25,2026-01-05 15:19:00+00:00,1.601,0.24875699192044748,15.537600994406464,-0.12430080795525182,-0.6230577998756993,-0.4972032318210073,0.03333333333333333,roc_peak_drop,1.609,3.14102564102563
2664,FIL-USD,roc_momentum,buy,2026-01-05 15:19:00+00:00,1.601,0.25,2026-01-05 15:21:00+00:00,1.594,0.2489069331667708,15.615240474703311,-0.10930668332292154,-0.6082136164896923,-0.43722673329168615,0.03333333333333333,roc_peak_drop,1.607,1.7800381436745116
2665,FIL-USD,roc_momentum,buy,2026-01-05 15:21:00+00:00,1.594,0.25,2026-01-05 15:22:00+00:00,1.601,0.2510978670012547,15.683814303638645,0.10978670012546886,-0.3913111668757858,0.43914680050187543,0.016666666666666666,roc_peak_drop,1.601,0.2515723270440251
2666,FIL-USD,roc_momentum,buy,2026-01-05 15:22:00+00:00,1.601,0.25,2026-01-05 15:24:00+00:00,1.604,0.2504684572142411,15.615240474703311,0.046845721424111704,-0.4536227357901294,0.18738288569644682,0.03333333333333333,roc_peak_drop,1.607,0.4375000000000018
2667,FIL-USD,roc_momentum,buy,2026-01-05 15:24:00+00:00,1.604,0.25,2026-01-05 15:27:00+00:00,1.614,0.25155860349127185,15.586034912718203,0.15586034912718216,-0.34569825436408963,0.6234413965087287,0.05,roc_peak_drop,1.616,1.3801756587201952
2668,FIL-USD,roc_momentum,buy,2026-01-05 15:27:00+00:00,1.614,0.25,2026-01-05 15:28:00+00:00,1.614,0.25,15.489467162329614,0.0,-0.5,0.0,0.016666666666666666,roc_peak_drop,1.614,0.8119925046845777
2669,FIL-USD,roc_momentum,buy,2026-01-05 15:28:00+00:00,1.614,0.25,2026-01-05 15:30:00+00:00,1.609,0.2492255266418835,15.489467162329614,-0.07744733581164986,-0.5766728624535333,-0.30978934324659946,0.03333333333333333,roc_peak_drop,1.62,0.9975062344139696
2670,FIL-USD,roc_momentum,buy,2026-01-05 15:30:00+00:00,1.609,0.25,2026-01-05 15:31:00+00:00,1.609,0.25,15.537600994406464,0.0,-0.5,0.0,0.016666666666666666,roc_reversal,1.609,-0.12414649286157653
2671,FIL-USD,roc_momentum,buy,2026-01-05 15:31:00+00:00,1.609,0.25,2026-01-05 15:33:00+00:00,1.616,0.2510876320696085,15.537600994406464,0.10876320696084707,-0.3923244251087614,0.4350528278433883,0.03333333333333333,roc_peak_drop,1.619,0.30978934324659146
2672,FIL-USD,roc_momentum,buy,2026-01-05 15:33:00+00:00,1.616,0.25,2026-01-05 15:34:00+00:00,1.611,0.24922648514851484,15.47029702970297,-0.07735148514851663,-0.5765779702970315,-0.3094059405940665,0.016666666666666666,roc_peak_drop,1.616,0.12391573729864103
2673,FIL-USD,roc_momentum,buy,2026-01-05 15:34:00+00:00,1.611,0.25,2026-01-05 15:37:00+00:00,1.617,0.25093109869646185,15.518311607697083,0.09310986964618258,-0.40782122905027923,0.3724394785847303,0.05,roc_peak_drop,1.618,0.5593536357986428
2674,FIL-USD,roc_momentum,buy,2026-01-05 15:37:00+00:00,1.617,0.25,2026-01-05 15:38:00+00:00,1.611,0.24907235621521337,15.460729746444033,-0.09276437847866427,-0.5918367346938777,-0.3710575139146571,0.016666666666666666,roc_reversal,1.617,-0.12353304508956331
2675,FIL-USD,roc_momentum,buy,2026-01-05 15:38:00+00:00,1.611,0.25,2026-01-05 15:40:00+00:00,1.613,0.25031036623215397,15.518311607697083,0.03103662321539419,-0.4692737430167597,0.12414649286157677,0.03333333333333333,roc_peak_drop,1.613,0.062073246430793816
2676,FIL-USD,roc_momentum,buy,2026-01-05 15:40:00+00:00,1.613,0.25,2026-01-05 15:46:00+00:00,1.629,0.25247985120892746,15.499070055796652,0.24798512089274666,-0.2544947303161808,0.9919404835709866,0.1,roc_peak_drop,1.636,1.1750154607297336
2677,FIL-USD,roc_momentum,buy,2026-01-05 15:46:00+00:00,1.629,0.25,2026-01-05 15:47:00+00:00,1.626,0.24953959484346222,15.346838551258442,-0.046040515653777064,-0.5455801104972393,-0.18416206261510826,0.016666666666666666,roc_reversal,1.629,-0.12262415695891704
2678,FIL-USD,roc_momentum,buy,2026-01-05 15:47:00+00:00,1.626,0.25,2026-01-05 15:50:00+00:00,1.632,0.25092250922509224,15.375153751537516,0.09225092250922518,-0.40867158671586706,0.3690036900369007,0.05,roc_peak_drop,1.634,0.30693677102515693
2679,FIL-USD,roc_momentum,buy,2026-01-05 15:50:00+00:00,1.632,0.25,2026-01-05 15:51:00+00:00,1.631,0.24984681372549022,15.318627450980394,-0.015318627450978705,-0.5151654411764689,-0.06127450980391482,0.016666666666666666,roc_peak_drop,1.632,0.18416206261508972
2680,FIL-USD,roc_momentum,buy,2026-01-05 15:51:00+00:00,1.631,0.25,2026-01-05 15:53:00+00:00,1.632,0.25015328019619865,15.328019619865113,0.015328019619863424,-0.4848252605763352,0.0613120784794537,0.03333333333333333,roc_peak_drop,1.637,0.6765067650676526
2681,FIL-USD,roc_momentum,buy,2026-01-05 15:53:00+00:00,1.632,0.25,2026-01-05 15:54:00+00:00,1.627,0.24923406862745098,15.318627450980394,-0.07659313725490033,-0.5758272058823514,-0.3063725490196013,0.016666666666666666,roc_peak_drop,1.632,0.12269938650306678
2682,FIL-USD,roc_momentum,buy,2026-01-05 15:54:00+00:00,1.627,0.25,2026-01-05 15:55:00+00:00,1.631,0.25061462814996927,15.365703749231715,0.061462814996926914,-0.43915181315304236,0.24585125998770765,0.016666666666666666,roc_reversal,1.631,-0.06127450980391025
2683,FIL-USD,roc_momentum,buy,2026-01-05 15:55:00+00:00,1.631,0.25,2026-01-05 16:00:00+00:00,1.648,0.25260576333537704,15.328019619865113,0.2605763335377055,-0.24202942979767159,1.042305334150822,0.08333333333333333,roc_peak_drop,1.655,1.7209588199139425
2684,FIL-USD,roc_momentum,buy,2026-01-05 16:00:00+00:00,1.648,0.25,2026-01-05 16:02:00+00:00,1.66,0.2518203883495146,15.16990291262136,0.18203883495145648,-0.3197815533980581,0.7281553398058259,0.03333333333333333,roc_peak_drop,1.664,1.8983466013472006
2685,FIL-USD,roc_momentum,buy,2026-01-05 16:02:00+00:00,1.66,0.25,2026-01-05 16:04:00+00:00,1.669,0.251355421686747,15.060240963855422,0.1355421686747006,-0.3658132530120464,0.5421686746988024,0.03333333333333333,roc_peak_drop,1.669,1.339013998782712
2686,FIL-USD,roc_momentum,buy,2026-01-05 16:04:00+00:00,1.669,0.25,2026-01-05 16:06:00+00:00,1.659,0.24850209706411025,14.979029358897543,-0.14979029358897555,-0.6482923906530859,-0.5991611743559022,0.03333333333333333,roc_peak_drop,1.669,1.0922330097087318
2687,FIL-USD,roc_momentum,buy,2026-01-05 16:06:00+00:00,1.659,0.25,2026-01-05 16:08:00+00:00,1.671,0.25180831826401445,15.06931886678722,0.18083182640144682,-0.32097649186256766,0.7233273056057873,0.03333333333333333,roc_peak_drop,1.673,0.7831325301204783
2688,FIL-USD,roc_momentum,buy,2026-01-05 16:08:00+00:00,1.671,0.25,2026-01-05 16:11:00+00:00,1.666,0.24925194494314779,14.961101137043686,-0.07480550568522015,-0.574057450628368,-0.2992220227408806,0.05,roc_peak_drop,1.685,1.1404561824730042
2689,FIL-USD,roc_momentum,buy,2026-01-05 16:11:00+00:00,1.666,0.25,2026-01-05 16:12:00+00:00,1.67,0.25060024009603843,15.006002400960385,0.06002400960384159,-0.4405762304921968,0.24009603841536636,0.016666666666666666,roc_peak_drop,1.67,0.42194092827003704
2690,FIL-USD,roc_momentum,buy,2026-01-05 16:12:00+00:00,1.67,0.25,2026-01-05 16:13:00+00:00,1.649,0.2468562874251497,14.970059880239521,-0.3143712574850286,-0.8112275449101782,-1.2574850299401144,0.016666666666666666,roc_reversal,1.67,-0.1793185893604332
2691,FIL-USD,roc_momentum,buy,2026-01-05 16:13:00+00:00,1.649,0.25,2026-01-05 16:14:00+00:00,1.663,0.25212249848392965,15.160703456640388,0.21224984839296562,-0.289872650090964,0.8489993935718625,0.016666666666666666,roc_reversal,1.663,-0.8939213349225206
2692,FIL-USD,roc_momentum,buy,2026-01-05 16:14:00+00:00,1.663,0.25,2026-01-05 16:15:00+00:00,1.652,0.24834636199639204,15.033072760072159,-0.16536380036079557,-0.6637101623571876,-0.6614552014431823,0.016666666666666666,roc_reversal,1.663,-0.8939213349225206
2693,FIL-USD,roc_momentum,buy,2026-01-05 16:15:00+00:00,1.652,0.25,2026-01-05 16:16:00+00:00,1.646,0.24909200968523001,15.13317191283293,-0.09079903147699767,-0.5898910411622277,-0.36319612590799066,0.016666666666666666,roc_reversal,1.652,-1.200480192076836
2694,FIL-USD,roc_momentum,buy,2026-01-05 16:16:00+00:00,1.646,0.25,2026-01-05 16:17:00+00:00,1.642,0.24939246658566222,15.188335358444716,-0.06075334143377892,-0.5601458080194411,-0.24301336573511567,0.016666666666666666,roc_reversal,1.646,-1.200480192076836
2695,FIL-USD,roc_momentum,buy,2026-01-05 16:17:00+00:00,1.642,0.25,2026-01-05 16:18:00+00:00,1.638,0.24939098660170525,15.225334957369062,-0.060901339829476306,-0.5602923264311815,-0.24360535931790522,0.016666666666666666,roc_reversal,1.642,-0.6670709520921858
2696,FIL-USD,roc_momentum,buy,2026-01-05 16:18:00+00:00,1.638,0.25,2026-01-05 16:19:00+00:00,1.639,0.25015262515262515,15.262515262515263,0.01526251526251697,-0.4848901098901082,0.06105006105006788,0.016666666666666666,roc_reversal,1.639,-0.6670709520921858
2697,FIL-USD,roc_momentum,buy,2026-01-05 16:19:00+00:00,1.639,0.25,2026-01-05 16:20:00+00:00,1.635,0.24938987187309336,15.25320317266626,-0.061012812690665094,-0.5604026845637584,-0.24405125076266038,0.016666666666666666,roc_reversal,1.639,-1.0290556900726333
2698,FIL-USD,roc_momentum,buy,2026-01-05 16:20:00+00:00,1.635,0.25,2026-01-05 16:21:00+00:00,1.621,0.2478593272171254,15.290519877675841,-0.21406727828746197,-0.7119266055045873,-0.8562691131498479,0.016666666666666666,roc_reversal,1.635,-1.0290556900726333
2699,FIL-USD,roc_momentum,buy,2026-01-05 16:21:00+00:00,1.621,0.25,2026-01-05 16:22:00+00:00,1.613,0.2487661937075879,15.422578655151142,-0.12338062924120924,-0.6221468229487972,-0.49352251696483695,0.016666666666666666,roc_reversal,1.621,-1.518833535844466
2700,FIL-USD,roc_momentum,buy,2026-01-05 16:22:00+00:00,1.613,0.25,2026-01-05 16:23:00+00:00,1.611,0.24969001859888407,15.499070055796652,-0.030998140111593332,-0.5306881587104774,-0.12399256044637333,0.016666666666666666,roc_reversal,1.613,-1.6483516483516425
2701,FIL-USD,roc_momentum,buy,2026-01-05 16:23:00+00:00,1.611,0.25,2026-01-05 16:24:00+00:00,1.606,0.24922408441961516,15.518311607697083,-0.07759155803848376,-0.5768156424580989,-0.31036623215393505,0.016666666666666666,roc_reversal,1.611,-1.6483516483516425
2702,FIL-USD,roc_momentum,buy,2026-01-05 16:24:00+00:00,1.606,0.25,2026-01-05 16:25:00+00:00,1.596,0.24844333748443337,15.56662515566625,-0.15566625155666264,-0.6541095890410961,-0.6226650062266506,0.016666666666666666,roc_reversal,1.606,-2.0134228187919434
2703,FIL-USD,roc_momentum,buy,2026-01-05 16:25:00+00:00,1.596,0.25,2026-01-05 16:26:00+00:00,1.603,0.25109649122807015,15.664160401002505,0.1096491228070159,-0.39144736842105426,0.4385964912280636,0.016666666666666666,roc_reversal,1.603,-1.1104256631708886
2704,FIL-USD,roc_momentum,buy,2026-01-05 16:26:00+00:00,1.603,0.25,2026-01-05 16:27:00+00:00,1.594,0.24859638178415472,15.595757953836557,-0.1403618215845274,-0.6389582033686821,-0.5614472863381096,0.016666666666666666,roc_reversal,1.603,-1.1104256631708886
2705,FIL-USD,roc_momentum,buy,2026-01-05 16:27:00+00:00,1.594,0.25,2026-01-05 16:28:00+00:00,1.592,0.24968632371392724,15.683814303638645,-0.03136762860727731,-0.5310539523212046,-0.12547051442910925,0.016666666666666666,roc_reversal,1.594,-1.1779293242405342
2706,FIL-USD,roc_momentum,buy,2026-01-05 16:28:00+00:00,1.592,0.25,2026-01-05 16:29:00+00:00,1.591,0.24984296482412058,15.703517587939698,-0.015703517587941456,-0.515546482412062,-0.06281407035176582,0.016666666666666666,roc_reversal,1.592,-0.9339975093399788
2707,FIL-USD,roc_momentum,buy,2026-01-05 16:29:00+00:00,1.591,0.25,2026-01-05 16:30:00+00:00,1.583,0.2487429289754871,15.713387806411063,-0.1257071024512886,-0.6244500314267757,-0.5028284098051544,0.016666666666666666,roc_reversal,1.591,-0.8145363408521344
2708,FIL-USD,roc_momentum,buy,2026-01-05 16:30:00+00:00,1.583,0.25,2026-01-05 16:31:00+00:00,1.594,0.25173720783322806,15.792798483891346,0.17372078332280672,-0.32801642451042134,0.6948831332912269,0.016666666666666666,roc_reversal,1.594,-0.5614472863381126
2709,FIL-USD,roc_momentum,buy,2026-01-05 16:31:00+00:00,1.594,0.25,2026-01-05 16:32:00+00:00,1.591,0.24952948557089083,15.683814303638645,-0.047051442910917715,-0.5465809284818085,-0.18820577164367086,0.016666666666666666,roc_reversal,1.594,-0.18820577164366803
2710,FIL-USD,roc_momentum,buy,2026-01-05 16:32:00+00:00,1.591,0.25,2026-01-05 16:33:00+00:00,1.59,0.2498428661219359,15.713387806411063,-0.01571338780640933,-0.5155562539283453,-0.06285355122563732,0.016666666666666666,roc_reversal,1.591,-0.12562814070351536
2711,FIL-USD,roc_momentum,buy,2026-01-05 16:33:00+00:00,1.59,0.25,2026-01-05 16:34:00+00:00,1.584,0.2490566037735849,15.723270440251572,-0.09433962264150951,-0.5933962264150944,-0.37735849056603804,0.016666666666666666,roc_reversal,1.59,-0.12562814070351536
2712,FIL-USD,roc_momentum,buy,2026-01-05 16:34:00+00:00,1.584,0.25,2026-01-05 16:36:00+00:00,1.584,0.25,15.782828282828282,0.0,-0.5,0.0,0.03333333333333333,roc_peak_drop,1.585,0.12634238787112562
2713,FIL-USD,roc_momentum,buy,2026-01-05 16:36:00+00:00,1.584,0.25,2026-01-05 16:37:00+00:00,1.579,0.24921085858585856,15.782828282828282,-0.07891414141414323,-0.5781250000000018,-0.3156565656565729,0.016666666666666666,roc_reversal,1.584,-0.6273525721455453
2714,FIL-USD,roc_momentum,buy,2026-01-05 16:37:00+00:00,1.579,0.25,2026-01-05 16:38:00+00:00,1.586,0.25110829639012033,15.832805573147562,0.1108296390120348,-0.39027865737808554,0.4433185560481392,0.016666666666666666,roc_reversal,1.586,-0.2515723270440251
2715,FIL-USD,roc_momentum,buy,2026-01-05 16:38:00+00:00,1.586,0.25,2026-01-05 16:39:00+00:00,1.582,0.24936948297604036,15.762925598991172,-0.06305170239596475,-0.5624211853720051,-0.252206809583859,0.016666666666666666,roc_reversal,1.586,-0.12626262626262985
2716,FIL-USD,roc_momentum,buy,2026-01-05 16:39:00+00:00,1.582,0.25,2026-01-05 16:40:00+00:00,1.583,0.25015802781289503,15.802781289506953,0.015802781289505213,-0.48435524652338985,0.06321112515802085,0.016666666666666666,roc_reversal,1.583,-0.12618296529968154
2717,FIL-USD,roc_momentum,buy,2026-01-05 16:40:00+00:00,1.583,0.25,2026-01-05 16:43:00+00:00,1.584,0.25015792798483893,15.792798483891346,0.015792798483893113,-0.4843651295009458,0.06317119393557245,0.05,roc_peak_drop,1.586,0.4433185560481334
2718,FIL-USD,roc_momentum,buy,2026-01-05 16:43:00+00:00,1.584,0.25,2026-01-05 16:46:00+00:00,1.585,0.2501578282828283,15.782828282828282,0.015782828282826542,-0.4843750000000017,0.06313131313130617,0.05,roc_reversal,1.585,
2719,FIL-USD,roc_momentum,buy,2026-01-05 16:46:00+00:00,1.585,0.25,2026-01-05 16:48:00+00:00,1.584,0.2498422712933754,15.772870662460567,-0.015772870662458832,-0.5156151419558342,-0.06309148264983533,0.03333333333333333,roc_peak_drop,1.591,0.31525851197982124
2720,FIL-USD,roc_momentum,buy,2026-01-05 16:48:00+00:00,1.584,0.25,2026-01-05 16:50:00+00:00,1.586,0.2503156565656566,15.782828282828282,0.031565656565656595,-0.46875,0.12626262626262638,0.03333333333333333,roc_peak_drop,1.587,0.3160556257901348
2721,FIL-USD,roc_momentum,buy,2026-01-05 16:50:00+00:00,1.586,0.25,2026-01-05 16:51:00+00:00,1.584,0.24968474148802017,15.762925598991172,-0.031525851197982374,-0.5312105926860026,-0.1261034047919295,0.016666666666666666,roc_peak_drop,1.586,0.18951358180669953
2722,FIL-USD,roc_momentum,buy,2026-01-05 16:51:00+00:00,1.584,0.25,2026-01-05 16:52:00+00:00,1.575,0.24857954545454544,15.782828282828282,-0.14204545454545642,-0.6406250000000019,-0.5681818181818257,0.016666666666666666,roc_reversal,1.584,-0.06309148264983522
2723,FIL-USD,roc_momentum,buy,2026-01-05 16:52:00+00:00,1.575,0.25,2026-01-05 16:53:00+00:00,1.583,0.25126984126984125,15.873015873015873,0.1269841269841271,-0.37428571428571417,0.5079365079365084,0.016666666666666666,roc_reversal,1.583,-0.06313131313131493
2724,FIL-USD,roc_momentum,buy,2026-01-05 16:53:00+00:00,1.583,0.25,2026-01-05 16:54:00+00:00,1.582,0.2498420720151611,15.792798483891346,-0.015792798483889606,-0.5156348704990507,-0.06317119393555842,0.016666666666666666,roc_reversal,1.583,-0.06313131313131493
2725,FIL-USD,roc_momentum,buy,2026-01-05 16:54:00+00:00,1.582,0.25,2026-01-05 16:55:00+00:00,1.584,0.2503160556257901,15.802781289506953,0.03160556257901393,-0.4687104930467762,0.12642225031605572,0.016666666666666666,roc_reversal,1.584,-0.12610340479193294
2726,FIL-USD,roc_momentum,buy,2026-01-05 16:55:00+00:00,1.584,0.25,2026-01-05 16:58:00+00:00,1.589,0.2507891414141414,15.782828282828282,0.07891414141413973,-0.42187500000000167,0.3156565656565589,0.05,roc_peak_drop,1.589,0.6984126984127093
2727,FIL-USD,roc_momentum,buy,2026-01-05 16:58:00+00:00,1.589,0.25,2026-01-05 17:04:00+00:00,1.599,0.2515733165512901,15.733165512901197,0.1573316551290121,-0.344241661422278,0.6293266205160484,0.1,roc_peak_drop,1.604,1.1349306431273742
2728,FIL-USD,roc_momentum,buy,2026-01-05 17:04:00+00:00,1.599,0.25,2026-01-05 17:05:00+00:00,1.597,0.24968730456535335,15.634771732332709,-0.03126954346466544,-0.5309568480300187,-0.12507817385866177,0.016666666666666666,roc_peak_drop,1.599,0.6293266205160464
2729,FIL-USD,roc_momentum,buy,2026-01-05 17:05:00+00:00,1.597,0.25,2026-01-05 17:06:00+00:00,1.599,0.2503130870381966,15.654351909830932,0.031308703819661894,-0.4690043832185347,0.12523481527864758,0.016666666666666666,roc_peak_drop,1.599,0.25109855618330457
2730,FIL-USD,roc_momentum,buy,2026-01-05 17:06:00+00:00,1.599,0.25,2026-01-05 17:07:00+00:00,1.594,0.24921826141338338,15.634771732332709,-0.07817385866166188,-0.5773921200750453,-0.3126954346466475,0.016666666666666666,roc_peak_drop,1.599,0.06257822277846437
2731,FIL-USD,roc_momentum,buy,2026-01-05 17:07:00+00:00,1.594,0.25,2026-01-05 17:08:00+00:00,1.596,0.25031367628607276,15.683814303638645,0.03136762860727731,-0.46894604767879544,0.12547051442910925,0.016666666666666666,roc_reversal,1.596,-0.3745318352059934
2732,FIL-USD,roc_momentum,buy,2026-01-05 17:08:00+00:00,1.596,0.25,2026-01-05 17:09:00+00:00,1.595,0.24984335839598995,15.664160401002505,-0.015664160401004257,-0.5155075187969942,-0.06265664160401703,0.016666666666666666,roc_reversal,1.596,-0.250156347717323
2733,FIL-USD,roc_momentum,buy,2026-01-05 17:09:00+00:00,1.595,0.25,2026-01-05 17:10:00+00:00,1.596,0.2501567398119122,15.673981191222571,0.015673981191224325,-0.4844827586206879,0.0626959247648973,0.016666666666666666,roc_reversal,1.596,-0.06261740763932044
2734,FIL-USD,roc_momentum,buy,2026-01-05 17:10:00+00:00,1.596,0.25,2026-01-05 17:11:00+00:00,1.596,0.25,15.664160401002505,0.0,-0.5,0.0,0.016666666666666666,roc_reversal,1.596,-0.06261740763932044
2735,FIL-USD,roc_momentum,buy,2026-01-05 17:11:00+00:00,1.596,0.25,2026-01-05 17:13:00+00:00,1.597,0.25015664160401,15.664160401002505,0.01566416040100078,-0.48449248120300925,0.06265664160400312,0.03333333333333333,roc_peak_drop,1.597,0.18820577164366803
2736,FIL-USD,roc_momentum,buy,2026-01-05 17:13:00+00:00,1.597,0.25,2026-01-05 17:15:00+00:00,1.599,0.2503130870381966,15.654351909830932,0.031308703819661894,-0.4690043832185347,0.12523481527864758,0.03333333333333333,roc_peak_drop,1.601,0.37617554858935254
2737,FIL-USD,roc_momentum,buy,2026-01-05 17:15:00+00:00,1.599,0.25,2026-01-05 17:16:00+00:00,1.597,0.24968730456535335,15.634771732332709,-0.03126954346466544,-0.5309568480300187,-0.12507817385866177,0.016666666666666666,roc_peak_drop,1.599,0.1879699248120259
2738,FIL-USD,roc_momentum,buy,2026-01-05 17:16:00+00:00,1.597,0.25,2026-01-05 17:17:00+00:00,1.596,0.2498434564809017,15.654351909830932,-0.01565435190982921,-0.5154978083907309,-0.06261740763931684,0.016666666666666666,roc_peak_drop,1.597,0.06265664160400863
2739,FIL-USD,roc_momentum,buy,2026-01-05 17:17:00+00:00,1.596,0.25,2026-01-05 17:18:00+00:00,1.594,0.24968671679197996,15.664160401002505,-0.03132832080200504,-0.5310150375939849,-0.12531328320802015,0.016666666666666666,roc_reversal,1.596,-0.06261740763932044
2740,FIL-USD,roc_momentum,buy,2026-01-05 17:18:00+00:00,1.594,0.25,2026-01-05 17:19:00+00:00,1.592,0.24968632371392724,15.683814303638645,-0.03136762860727731,-0.5310539523212046,-0.12547051442910925,0.016666666666666666,roc_reversal,1.594,-0.18785222291796133
2741,FIL-USD,roc_momentum,buy,2026-01-05 17:19:00+00:00,1.592,0.25,2026-01-05 17:20:00+00:00,1.588,0.24937185929648242,15.703517587939698,-0.06281407035175884,-0.5621859296482412,-0.2512562814070354,0.016666666666666666,roc_reversal,1.592,-0.5621486570893119
2742,FIL-USD,roc_momentum,buy,2026-01-05 17:20:00+00:00,1.588,0.25,2026-01-05 17:21:00+00:00,1.588,0.25,15.74307304785894,0.0,-0.5,0.0,0.016666666666666666,roc_reversal,1.588,-0.5635566687539062
2743,FIL-USD,roc_momentum,buy,2026-01-05 17:21:00+00:00,1.588,0.25,2026-01-05 17:22:00+00:00,1.583,0.24921284634760704,15.74307304785894,-0.07871536523929652,-0.5779282115869036,-0.3148614609571861,0.016666666666666666,roc_reversal,1.588,-0.5635566687539062
2744,FIL-USD,roc_momentum,buy,2026-01-05 17:22:00+00:00,1.583,0.25,2026-01-05 17:23:00+00:00,1.583,0.25,15.792798483891346,0.0,-0.5,0.0,0.016666666666666666,roc_reversal,1.583,-0.6900878293601087
2745,FIL-USD,roc_momentum,buy,2026-01-05 17:23:00+00:00,1.583,0.25,2026-01-05 17:24:00+00:00,1.585,0.2503158559696778,15.792798483891346,0.03158559696778272,-0.46873025900189513,0.1263423878711309,0.016666666666666666,roc_reversal,1.585,-0.43969849246231485
2746,FIL-USD,roc_momentum,buy,2026-01-05 17:24:00+00:00,1.585,0.25,2026-01-05 17:25:00+00:00,1.586,0.2501577287066246,15.772870662460567,0.015772870662462333,-0.4843848580441623,0.06309148264984933,0.016666666666666666,roc_reversal,1.586,-0.12594458438287548
2747,FIL-USD,roc_momentum,buy,2026-01-05 17:25:00+00:00,1.586,0.25,2026-01-05 17:26:00+00:00,1.586,0.25,15.762925598991172,0.0,-0.5,0.0,0.016666666666666666,roc_reversal,1.586,-0.12594458438287548
2748,FIL-USD,roc_momentum,buy,2026-01-05 17:26:00+00:00,1.586,0.25,2026-01-05 17:31:00+00:00,1.595,0.25141866330390916,15.762925598991172,0.14186633039091892,-0.35955233291299027,0.5674653215636757,0.08333333333333333,roc_peak_drop,1.601,0.9457755359394637
2749,FIL-USD,roc_momentum,buy,2026-01-05 17:31:00+00:00,1.595,0.25,2026-01-05 17:32:00+00:00,1.594,0.24984326018808778,15.673981191222571,-0.015673981191220845,-0.5155172413793087,-0.06269592476488338,0.016666666666666666,roc_peak_drop,1.595,0.5674653215636649
2750,FIL-USD,roc_momentum,buy,2026-01-05 17:32:00+00:00,1.594,0.25,2026-01-05 17:34:00+00:00,1.593,0.2498431618569636,15.683814303638645,-0.0156838143036404,-0.515526976160604,-0.0627352572145616,0.03333333333333333,roc_peak_drop,1.594,0.37783375314861534
2751,SHIB-USD,roc_momentum,buy,2026-01-05 20:00:00+00:00,9.18e-06,0.25,2026-01-05 20:04:00+00:00,9.24e-06,0.25163398692810457,2723311.5468409588,0.16339869281045594,-0.33823529411764863,0.6535947712418237,0.06666666666666667,roc_peak_drop,9.26e-06,0.8714596949890963
2752,SHIB-USD,roc_momentum,buy,2026-01-05 20:04:00+00:00,9.24e-06,0.25,2026-01-05 20:07:00+00:00,9.25e-06,0.25027056277056275,2705627.705627706,0.0270562770562768,-0.473214285714286,0.1082251082251072,0.05,roc_peak_drop,9.26e-06,0.6535947712418277
2753,SHIB-USD,roc_momentum,buy,2026-01-05 20:07:00+00:00,9.25e-06,0.25,2026-01-05 20:08:00+00:00,9.25e-06,0.25,2702702.702702703,0.0,-0.5,0.0,0.016666666666666666,roc_peak_drop,9.25e-06,0.21668472372697867
2754,SHIB-USD,roc_momentum,buy,2026-01-05 20:08:00+00:00,9.25e-06,0.25,2026-01-05 20:16:00+00:00,9.25e-06,0.25,2702702.702702703,0.0,-0.5,0.0,0.13333333333333333,roc_peak_drop,9.29e-06,0.4324324324324502
2755,SHIB-USD,roc_momentum,buy,2026-01-05 20:16:00+00:00,9.25e-06,0.25,2026-01-05 20:17:00+00:00,9.27e-06,0.25054054054054054,2702702.702702703,0.05405405405405354,-0.446486486486487,0.21621621621621415,0.016666666666666666,roc_reversal,9.27e-06,-0.10775862068965747
2756,SHIB-USD,roc_momentum,buy,2026-01-05 20:17:00+00:00,9.27e-06,0.25,2026-01-05 20:18:00+00:00,9.26e-06,0.24973031283710895,2696871.6289104642,-0.026968716289104383,-0.5266990291262134,-0.10787486515641753,0.016666666666666666,roc_reversal,9.27e-06,-0.10775862068965747
2757,SHIB-USD,roc_momentum,buy,2026-01-05 20:18:00+00:00,9.26e-06,0.25,2026-01-05 20:19:00+00:00,9.26e-06,0.25,2699784.0172786177,0.0,-0.5,0.0,0.016666666666666666,roc_reversal,9.26e-06,-0.21551724137930384
2758,SHIB-USD,roc_momentum,buy,2026-01-05 20:19:00+00:00,9.26e-06,0.25,2026-01-05 20:20:00+00:00,9.27e-06,0.2502699784017279,2699784.0172786177,0.02699784017278592,-0.47327213822894193,0.10799136069114368,0.016666666666666666,roc_reversal,9.27e-06,-0.21528525296018453
2759,SHIB-USD,roc_momentum,buy,2026-01-05 20:20:00+00:00,9.27e-06,0.25,2026-01-05 20:21:00+00:00,9.24e-06,0.24919093851132687,2696871.6289104642,-0.08090614886731315,-0.58009708737864,-0.3236245954692526,0.016666666666666666,roc_reversal,9.27e-06,-0.108108108108107
2760,SHIB-USD,roc_momentum,buy,2026-01-05 20:21:00+00:00,9.24e-06,0.25,2026-01-05 20:22:00+00:00,9.24e-06,0.25,2705627.705627706,0.0,-0.5,0.0,0.016666666666666666,roc_reversal,9.24e-06,-0.108108108108107
2761,SHIB-USD,roc_momentum,buy,2026-01-05 20:22:00+00:00,9.24e-06,0.25,2026-01-05 20:23:00+00:00,9.24e-06,0.25,2705627.705627706,0.0,-0.5,0.0,0.016666666666666666,roc_reversal,9.24e-06,-0.2159827213822907
2762,SHIB-USD,roc_momentum,buy,2026-01-05 20:26:00+00:00,9.25e-06,0.25,2026-01-05 20:30:00+00:00,9.26e-06,0.25027027027027027,2702702.702702703,0.02702702702702677,-0.4732432432432435,0.10810810810810707,0.06666666666666667,roc_peak_drop,9.27e-06,0.32467532467532756
2763,PRCL-USD,roc_momentum,buy,2026-01-05 20:30:00+00:00,0.0479,0.25,2026-01-05 20:32:00+00:00,0.0476,0.24843423799582467,521.9206680584551,-0.15657620041753378,-0.6550104384133585,-0.6263048016701351,0.03333333333333333,roc_peak_drop,0.0481,1.0504201680672232
2764,PRCL-USD,roc_momentum,buy,2026-01-05 20:32:00+00:00,0.0476,0.25,2026-01-05 20:33:00+00:00,0.0467,0.24527310924369744,525.2100840336134,-0.4726890756302547,-0.9679621848739521,-1.8907563025210188,0.016666666666666666,roc_reversal,0.0476,-2.658486707566454
2765,PRCL-USD,roc_momentum,buy,2026-01-05 20:33:00+00:00,0.0467,0.25,2026-01-05 20:34:00+00:00,0.0466,0.24946466809421844,535.3319057815846,-0.05353319057815628,-0.5529978586723747,-0.21413276231262512,0.016666666666666666,roc_reversal,0.0467,-3.3126293995859313
2766,PRCL-USD,roc_momentum,buy,2026-01-05 20:34:00+00:00,0.0466,0.25,2026-01-05 20:35:00+00:00,0.0467,0.25053648068669526,536.4806866952789,0.053648068669525706,-0.44688841201716956,0.21459227467810282,0.016666666666666666,roc_reversal,0.0467,-2.5052192066805867
2767,PRCL-USD,roc_momentum,buy,2026-01-05 20:35:00+00:00,0.0467,0.25,2026-01-05 20:36:00+00:00,0.0474,0.25374732334047106,535.3319057815846,0.3747323340471088,-0.12901498929336228,1.4989293361884353,0.016666666666666666,roc_reversal,0.0474,-1.4553014553014498
2768,PRCL-USD,roc_momentum,buy,2026-01-05 20:36:00+00:00,0.0474,0.25,2026-01-05 20:37:00+00:00,0.0474,0.25,527.4261603375528,0.0,-0.5,0.0,0.016666666666666666,roc_reversal,0.0474,-0.42016806722690037
2769,PRCL-USD,roc_momentum,buy,2026-01-05 20:37:00+00:00,0.0474,0.25,2026-01-05 20:41:00+00:00,0.0472,0.2489451476793249,527.4261603375528,-0.10548523206750991,-0.6044303797468348,-0.42194092827003965,0.06666666666666667,roc_peak_drop,0.048,3.0042918454935563
2770,PRCL-USD,roc_momentum,buy,2026-01-05 20:41:00+00:00,0.0472,0.25,2026-01-05 20:43:00+00:00,0.047,0.2489406779661017,529.6610169491526,-0.10593220338982987,-0.6048728813559315,-0.42372881355931946,0.03333333333333333,roc_reversal,0.0474,
2771,PRCL-USD,roc_momentum,buy,2026-01-05 20:43:00+00:00,0.047,0.25,2026-01-05 20:44:00+00:00,0.0464,0.24680851063829787,531.9148936170212,-0.3191489361702145,-0.8159574468085123,-1.276595744680858,0.016666666666666666,roc_reversal,0.047,-1.260504201680679
2772,PRCL-USD,roc_momentum,buy,2026-01-05 20:44:00+00:00,0.0464,0.25,2026-01-05 20:45:00+00:00,0.0467,0.25161637931034486,538.7931034482759,0.16163793103448365,-0.33997844827586116,0.6465517241379346,0.016666666666666666,roc_reversal,0.0467,-2.301255230125532
2773,PRCL-USD,roc_momentum,buy,2026-01-05 20:45:00+00:00,0.0467,0.25,2026-01-05 20:46:00+00:00,0.0461,0.24678800856531052,535.3319057815846,-0.3211991434689488,-0.8179871520342593,-1.2847965738757952,0.016666666666666666,roc_reversal,0.0467,-2.301255230125532
2774,PRCL-USD,roc_momentum,buy,2026-01-05 20:46:00+00:00,0.0461,0.25,2026-01-05 20:47:00+00:00,0.0458,0.24837310195227766,542.2993492407809,-0.16268980477223516,-0.6610629067245128,-0.6507592190889406,0.016666666666666666,roc_reversal,0.0461,-2.330508474576265
2775,PRCL-USD,roc_momentum,buy,2026-01-05 20:47:00+00:00,0.0458,0.25,2026-01-05 20:48:00+00:00,0.0457,0.2494541484716157,545.8515283842795,-0.05458515283842951,-0.5540393013100452,-0.21834061135371804,0.016666666666666666,roc_reversal,0.0458,-2.76595744680852
2776,PRCL-USD,roc_momentum,buy,2026-01-05 20:48:00+00:00,0.0457,0.25,2026-01-05 20:49:00+00:00,0.0457,0.25,547.0459518599563,0.0,-0.5,0.0,0.016666666666666666,roc_reversal,0.0457,-1.5086206896551713
2777,PRCL-USD,roc_momentum,buy,2026-01-05 20:49:00+00:00,0.0457,0.25,2026-01-05 20:50:00+00:00,0.0455,0.2489059080962801,547.0459518599563,-0.1094091903719906,-0.6083150984682707,-0.4376367614879624,0.016666666666666666,roc_reversal,0.0457,-1.5086206896551713
2778,PRCL-USD,roc_momentum,buy,2026-01-05 20:50:00+00:00,0.0455,0.25,2026-01-05 20:51:00+00:00,0.0456,0.25054945054945055,549.4505494505495,0.05494505494505652,-0.445604395604394,0.21978021978022608,0.016666666666666666,roc_reversal,0.0456,-1.0845986984815648
2779,PRCL-USD,roc_momentum,buy,2026-01-05 20:51:00+00:00,0.0456,0.25,2026-01-05 20:52:00+00:00,0.0453,0.24835526315789472,548.2456140350877,-0.16447368421052722,-0.6628289473684219,-0.6578947368421089,0.016666666666666666,roc_reversal,0.0456,-1.0845986984815648
2780,PRCL-USD,roc_momentum,buy,2026-01-05 20:52:00+00:00,0.0453,0.25,2026-01-05 20:53:00+00:00,0.0453,0.25,551.8763796909492,0.0,-0.5,0.0,0.016666666666666666,roc_reversal,0.0453,-0.8752735229759279
2781,PRCL-USD,roc_momentum,buy,2026-01-05 20:53:00+00:00,0.0453,0.25,2026-01-05 20:54:00+00:00,0.0455,0.2511037527593819,551.8763796909492,0.11037527593818917,-0.3907284768211927,0.4415011037527567,0.016666666666666666,roc_reversal,0.0455,-0.4376367614879584
2782,PRCL-USD,roc_momentum,buy,2026-01-05 20:54:00+00:00,0.0455,0.25,2026-01-05 20:56:00+00:00,0.0455,0.25,549.4505494505495,0.0,-0.5,0.0,0.03333333333333333,roc_peak_drop,0.0458,0.659340659340657
2783,PRCL-USD,roc_momentum,buy,2026-01-05 20:56:00+00:00,0.0455,0.25,2026-01-05 20:58:00+00:00,0.0453,0.2489010989010989,549.4505494505495,-0.10989010989010922,-0.6087912087912082,-0.4395604395604369,0.03333333333333333,roc_peak_drop,0.0455,0.22075055187638082
2784,PRCL-USD,roc_momentum,buy,2026-01-05 20:58:00+00:00,0.0453,0.25,2026-01-05 20:59:00+00:00,0.0452,0.24944812362030905,551.8763796909492,-0.0551876379690965,-0.5546357615894055,-0.220750551876386,0.016666666666666666,roc_reversal,0.0453,
2785,PRCL-USD,roc_momentum,buy,2026-01-05 20:59:00+00:00,0.0452,0.25,2026-01-05 21:00:00+00:00,0.0451,0.24944690265486727,553.0973451327434,-0.055309734513272084,-0.5547566371681394,-0.22123893805308834,0.016666666666666666,roc_reversal,0.0452,-0.6593406593406681
2786,PRCL-USD,roc_momentum,buy,2026-01-05 21:00:00+00:00,0.0451,0.25,2026-01-05 21:02:00+00:00,0.0457,0.25332594235033257,554.3237250554323,0.3325942350332574,-0.17073170731707518,1.3303769401330297,0.03333333333333333,roc_peak_drop,0.0461,1.3186813186813362
2787,PRCL-USD,roc_momentum,buy,2026-01-05 21:02:00+00:00,0.0457,0.25,2026-01-05 21:06:00+00:00,0.0463,0.25328227571115974,547.0459518599563,0.32822757111597556,-0.17505470459518419,1.3129102844639022,0.06666666666666667,roc_peak_drop,0.0463,1.552106430155198
2788,PRCL-USD,roc_momentum,buy,2026-01-05 21:06:00+00:00,0.0463,0.25,2026-01-05 21:07:00+00:00,0.0458,0.24730021598272137,539.9568034557235,-0.269978401727862,-0.7672786177105834,-1.079913606911448,0.016666666666666666,roc_peak_drop,0.0463,0.433839479392617
2789,PRCL-USD,roc_momentum,buy,2026-01-05 21:07:00+00:00,0.0458,0.25,2026-01-05 21:08:00+00:00,0.0457,0.2494541484716157,545.8515283842795,-0.05458515283842951,-0.5540393013100452,-0.21834061135371804,0.016666666666666666,roc_peak_drop,0.0458,0.2188183807439792
2790,PRCL-USD,roc_momentum,buy,2026-01-05 21:08:00+00:00,0.0457,0.25,2026-01-05 21:09:00+00:00,0.0456,0.24945295404814008,547.0459518599563,-0.054704595185993396,-0.5541575492341335,-0.21881838074397358,0.016666666666666666,roc_reversal,0.0457,-0.43572984749457033
2791,PRCL-USD,roc_momentum,buy,2026-01-05 21:09:00+00:00,0.0456,0.25,2026-01-05 21:11:00+00:00,0.0452,0.24780701754385961,548.2456140350877,-0.21929824561403755,-0.7171052631578971,-0.8771929824561502,0.03333333333333333,roc_reversal,0.0458,
2792,PRCL-USD,roc_momentum,buy,2026-01-05 21:11:00+00:00,0.0452,0.25,2026-01-05 21:12:00+00:00,0.0453,0.25055309734513276,553.0973451327434,0.05530973451327592,-0.44524336283185684,0.22123893805310368,0.016666666666666666,roc_reversal,0.0453,-1.091703056768556
2793,PRCL-USD,roc_momentum,buy,2026-01-05 21:12:00+00:00,0.0453,0.25,2026-01-05 21:13:00+00:00,0.0454,0.25055187637969095,551.8763796909492,0.0551876379690965,-0.44536423841059447,0.220750551876386,0.016666666666666666,roc_reversal,0.0454,-0.6564551422319376
2794,PRCL-USD,roc_momentum,buy,2026-01-05 21:13:00+00:00,0.0454,0.25,2026-01-05 21:15:00+00:00,0.0458,0.25220264317180613,550.6607929515418,0.2202643171806154,-0.2819383259911908,0.8810572687224616,0.03333333333333333,roc_peak_drop,0.0458,0.43859649122806044
2795,PRCL-USD,roc_momentum,buy,2026-01-05 21:15:00+00:00,0.0458,0.25,2026-01-05 21:21:00+00:00,0.0464,0.25327510917030566,545.8515283842795,0.3275109170305657,-0.17576419213973996,1.3100436681222627,0.1,roc_peak_drop,0.0473,3.7444933920704804
2796,PRCL-USD,roc_momentum,buy,2026-01-05 21:21:00+00:00,0.0464,0.25,2026-01-05 21:22:00+00:00,0.046,0.2478448275862069,538.7931034482759,-0.21551724137930905,-0.713362068965516,-0.8620689655172362,0.016666666666666666,roc_peak_drop,0.0464,0.21598272138227959
2797,PRCL-USD,roc_momentum,buy,2026-01-05 21:22:00+00:00,0.046,0.25,2026-01-05 21:23:00+00:00,0.0459,0.24945652173913047,543.4782608695652,-0.05434782608695431,-0.5538043478260848,-0.21739130434781723,0.016666666666666666,roc_reversal,0.046,-1.0752688172043001
2798,PRCL-USD,roc_momentum,buy,2026-01-05 21:23:00+00:00,0.0459,0.25,2026-01-05 21:24:00+00:00,0.0462,0.25163398692810457,544.6623093681917,0.16339869281045463,-0.3382352941176499,0.6535947712418185,0.016666666666666666,roc_reversal,0.0462,-2.3255813953488413
2799,PRCL-USD,roc_momentum,buy,2026-01-05 21:24:00+00:00,0.0462,0.25,2026-01-05 21:25:00+00:00,0.0466,0.2521645021645022,541.1255411255412,0.2164502164502189,-0.2857142857142833,0.8658008658008756,0.016666666666666666,roc_reversal,0.0466,-1.2711864406779627
2800,PRCL-USD,roc_momentum,buy,2026-01-05 21:25:00+00:00,0.0466,0.25,2026-01-05 21:27:00+00:00,0.0459,0.24624463519313305,536.4806866952789,-0.3755364806866949,-0.8717811158798279,-1.5021459227467795,0.03333333333333333,roc_reversal,0.0466,
2801,PRCL-USD,roc_momentum,buy,2026-01-05 21:27:00+00:00,0.0459,0.25,2026-01-05 21:29:00+00:00,0.0456,0.2483660130718954,544.6623093681917,-0.1633986928104584,-0.6617647058823538,-0.6535947712418336,0.03333333333333333,roc_reversal,0.0459,
2802,PRCL-USD,roc_momentum,buy,2026-01-05 21:29:00+00:00,0.0456,0.25,2026-01-05 21:30:00+00:00,0.046,0.25219298245614036,548.2456140350877,0.21929824561403374,-0.2828947368421066,0.877192982456135,0.016666666666666666,roc_reversal,0.046,-1.2875536480686733
2803,PRCL-USD,roc_momentum,buy,2026-01-05 21:30:00+00:00,0.046,0.25,2026-01-05 21:31:00+00:00,0.0456,0.24782608695652175,543.4782608695652,-0.21739130434782478,-0.7152173913043465,-0.8695652173912991,0.016666666666666666,roc_reversal,0.046,-1.2875536480686733
2804,PRCL-USD,roc_momentum,buy,2026-01-05 21:31:00+00:00,0.0456,0.25,2026-01-05 21:32:00+00:00,0.0457,0.25054824561403505,548.2456140350877,0.054824561403506535,-0.44572368421052855,0.21929824561402614,0.016666666666666666,roc_reversal,0.0457,-0.43572984749457033
2805,PRCL-USD,roc_momentum,buy,2026-01-05 21:32:00+00:00,0.0457,0.25,2026-01-05 21:33:00+00:00,0.0457,0.25,547.0459518599563,0.0,-0.5,0.0,0.016666666666666666,roc_reversal,0.0457,-0.43572984749457033
2806,PRCL-USD,roc_momentum,buy,2026-01-05 21:33:00+00:00,0.0457,0.25,2026-01-05 21:35:00+00:00,0.0452,0.2472647702407002,547.0459518599563,-0.2735229759299784,-0.7707877461706786,-1.0940919037199135,0.03333333333333333,roc_peak_drop,0.0457,0.21929824561401912
2807,PRCL-USD,roc_momentum,buy,2026-01-05 21:35:00+00:00,0.0452,0.25,2026-01-05 21:36:00+00:00,0.0444,0.24557522123893807,553.0973451327434,-0.44247787610619205,-0.9380530973451301,-1.7699115044247682,0.016666666666666666,roc_reversal,0.0452,-1.7391304347826098
2808,PRCL-USD,roc_momentum,buy,2026-01-05 21:36:00+00:00,0.0444,0.25,2026-01-05 21:37:00+00:00,0.0445,0.25056306306306303,563.063063063063,0.05630630630630401,-0.444256756756759,0.22522522522521604,0.016666666666666666,roc_reversal,0.0445,-2.6258205689277947
2809,PRCL-USD,roc_momentum,buy,2026-01-05 21:37:00+00:00,0.0445,0.25,2026-01-05 21:38:00+00:00,0.0441,0.24775280898876406,561.7977528089888,-0.22471910112359417,-0.7224719101123582,-0.8988764044943767,0.016666666666666666,roc_reversal,0.0445,-2.6258205689277947
2810,PRCL-USD,roc_momentum,buy,2026-01-05 21:38:00+00:00,0.0441,0.25,2026-01-05 21:39:00+00:00,0.0443,0.2511337868480726,566.8934240362812,0.11337868480725555,-0.387755102040817,0.4535147392290222,0.016666666666666666,roc_reversal,0.0443,-3.063457330415753
2811,PRCL-USD,roc_momentum,buy,2026-01-05 21:39:00+00:00,0.0443,0.25,2026-01-05 21:40:00+00:00,0.0442,0.24943566591422126,564.3340857787811,-0.05643340857787581,-0.555869074492097,-0.22573363431150323,0.016666666666666666,roc_reversal,0.0443,-2.2123893805309547
2812,PRCL-USD,roc_momentum,buy,2026-01-05 21:40:00+00:00,0.0442,0.25,2026-01-05 21:43:00+00:00,0.0462,0.2613122171945701,565.6108597285067,1.1312217194570107,0.6199095022624405,4.524886877828043,0.05,take_profit,0.0462,4.761904761904767
2813,PRCL-USD,roc_momentum,buy,2026-01-05 21:43:00+00:00,0.0462,0.25,2026-01-05 21:44:00+00:00,0.0457,0.2472943722943723,541.1255411255412,-0.27056277056277084,-0.7678571428571431,-1.0822510822510834,0.016666666666666666,roc_peak_drop,0.0462,4.761904761904767
2814,PRCL-USD,roc_momentum,buy,2026-01-05 21:44:00+00:00,0.0457,0.25,2026-01-05 21:48:00+00:00,0.0472,0.25820568927789933,547.0459518599563,0.8205689277899352,0.3123632385120358,3.2822757111597407,0.06666666666666667,roc_peak_drop,0.0472,3.7694013303769314
2815,PRCL-USD,roc_momentum,buy,2026-01-05 21:48:00+00:00,0.0472,0.25,2026-01-05 21:51:00+00:00,0.047,0.2489406779661017,529.6610169491526,-0.10593220338982987,-0.6048728813559315,-0.42372881355931946,0.05,roc_peak_drop,0.0472,3.0701754385964897
2816,PRCL-USD,roc_momentum,buy,2026-01-05 21:51:00+00:00,0.047,0.25,2026-01-05 21:52:00+00:00,0.0467,0.24840425531914892,531.9148936170212,-0.15957446808510725,-0.6579787234042562,-0.638297872340429,0.016666666666666666,roc_peak_drop,0.047,1.7316017316017396
2817,PRCL-USD,roc_momentum,buy,2026-01-05 21:52:00+00:00,0.0467,0.25,2026-01-05 21:53:00+00:00,0.0469,0.2510706638115632,535.3319057815846,0.10706638115631627,-0.3940042826552469,0.42826552462526507,0.016666666666666666,roc_reversal,0.0469,-0.21367521367522402
2818,PRCL-USD,roc_momentum,buy,2026-01-05 21:53:00+00:00,0.0469,0.25,2026-01-05 21:55:00+00:00,0.0467,0.24893390191897655,533.0490405117271,-0.10660980810234477,-0.6055437100213213,-0.4264392324093791,0.03333333333333333,roc_reversal,0.0469,
2819,PRCL-USD,roc_momentum,buy,2026-01-05 21:55:00+00:00,0.0467,0.25,2026-01-05 21:56:00+00:00,0.0465,0.24892933618843685,535.3319057815846,-0.10706638115631627,-0.6059957173447531,-0.42826552462526507,0.016666666666666666,roc_reversal,0.0467,-0.638297872340432
2820,PRCL-USD,roc_momentum,buy,2026-01-05 21:56:00+00:00,0.0465,0.25,2026-01-05 21:57:00+00:00,0.0466,0.25053763440860216,537.6344086021505,0.053763440860216595,-0.44677419354838555,0.21505376344086638,0.016666666666666666,roc_reversal,0.0466,-0.21413276231262435
2821,PRCL-USD,roc_momentum,buy,2026-01-05 21:57:00+00:00,0.0466,0.25,2026-01-05 21:58:00+00:00,0.0462,0.24785407725321887,536.4806866952789,-0.214592274678114,-0.7124463519313329,-0.858369098712456,0.016666666666666666,roc_reversal,0.0466,-0.21413276231262435
2822,PRCL-USD,roc_momentum,buy,2026-01-05 21:58:00+00:00,0.0462,0.25,2026-01-05 21:59:00+00:00,0.0463,0.25054112554112556,541.1255411255412,0.054112554112555666,-0.4464285714285699,0.21645021645022267,0.016666666666666666,roc_reversal,0.0463,-1.2793176972281328
2823,PRCL-USD,roc_momentum,buy,2026-01-05 21:59:00+00:00,0.0463,0.25,2026-01-05 22:00:00+00:00,0.0464,0.2505399568034557,539.9568034557235,0.05399568034557015,-0.4465442764578855,0.2159827213822806,0.016666666666666666,roc_reversal,0.0464,-0.6423982869379063
2824,PRCL-USD,roc_momentum,buy,2026-01-05 22:00:00+00:00,0.0464,0.25,2026-01-05 22:05:00+00:00,0.0469,0.2526939655172414,538.7931034482759,0.2693965517241382,-0.2332974137931032,1.0775862068965527,0.08333333333333333,roc_peak_drop,0.0473,2.159827213822907
2825,PRCL-USD,roc_momentum,buy,2026-01-05 22:05:00+00:00,0.0469,0.25,2026-01-05 22:06:00+00:00,0.0471,0.2510660980810235,533.0490405117271,0.10660980810234848,-0.394456289978675,0.4264392324093939,0.016666666666666666,roc_peak_drop,0.0471,1.0775862068965525
2826,PRCL-USD,roc_momentum,buy,2026-01-05 22:06:00+00:00,0.0471,0.25,2026-01-05 22:08:00+00:00,0.0473,0.2510615711252654,530.7855626326964,0.10615711252653863,-0.39490445859872675,0.4246284501061545,0.03333333333333333,roc_peak_drop,0.0477,1.4893617021276562
2827,PRCL-USD,roc_momentum,buy,2026-01-05 22:08:00+00:00,0.0473,0.25,2026-01-05 22:09:00+00:00,0.0472,0.24947145877378435,528.5412262156448,-0.052854122621565996,-0.5523255813953504,-0.21141649048626399,0.016666666666666666,roc_peak_drop,0.0473,0.8528784648187626
2828,PRCL-USD,roc_momentum,buy,2026-01-05 22:09:00+00:00,0.0472,0.25,2026-01-05 22:11:00+00:00,0.0472,0.25,529.6610169491526,0.0,-0.5,0.0,0.03333333333333333,roc_peak_drop,0.0473,0.8528784648187626
2829,PRCL-USD,roc_momentum,buy,2026-01-05 22:11:00+00:00,0.0472,0.25,2026-01-05 22:12:00+00:00,0.0472,0.25,529.6610169491526,0.0,-0.5,0.0,0.016666666666666666,roc_peak_drop,0.0472,0.2123142250530785
2830,PRCL-USD,roc_momentum,buy,2026-01-05 22:18:00+00:00,0.0472,0.25,2026-01-05 23:02:00+00:00,0.045,0.23834745762711865,529.6610169491526,-1.1652542372881358,-1.6536016949152545,-4.661016949152543,0.7333333333333333,stop_loss,0.0472,
2831,PRCL-USD,roc_momentum,buy,2026-01-06 08:17:00+00:00,0.042,0.25,2026-01-06 08:21:00+00:00,0.0425,0.25297619047619047,595.2380952380952,0.29761904761904784,-0.20535714285714263,1.1904761904761914,0.06666666666666667,roc_peak_drop,0.0427,5.693069306930698
2832,PRCL-USD,roc_momentum,buy,2026-01-06 08:22:00+00:00,0.0445,0.25,2026-01-06 08:24:00+00:00,0.0442,0.24831460674157307,561.7977528089888,-0.16853932584269365,-0.6668539325842667,-0.6741573033707746,0.03333333333333333,roc_peak_drop,0.0445,5.952380952380931
2833,PRCL-USD,roc_momentum,buy,2026-01-06 08:24:00+00:00,0.0442,0.25,2026-01-06 08:25:00+00:00,0.0436,0.24660633484162894,565.6108597285067,-0.3393665158371059,-0.8359728506787348,-1.3574660633484237,0.016666666666666666,roc_peak_drop,0.0442,3.7558685446009488
2834,PRCL-USD,roc_momentum,buy,2026-01-06 08:25:00+00:00,0.0436,0.25,2026-01-06 08:26:00+00:00,0.0428,0.24541284403669725,573.3944954128441,-0.4587155963302764,-0.9541284403669736,-1.8348623853211057,0.016666666666666666,roc_peak_drop,0.0436,2.1077283372365363
2835,PRCL-USD,roc_momentum,buy,2026-01-06 08:26:00+00:00,0.0428,0.25,2026-01-06 08:27:00+00:00,0.0435,0.254088785046729,584.1121495327103,0.40887850467289677,-0.0952102803738322,1.635514018691587,0.016666666666666666,roc_peak_drop,0.0435,0.7058823529411562
2836,PRCL-USD,roc_momentum,buy,2026-01-06 08:27:00+00:00,0.0435,0.25,2026-01-06 08:28:00+00:00,0.0428,0.24597701149425288,574.7126436781609,-0.4022988505747122,-0.8982758620689651,-1.6091954022988488,0.016666666666666666,roc_reversal,0.0435,-2.2471910112359605
2837,PRCL-USD,roc_momentum,buy,2026-01-06 08:28:00+00:00,0.0428,0.25,2026-01-06 08:29:00+00:00,0.0431,0.2517523364485981,584.1121495327103,0.17523364485981405,-0.3265186915887841,0.7009345794392562,0.016666666666666666,roc_reversal,0.0431,-2.4886877828054432
2838,PRCL-USD,roc_momentum,buy,2026-01-06 08:29:00+00:00,0.0431,0.25,2026-01-06 08:30:00+00:00,0.0422,0.24477958236658934,580.046403712297,-0.5220417633410661,-1.0168213457076556,-2.0881670533642644,0.016666666666666666,roc_reversal,0.0431,-2.4886877828054432
2839,PRCL-USD,roc_momentum,buy,2026-01-06 08:35:00+00:00,0.0416,0.25,2026-01-06 08:36:00+00:00,0.0415,0.2493990384615385,600.9615384615385,-0.0600961538461514,-0.5594951923076898,-0.2403846153846056,0.016666666666666666,roc_reversal,0.0416,-1.4218009478673022
2840,PRCL-USD,roc_momentum,buy,2026-01-06 08:36:00+00:00,0.0415,0.25,2026-01-06 08:37:00+00:00,0.0415,0.25,602.4096385542168,0.0,-0.5,0.0,0.016666666666666666,roc_reversal,0.0415,-0.7177033492822837
2841,PRCL-USD,roc_momentum,buy,2026-01-06 08:37:00+00:00,0.0415,0.25,2026-01-06 08:38:00+00:00,0.0408,0.2457831325301205,602.4096385542168,-0.42168674698795133,-0.9174698795180718,-1.6867469879518053,0.016666666666666666,roc_reversal,0.0415,-0.7177033492822837
2842,PRCL-USD,roc_momentum,buy,2026-01-06 08:41:00+00:00,0.041,0.25,2026-01-06 08:42:00+00:00,0.0404,0.24634146341463412,609.7560975609756,-0.36585365853658736,-0.8621951219512215,-1.4634146341463494,0.016666666666666666,roc_reversal,0.041,-1.2048192771084376
2843,PRCL-USD,roc_momentum,buy,2026-01-06 08:43:00+00:00,0.0406,0.25,2026-01-06 08:44:00+00:00,0.0404,0.24876847290640394,615.7635467980296,-0.12315270935960518,-0.6219211822660091,-0.4926108374384207,0.016666666666666666,roc_reversal,0.0406,-0.4901960784313819
2844,PRCL-USD,roc_momentum,buy,2026-01-06 08:47:00+00:00,0.0409,0.25,2026-01-06 08:54:00+00:00,0.0413,0.25244498777506114,611.2469437652812,0.24449877750611523,-0.25794621026894593,0.9779951100244609,0.11666666666666667,roc_peak_drop,0.0418,2.2004889975550057
2845,PRCL-USD,roc_momentum,buy,2026-01-06 08:54:00+00:00,0.0413,0.25,2026-01-06 08:57:00+00:00,0.0418,0.25302663438256656,605.3268765133172,0.30266343825665465,-0.2003631961259119,1.2106537530266186,0.05,roc_peak_drop,0.0419,1.6990291262135804
2846,PRCL-USD,roc_momentum,buy,2026-01-06 08:57:00+00:00,0.0418,0.25,2026-01-06 08:58:00+00:00,0.0414,0.24760765550239236,598.0861244019139,-0.23923444976076413,-0.7368421052631565,-0.9569377990430565,0.016666666666666666,roc_reversal,0.0418,
2847,PRCL-USD,roc_momentum,buy,2026-01-06 08:58:00+00:00,0.0414,0.25,2026-01-06 09:00:00+00:00,0.041,0.24758454106280195,603.864734299517,-0.2415458937198053,-0.7391304347826072,-0.9661835748792212,0.03333333333333333,roc_peak_drop,0.0414,0.2421307506053072
2848,PRCL-USD,roc_momentum,buy,2026-01-06 10:39:00+00:00,0.0397,0.25,2026-01-06 10:43:00+00:00,0.0385,0.24244332493702772,629.7229219143577,-0.755667506297229,-1.2481108312342568,-3.022670025188916,0.06666666666666667,roc_reversal,0.0397,
2849,PRCL-USD,roc_momentum,buy,2026-01-06 11:01:00+00:00,0.0387,0.25,2026-01-06 11:06:00+00:00,0.0391,0.2525839793281654,645.9948320413437,0.2583979328165404,-0.244186046511625,1.0335917312661616,0.08333333333333333,roc_peak_drop,0.0393,2.6109660574412663
2850,PRCL-USD,roc_momentum,buy,2026-01-06 11:06:00+00:00,0.0391,0.25,2026-01-06 11:07:00+00:00,0.039,0.24936061381074168,639.386189258312,-0.06393861892583302,-0.5632992327365747,-0.2557544757033321,0.016666666666666666,roc_peak_drop,0.0391,1.033591731266159
2851,PRCL-USD,roc_momentum,buy,2026-01-06 11:07:00+00:00,0.039,0.25,2026-01-06 11:08:00+00:00,0.039,0.25,641.025641025641,0.0,-0.5,0.0,0.016666666666666666,roc_peak_drop,0.039,0.5154639175257714
2852,PRCL-USD,roc_momentum,buy,2026-01-06 11:08:00+00:00,0.039,0.25,2026-01-06 11:10:00+00:00,0.0391,0.25064102564102564,641.025641025641,0.06410256410256594,-0.4365384615384597,0.25641025641026377,0.03333333333333333,roc_reversal,0.0391,
2853,PRCL-USD,roc_momentum,buy,2026-01-06 11:10:00+00:00,0.0391,0.25,2026-01-06 11:11:00+00:00,0.039,0.24936061381074168,639.386189258312,-0.06393861892583302,-0.5632992327365747,-0.2557544757033321,0.016666666666666666,roc_reversal,0.0391,-0.2557544757033292
2854,PRCL-USD,roc_momentum,buy,2026-01-06 11:11:00+00:00,0.039,0.25,2026-01-06 11:12:00+00:00,0.0387,0.24807692307692306,641.025641025641,-0.19230769230769337,-0.6903846153846165,-0.7692307692307735,0.016666666666666666,roc_reversal,0.039,-0.2557544757033292
2855,PRCL-USD,roc_momentum,buy,2026-01-06 12:06:00+00:00,0.0382,0.25,2026-01-06 12:10:00+00:00,0.0384,0.2513089005235602,654.4502617801047,0.13089005235602016,-0.37041884816754006,0.5235602094240807,0.06666666666666667,roc_peak_drop,0.0384,1.5873015873015817
2856,PRCL-USD,roc_momentum,buy,2026-01-06 12:10:00+00:00,0.0384,0.25,2026-01-06 12:12:00+00:00,0.0378,0.24609375000000003,651.0416666666667,-0.39062499999999767,-0.8867187499999977,-1.5624999999999907,0.03333333333333333,roc_peak_drop,0.0384,0.5235602094240788
2857,BREV-USD,roc_momentum,buy,2026-01-07 05:19:00+00:00,0.5113,0.25,2026-01-07 05:21:00+00:00,0.5239,0.25616076667318605,48.89497359671426,0.6160766673186024,0.10991590064541637,2.4643066692744098,0.03333333333333333,roc_peak_drop,0.5239,4.835784807576049
2858,BREV-USD,roc_momentum,buy,2026-01-07 05:21:00+00:00,0.5239,0.25,2026-01-07 05:24:00+00:00,0.5331,0.2543901507921359,47.719030349303296,0.4390150792135897,-0.06537507157854622,1.7560603168543587,0.05,roc_peak_drop,0.54,6.5088757396449815
2859,BREV-USD,roc_momentum,buy,2026-01-07 05:24:00+00:00,0.5331,0.25,2026-01-07 05:25:00+00:00,0.5542,0.25989495404239354,46.89551678859501,0.989495404239355,0.4796004501969615,3.95798161695742,0.016666666666666666,take_profit,0.5542,6.515471843167409
2860,BREV-USD,roc_momentum,buy,2026-01-07 05:25:00+00:00,0.5542,0.25,2026-01-07 05:28:00+00:00,0.5757,0.2596986647419704,45.11006856730422,0.9698664741970391,0.4601678094550687,3.8794658967881563,0.05,take_profit,0.5757,7.230973619282577
2861,BREV-USD,roc_momentum,buy,2026-01-07 05:28:00+00:00,0.5757,0.25,2026-01-07 05:30:00+00:00,0.5504,0.23901337502171272,43.425395171096056,-1.0986624978287298,-1.5876758728504425,-4.394649991314919,0.03333333333333333,roc_peak_drop,0.5757,6.611111111111101
2862,BREV-USD,roc_momentum,buy,2026-01-07 05:30:00+00:00,0.5504,0.25,2026-01-07 05:31:00+00:00,0.5204,0.2363735465116279,45.42151162790697,-1.3626453488372106,-1.8490188953488385,-5.450581395348842,0.016666666666666666,stop_loss,0.5504,-0.6856730422230339
2863,BREV-USD,roc_momentum,buy,2026-01-07 05:31:00+00:00,0.5204,0.25,2026-01-07 05:32:00+00:00,0.5311,0.25514027671022294,48.03996925441968,0.5140276710222926,0.008887394312069702,2.0561106840891705,0.016666666666666666,roc_reversal,0.5311,-5.861070911722144
2864,BREV-USD,roc_momentum,buy,2026-01-07 05:32:00+00:00,0.5311,0.25,2026-01-07 05:33:00+00:00,0.5348,0.2517416682357372,47.072114479382414,0.17416682357371666,-0.3275748446620205,0.6966672942948666,0.016666666666666666,roc_reversal,0.5348,-5.999999999999983
2865,BREV-USD,roc_momentum,buy,2026-01-07 05:33:00+00:00,0.5348,0.25,2026-01-07 05:34:00+00:00,0.5373,0.2511686611817502,46.74644727000747,0.1168661181750162,-0.38430254300673394,0.4674644727000648,0.016666666666666666,roc_reversal,0.5373,-4.053571428571434
2866,BREV-USD,roc_momentum,buy,2026-01-07 05:34:00+00:00,0.5373,0.25,2026-01-07 05:35:00+00:00,0.524,0.24381165084682674,46.52894100130281,-0.6188349153173264,-1.1126465661641531,-2.4753396612693055,0.016666666666666666,roc_reversal,0.5373,-4.053571428571434
2867,BREV-USD,roc_momentum,buy,2026-01-07 05:35:00+00:00,0.524,0.25,2026-01-07 05:37:00+00:00,0.5226,0.24933206106870226,47.70992366412214,-0.06679389312977423,-0.5661259541984764,-0.2671755725190969,0.03333333333333333,roc_peak_drop,0.524,0.6917755572636519
2868,BREV-USD,roc_momentum,buy,2026-01-07 05:37:00+00:00,0.5226,0.25,2026-01-07 05:38:00+00:00,0.5253,0.2512916188289323,47.83773440489859,0.1291618828932279,-0.37212973593570436,0.5166475315729115,0.016666666666666666,roc_reversal,0.5253,-1.6004518922990152
2869,BREV-USD,roc_momentum,buy,2026-01-07 05:38:00+00:00,0.5253,0.25,2026-01-07 05:39:00+00:00,0.528,0.2512849800114221,47.59185227489054,0.12849800114220616,-0.3727869788692159,0.5139920045688247,0.016666666666666666,roc_reversal,0.528,-1.7308766052484548
2870,BREV-USD,roc_momentum,buy,2026-01-07 05:39:00+00:00,0.528,0.25,2026-01-07 05:40:00+00:00,0.5135,0.24313446969696967,47.348484848484844,-0.6865530303030335,-1.179687500000003,-2.746212121212134,0.016666666666666666,roc_reversal,0.528,-1.7308766052484548
2871,BREV-USD,roc_momentum,buy,2026-01-07 05:40:00+00:00,0.5135,0.25,2026-01-07 05:41:00+00:00,0.5187,0.2525316455696203,48.68549172346641,0.2531645569620299,-0.2493670886075904,1.0126582278481195,0.016666666666666666,roc_reversal,0.5187,-1.0114503816793796
2872,BREV-USD,roc_momentum,buy,2026-01-07 05:41:00+00:00,0.5187,0.25,2026-01-07 05:42:00+00:00,0.5215,0.2513495276653171,48.19741661846925,0.13495276653170973,-0.36639676113360736,0.5398110661268389,0.016666666666666666,roc_reversal,0.5215,-0.21048603138155153
2873,BREV-USD,roc_momentum,buy,2026-01-07 05:42:00+00:00,0.5215,0.25,2026-01-07 05:43:00+00:00,0.52,0.24928092042186004,47.938638542665394,-0.07190795781399549,-0.5711888782358555,-0.28763183125598196,0.016666666666666666,roc_reversal,0.5215,-0.21048603138155153
2874,BREV-USD,roc_momentum,buy,2026-01-07 05:43:00+00:00,0.52,0.25,2026-01-07 05:44:00+00:00,0.5246,0.25221153846153843,48.07692307692307,0.22115384615384315,-0.2810576923076953,0.8846153846153726,0.016666666666666666,roc_reversal,0.5246,-0.6439393939394078
2875,BREV-USD,roc_momentum,buy,2026-01-07 05:44:00+00:00,0.5246,0.25,2026-01-07 05:47:00+00:00,0.5448,0.2596263820053374,47.655356462066344,0.9626382005337398,0.4530118185284025,3.8505528021349593,0.05,take_profit,0.5448,4.4678811121764195
2876,BREV-USD,roc_momentum,buy,2026-01-07 05:47:00+00:00,0.5448,0.25,2026-01-07 05:51:00+00:00,0.5395,0.2475679148311307,45.888399412628495,-0.24320851688692968,-0.7407764317180604,-0.9728340675477187,0.06666666666666667,roc_peak_drop,0.5505,5.4807692307692335
2877,BREV-USD,roc_momentum,buy,2026-01-07 05:51:00+00:00,0.5395,0.25,2026-01-07 05:52:00+00:00,0.5449,0.2525023169601483,46.33920296570899,0.25023169601483186,-0.25227062094531644,1.0009267840593274,0.016666666666666666,roc_peak_drop,0.5449,0.6154419992540072
2878,BREV-USD,roc_momentum,buy,2026-01-07 05:52:00+00:00,0.5449,0.25,2026-01-07 05:53:00+00:00,0.5411,0.2482565608368508,45.879977977610565,-0.17434391631492133,-0.6726004771517721,-0.6973756652596853,0.016666666666666666,roc_peak_drop,0.5449,0.018355359765065415
2879,BREV-USD,roc_momentum,buy,2026-01-07 05:53:00+00:00,0.5411,0.25,2026-01-07 05:54:00+00:00,0.5358,0.24755128442062466,46.20218074293106,-0.24487155793753332,-0.742422842358158,-0.9794862317501333,0.016666666666666666,roc_reversal,0.5411,-1.349134001823149
2880,BREV-USD,roc_momentum,buy,2026-01-07 05:54:00+00:00,0.5358,0.25,2026-01-07 05:55:00+00:00,0.5358,0.25,46.65920119447554,0.0,-0.5,0.0,0.016666666666666666,roc_reversal,0.5358,-2.4576734025122837
2881,BREV-USD,roc_momentum,buy,2026-01-07 05:55:00+00:00,0.5358,0.25,2026-01-07 05:56:00+00:00,0.535,0.2496267263904442,46.65920119447554,-0.03732736095558151,-0.5369540873460257,-0.14930944382232603,0.016666666666666666,roc_reversal,0.5358,-0.8341056533827551
2882,BREV-USD,roc_momentum,buy,2026-01-07 05:56:00+00:00,0.535,0.25,2026-01-07 05:57:00+00:00,0.5297,0.24752336448598128,46.72897196261682,-0.247663551401873,-0.7451869158878542,-0.990654205607492,0.016666666666666666,roc_reversal,0.535,-0.8341056533827551
2883,BREV-USD,roc_momentum,buy,2026-01-07 05:57:00+00:00,0.5297,0.25,2026-01-07 05:58:00+00:00,0.5328,0.25146309231640557,47.1965263356617,0.14630923164055612,-0.3551538606758494,0.5852369265622245,0.016666666666666666,roc_reversal,0.5328,-1.5339124006653049
2884,BREV-USD,roc_momentum,buy,2026-01-07 05:58:00+00:00,0.5328,0.25,2026-01-07 05:59:00+00:00,0.53,0.24868618618618618,46.921921921921914,-0.13138138138138253,-0.6300675675675687,-0.5255255255255301,0.016666666666666666,roc_reversal,0.5328,-1.0824934677118425
2885,BREV-USD,roc_momentum,buy,2026-01-07 05:59:00+00:00,0.53,0.25,2026-01-07 06:03:00+00:00,0.5375,0.2535377358490566,47.16981132075472,0.3537735849056581,-0.14976415094339854,1.4150943396226323,0.06666666666666667,roc_peak_drop,0.5375,1.3026241268642602
2886,BREV-USD,roc_momentum,buy,2026-01-07 06:03:00+00:00,0.5375,0.25,2026-01-07 06:05:00+00:00,0.5369,0.24972093023255817,46.51162790697675,-0.027906976744182976,-0.5276279069767411,-0.1116279069767319,0.03333333333333333,roc_peak_drop,0.5413,2.132075471698114
2887,BREV-USD,roc_momentum,buy,2026-01-07 06:05:00+00:00,0.5369,0.25,2026-01-07 06:06:00+00:00,0.5329,0.2481374557645744,46.56360588563978,-0.18625442354255928,-0.6843918793071337,-0.7450176941702371,0.016666666666666666,roc_reversal,0.5369,-0.11162790697673008
2888,BREV-USD,roc_momentum,buy,2026-01-07 06:06:00+00:00,0.5329,0.25,2026-01-07 06:08:00+00:00,0.54,0.2533308313004316,46.91311690748733,0.3330831300431598,-0.1702477012572718,1.3323325201726393,0.03333333333333333,roc_peak_drop,0.5437,1.3231457323891194
2889,BREV-USD,roc_momentum,buy,2026-01-07 06:08:00+00:00,0.54,0.25,2026-01-07 06:09:00+00:00,0.5421,0.2509722222222222,46.29629629629629,0.0972222222222218,-0.40375000000000044,0.3888888888888872,0.016666666666666666,roc_peak_drop,0.5421,0.46511627906977715
2890,BREV-USD,roc_momentum,buy,2026-01-07 06:09:00+00:00,0.5421,0.25,2026-01-07 06:10:00+00:00,0.5699,0.2628205128205128,46.11695259177273,1.282051282051279,0.7692307692307663,5.128205128205116,0.016666666666666666,take_profit,0.5699,6.1463959769044285
2891,BREV-USD,roc_momentum,buy,2026-01-07 06:10:00+00:00,0.5699,0.25,2026-01-07 06:12:00+00:00,0.5762,0.25276364274434115,43.86734514827163,0.27636427443411493,-0.22639936831022622,1.1054570977364597,0.03333333333333333,roc_peak_drop,0.5849,9.757928316757347
2892,BREV-USD,roc_momentum,buy,2026-01-07 06:12:00+00:00,0.5762,0.25,2026-01-07 06:15:00+00:00,0.5608,0.24331829225963203,43.38771259979173,-0.6681707740367963,-1.1614890662964283,-2.672683096147185,0.05,roc_peak_drop,0.5763,6.308799114554509
2893,BREV-USD,roc_momentum,buy,2026-01-07 06:15:00+00:00,0.5608,0.25,2026-01-07 06:16:00+00:00,0.569,0.25365549215406563,44.57917261055635,0.36554921540656143,-0.1381062767475042,1.4621968616262457,0.016666666666666666,roc_reversal,0.569,-1.596771363397087
2894,BREV-USD,roc_momentum,buy,2026-01-07 06:16:00+00:00,0.569,0.25,2026-01-07 06:17:00+00:00,0.5697,0.25030755711775043,43.93673110720563,0.03075571177504543,-0.469551845342705,0.12302284710018171,0.016666666666666666,roc_reversal,0.5697,-1.1280805275945993
2895,BREV-USD,roc_momentum,buy,2026-01-07 06:17:00+00:00,0.5697,0.25,2026-01-07 06:18:00+00:00,0.5704,0.25030717921713186,43.882745304546255,0.030717921713183865,-0.469589257503948,0.12287168685273546,0.016666666666666666,roc_reversal,0.5704,-0.07007708479326302
2896,BREV-USD,roc_momentum,buy,2026-01-07 06:18:00+00:00,0.5704,0.25,2026-01-07 06:19:00+00:00,0.568,0.24894810659186534,43.82889200561009,-0.10518934081346724,-0.6041374474053326,-0.420757363253869,0.016666666666666666,roc_reversal,0.5704,-0.07007708479326302
2897,BREV-USD,roc_momentum,buy,2026-01-07 06:19:00+00:00,0.568,0.25,2026-01-07 06:21:00+00:00,0.576,0.2535211267605634,44.014084507042256,0.3521126760563384,-0.151408450704225,1.4084507042253536,0.03333333333333333,roc_peak_drop,0.5768,2.853067047075619
2898,BREV-USD,roc_momentum,buy,2026-01-07 06:21:00+00:00,0.576,0.25,2026-01-07 06:25:00+00:00,0.5816,0.2524305555555556,43.40277777777778,0.24305555555555772,-0.25937499999999786,0.9722222222222309,0.06666666666666667,roc_peak_drop,0.5828,2.3943661971831176
2899,BREV-USD,roc_momentum,buy,2026-01-07 06:25:00+00:00,0.5816,0.25,2026-01-07 06:27:00+00:00,0.5828,0.25051581843191195,42.98486932599725,0.05158184319119579,-0.44893397524071615,0.20632737276478316,0.03333333333333333,roc_peak_drop,0.5828,1.1805555555555625
2900,BREV-USD,roc_momentum,buy,2026-01-07 06:27:00+00:00,0.5828,0.25,2026-01-07 06:29:00+00:00,0.57,0.24450926561427588,42.896362388469456,-0.5490734385724105,-1.0435827041866863,-2.196293754289642,0.03333333333333333,roc_reversal,0.5828,
2901,BREV-USD,roc_momentum,buy,2026-01-07 06:29:00+00:00,0.57,0.25,2026-01-07 06:30:00+00:00,0.5624,0.2466666666666667,43.85964912280702,-0.33333333333333076,-0.8299999999999974,-1.333333333333323,0.016666666666666666,roc_reversal,0.57,-1.9944979367262805
2902,BREV-USD,roc_momentum,buy,2026-01-07 06:30:00+00:00,0.5624,0.25,2026-01-07 06:31:00+00:00,0.5497,0.24435455192034136,44.45234708392603,-0.5645448079658626,-1.058899359886204,-2.2581792318634504,0.016666666666666666,roc_reversal,0.5624,-3.301237964236592
2903,BREV-USD,roc_momentum,buy,2026-01-07 06:31:00+00:00,0.5497,0.25,2026-01-07 06:32:00+00:00,0.54,0.2455885028197199,45.4793523740222,-0.44114971802801217,-0.9367382208477321,-1.7645988721120487,0.016666666666666666,roc_reversal,0.5497,-5.679478380233361
2904,BREV-USD,roc_momentum,buy,2026-01-07 06:32:00+00:00,0.54,0.25,2026-01-07 06:33:00+00:00,0.55,0.25462962962962965,46.29629629629629,0.46296296296296335,-0.04166666666666629,1.8518518518518534,0.016666666666666666,roc_reversal,0.55,-5.628002745367178
2905,BREV-USD,roc_momentum,buy,2026-01-07 06:33:00+00:00,0.55,0.25,2026-01-07 06:34:00+00:00,0.5599,0.25449999999999995,45.45454545454545,0.44999999999999585,-0.054500000000004135,1.7999999999999834,0.016666666666666666,roc_reversal,0.5599,-1.7719298245614024
2906,BREV-USD,roc_momentum,buy,2026-01-07 06:34:00+00:00,0.5599,0.25,2026-01-07 06:38:00+00:00,0.5408,0.24147169137345953,44.6508305054474,-0.8528308626540457,-1.3443025540275053,-3.411323450616183,0.06666666666666667,roc_peak_drop,0.57,2.7222222222222037
2907,BREV-USD,roc_momentum,buy,2026-01-07 06:38:00+00:00,0.5408,0.25,2026-01-07 06:39:00+00:00,0.54,0.24963017751479294,46.22781065088758,-0.03698224852070599,-0.536612426035499,-0.14792899408282395,0.016666666666666666,roc_reversal,0.5408,-1.6727272727272924
2908,BREV-USD,roc_momentum,buy,2026-01-07 06:39:00+00:00,0.54,0.25,2026-01-07 06:40:00+00:00,0.54,0.25,46.29629629629629,0.0,-0.5,0.0,0.016666666666666666,roc_reversal,0.54,-3.554206108233604
2909,BREV-USD,roc_momentum,buy,2026-01-07 06:40:00+00:00,0.54,0.25,2026-01-07 06:41:00+00:00,0.5492,0.25425925925925924,46.29629629629629,0.42592592592592526,-0.078333333333334,1.703703703703701,0.016666666666666666,roc_reversal,0.5492,-1.8409294012511124
2910,BREV-USD,roc_momentum,buy,2026-01-07 06:41:00+00:00,0.5492,0.25,2026-01-07 06:42:00+00:00,0.5414,0.24644938091769847,45.52075746540422,-0.35506190823015427,-0.8515112891478527,-1.420247632920617,0.016666666666666666,roc_reversal,0.5492,-1.8409294012511124
2911,BREV-USD,roc_momentum,buy,2026-01-07 06:42:00+00:00,0.5414,0.25,2026-01-07 06:43:00+00:00,0.52,0.2401182120428519,46.176579239009975,-0.9881787957148123,-1.4782970077576643,-3.952715182859249,0.016666666666666666,roc_reversal,0.5414,-2.3976924463674054
2912,BREV-USD,roc_momentum,buy,2026-01-07 06:43:00+00:00,0.52,0.25,2026-01-07 06:44:00+00:00,0.532,0.25576923076923075,48.07692307692307,0.5769230769230774,0.07115384615384664,2.3076923076923097,0.016666666666666666,roc_reversal,0.532,-1.4814814814814836
2913,BREV-USD,roc_momentum,buy,2026-01-07 06:44:00+00:00,0.532,0.25,2026-01-07 06:45:00+00:00,0.531,0.24953007518796994,46.992481203007515,-0.04699248120300756,-0.5465225563909775,-0.18796992481203023,0.016666666666666666,roc_reversal,0.532,-1.4814814814814836
2914,BREV-USD,roc_momentum,buy,2026-01-07 06:45:00+00:00,0.531,0.25,2026-01-07 06:46:00+00:00,0.5324,0.25065913370998116,47.080979284369114,0.06591337099811473,-0.43474576271186643,0.2636534839924589,0.016666666666666666,roc_reversal,0.5324,-1.6666666666666718
2915,BREV-USD,roc_momentum,buy,2026-01-07 06:46:00+00:00,0.5324,0.25,2026-01-07 06:47:00+00:00,0.53,0.24887302779864764,46.95717505634861,-0.11269722013523469,-0.6115702479338824,-0.45078888054093874,0.016666666666666666,roc_reversal,0.5324,-2.105652013298853
2916,BREV-USD,roc_momentum,buy,2026-01-07 06:47:00+00:00,0.53,0.25,2026-01-07 06:49:00+00:00,0.5254,0.24783018867924525,47.16981132075472,-0.21698113207547398,-0.7148113207547192,-0.8679245283018959,0.03333333333333333,roc_peak_drop,0.53,0.7692307692307665
2917,BREV-USD,roc_momentum,buy,2026-01-07 06:49:00+00:00,0.5254,0.25,2026-01-07 06:50:00+00:00,0.5292,0.2518081461743434,47.5827940616673,0.18081461743433697,-0.3209935287400064,0.7232584697373479,0.016666666666666666,roc_reversal,0.5292,-0.3389830508474634
2918,BREV-USD,roc_momentum,buy,2026-01-07 06:50:00+00:00,0.5292,0.25,2026-01-07 06:51:00+00:00,0.5219,0.24655139833711265,47.241118669690096,-0.34486016628873645,-0.8414115646258491,-1.3794406651549458,0.016666666666666666,roc_reversal,0.5292,-0.3389830508474634
2919,BREV-USD,roc_momentum,buy,2026-01-07 06:51:00+00:00,0.5219,0.25,2026-01-07 06:52:00+00:00,0.521,0.24956888292776394,47.90189691511784,-0.043111707223606625,-0.5426805901513706,-0.1724468288944265,0.016666666666666666,roc_reversal,0.5219,-1.6981132075471694
2920,BREV-USD,roc_momentum,buy,2026-01-07 06:52:00+00:00,0.521,0.25,2026-01-07 06:54:00+00:00,0.524,0.2514395393474088,47.98464491362764,0.14395393474088303,-0.3574856046065258,0.5758157389635321,0.03333333333333333,roc_peak_drop,0.5303,1.2022900763358768
2921,BREV-USD,roc_momentum,buy,2026-01-07 06:54:00+00:00,0.524,0.25,2026-01-07 06:55:00+00:00,0.5263,0.2510973282442748,47.70992366412214,0.10973282442747942,-0.3913645038167954,0.4389312977099177,0.016666666666666666,roc_reversal,0.5263,-0.26646364674532963
2922,BREV-USD,roc_momentum,buy,2026-01-07 06:55:00+00:00,0.5263,0.25,2026-01-07 06:58:00+00:00,0.5452,0.25897776933308003,47.501425042751286,0.8977769333080006,0.3887991639749206,3.5911077332320023,0.05,take_profit,0.5452,2.809730341316241
2923,BREV-USD,roc_momentum,buy,2026-01-07 06:58:00+00:00,0.5452,0.25,2026-01-07 06:59:00+00:00,0.5332,0.24449743213499633,45.8547322083639,-0.5502567865003674,-1.0447542186353636,-2.2010271460014694,0.016666666666666666,roc_peak_drop,0.5452,2.809730341316241
2924,BREV-USD,roc_momentum,buy,2026-01-07 06:59:00+00:00,0.5332,0.25,2026-01-07 07:00:00+00:00,0.5287,0.24789009752438107,46.8867216804201,-0.21099024756189325,-0.7088803450862743,-0.843960990247573,0.016666666666666666,roc_peak_drop,0.5332,1.7557251908396854
2925,BREV-USD,roc_momentum,buy,2026-01-07 07:00:00+00:00,0.5287,0.25,2026-01-07 07:01:00+00:00,0.5287,0.25,47.285795347077745,0.0,-0.5,0.0,0.016666666666666666,roc_peak_drop,0.5287,0.45601368041039425
2926,BREV-USD,roc_momentum,buy,2026-01-07 07:01:00+00:00,0.5287,0.25,2026-01-07 07:02:00+00:00,0.5287,0.25,47.285795347077745,0.0,-0.5,0.0,0.016666666666666666,roc_reversal,0.5287,-0.8625539096193569
2927,BREV-USD,roc_momentum,buy,2026-01-07 07:02:00+00:00,0.5287,0.25,2026-01-07 07:03:00+00:00,0.5287,0.25,47.285795347077745,0.0,-0.5,0.0,0.016666666666666666,roc_reversal,0.5287,-0.8625539096193569
2928,BREV-USD,roc_momentum,buy,2026-01-07 07:03:00+00:00,0.5287,0.25,2026-01-07 07:04:00+00:00,0.5287,0.25,47.285795347077745,0.0,-0.5,0.0,0.016666666666666666,roc_reversal,0.5287,-0.843960990247572
2929,BREV-USD,roc_momentum,buy,2026-01-07 07:04:00+00:00,0.5287,0.25,2026-01-07 07:51:00+00:00,0.4843,0.2290051068658975,47.285795347077745,-2.099489313410249,-2.5784944202761464,-8.397957253640996,0.7833333333333333,stop_loss,0.5287,
2930,BREV-USD,roc_momentum,buy,2026-01-07 07:51:00+00:00,0.4843,0.25,2026-01-07 07:52:00+00:00,0.4877,0.25175511046871774,51.62089613875697,0.1755110468717744,-0.3262440635969433,0.7020441874870976,0.016666666666666666,roc_reversal,0.4877,-7.7548704369207355
2931,BREV-USD,roc_momentum,buy,2026-01-07 07:59:00+00:00,0.4935,0.25,2026-01-07 08:01:00+00:00,0.4854,0.2458966565349544,50.65856129685917,-0.4103343465045591,-0.9062310030395135,-1.6413373860182363,0.03333333333333333,roc_peak_drop,0.4935,2.0893669838643047
2932,BREV-USD,roc_momentum,buy,2026-01-07 08:01:00+00:00,0.4854,0.25,2026-01-07 08:03:00+00:00,0.48,0.24721878862793573,51.50391429748661,-0.2781211372064285,-0.7753399258343642,-1.112484548825714,0.03333333333333333,roc_peak_drop,0.4864,0.9128630705394158
2933,BREV-USD,roc_momentum,buy,2026-01-07 08:05:00+00:00,0.4872,0.25,2026-01-07 08:10:00+00:00,0.499,0.2560550082101806,51.31362889983579,0.6055008210180612,0.09944581280788059,2.422003284072245,0.08333333333333333,roc_peak_drop,0.5005,4.270833333333335
2934,BREV-USD,roc_momentum,buy,2026-01-07 08:10:00+00:00,0.499,0.25,2026-01-07 08:12:00+00:00,0.499,0.25,50.100200400801604,0.0,-0.5,0.0,0.03333333333333333,roc_peak_drop,0.499,2.4220032840722494
2935,BREV-USD,roc_momentum,buy,2026-01-07 08:12:00+00:00,0.499,0.25,2026-01-07 08:13:00+00:00,0.499,0.25,50.100200400801604,0.0,-0.5,0.0,0.016666666666666666,roc_reversal,0.499,-0.20000000000000018
2936,BREV-USD,roc_momentum,buy,2026-01-07 08:13:00+00:00,0.499,0.25,2026-01-07 08:14:00+00:00,0.4898,0.24539078156312627,50.100200400801604,-0.46092184368737404,-0.9563126252505003,-1.8436873747494962,0.016666666666666666,roc_reversal,0.499,-0.29970029970028955
2937,BREV-USD,roc_momentum,buy,2026-01-07 08:14:00+00:00,0.4898,0.25,2026-01-07 08:15:00+00:00,0.495,0.2526541445487954,51.041241322988974,0.26541445487954174,-0.23723968966925366,1.061657819518167,0.016666666666666666,roc_reversal,0.495,-0.8016032064128265
2938,BREV-USD,roc_momentum,buy,2026-01-07 08:15:00+00:00,0.495,0.25,2026-01-07 08:16:00+00:00,0.495,0.25,50.505050505050505,0.0,-0.5,0.0,0.016666666666666666,roc_reversal,0.495,-0.8016032064128265
2939,BREV-USD,roc_momentum,buy,2026-01-07 08:16:00+00:00,0.495,0.25,2026-01-07 08:19:00+00:00,0.5181,0.26166666666666666,50.505050505050505,1.1666666666666672,0.6550000000000005,4.666666666666669,0.05,take_profit,0.5181,5.777868517762341
2940,BREV-USD,roc_momentum,buy,2026-01-07 08:19:00+00:00,0.5181,0.25,2026-01-07 08:20:00+00:00,0.5149,0.24845589654506853,48.25323296660876,-0.1544103454931471,-0.6528662420382156,-0.6176413819725884,0.016666666666666666,roc_peak_drop,0.5181,5.777868517762341
2941,BREV-USD,roc_momentum,buy,2026-01-07 08:20:00+00:00,0.5149,0.25,2026-01-07 08:22:00+00:00,0.5126,0.24888327830646723,48.553117110118464,-0.11167216935327634,-0.6105554476597436,-0.44668867741310536,0.03333333333333333,roc_peak_drop,0.5169,4.424242424242419
2942,BREV-USD,roc_momentum,buy,2026-01-07 08:22:00+00:00,0.5126,0.25,2026-01-07 08:23:00+00:00,0.5136,0.25048770971517753,48.77097151775264,0.048770971517752684,-0.45171673819742486,0.19508388607101074,0.016666666666666666,roc_peak_drop,0.5136,1.807348560079447
2943,BREV-USD,roc_momentum,buy,2026-01-07 08:23:00+00:00,0.5136,0.25,2026-01-07 08:24:00+00:00,0.5015,0.24411020249221183,48.676012461059194,-0.5889797507788163,-1.083089953271028,-2.355919003115265,0.016666666666666666,roc_peak_drop,0.5136,0.31249999999998224
2944,BREV-USD,roc_momentum,buy,2026-01-07 08:24:00+00:00,0.5015,0.25,2026-01-07 08:25:00+00:00,0.5016,0.2500498504486541,49.85044865403789,0.004985044865408774,-0.49506480558324534,0.019940179461635097,0.016666666666666666,roc_reversal,0.5016,-2.583025830258301
2945,BREV-USD,roc_momentum,buy,2026-01-07 08:25:00+00:00,0.5016,0.25,2026-01-07 08:26:00+00:00,0.504,0.2511961722488038,49.84051036682615,0.11961722488038065,-0.3815789473684231,0.4784688995215226,0.016666666666666666,roc_reversal,0.504,-2.495647127103895
2946,BREV-USD,roc_momentum,buy,2026-01-07 08:26:00+00:00,0.504,0.25,2026-01-07 08:27:00+00:00,0.504,0.25,49.6031746031746,0.0,-0.5,0.0,0.016666666666666666,roc_reversal,0.504,-1.677721420210676
2947,BREV-USD,roc_momentum,buy,2026-01-07 08:27:00+00:00,0.504,0.25,2026-01-07 08:28:00+00:00,0.504,0.25,49.6031746031746,0.0,-0.5,0.0,0.016666666666666666,roc_reversal,0.504,-1.677721420210676
2948,BREV-USD,roc_momentum,buy,2026-01-07 08:28:00+00:00,0.504,0.25,2026-01-07 08:31:00+00:00,0.4937,0.24489087301587303,49.6031746031746,-0.5109126984126973,-1.0058035714285702,-2.043650793650789,0.05,roc_peak_drop,0.504,0.3988035892322994
2949,BREV-USD,roc_momentum,buy,2026-01-07 08:31:00+00:00,0.4937,0.25,2026-01-07 08:32:00+00:00,0.4937,0.25,50.63803929511849,0.0,-0.5,0.0,0.016666666666666666,roc_reversal,0.4937,-2.0436507936507864
2950,BREV-USD,roc_momentum,buy,2026-01-07 08:32:00+00:00,0.4937,0.25,2026-01-07 08:33:00+00:00,0.4877,0.24696171764229288,50.63803929511849,-0.3038282357707112,-0.8007899534130041,-1.2153129430828449,0.016666666666666666,roc_reversal,0.4937,-2.0436507936507864
2951,BREV-USD,roc_momentum,buy,2026-01-07 08:33:00+00:00,0.4877,0.25,2026-01-07 08:34:00+00:00,0.4875,0.2498974779577609,51.2610211195407,-0.010252204223909857,-0.5101496821816708,-0.04100881689563943,0.016666666666666666,roc_reversal,0.4877,-3.1777557100297837
2952,BREV-USD,roc_momentum,buy,2026-01-07 08:34:00+00:00,0.4875,0.25,2026-01-07 08:35:00+00:00,0.4833,0.24784615384615385,51.282051282051285,-0.21538461538461445,-0.7132307692307683,-0.8615384615384578,0.016666666666666666,roc_reversal,0.4875,-3.1777557100297837
2953,BREV-USD,roc_momentum,buy,2026-01-07 08:35:00+00:00,0.4833,0.25,2026-01-07 08:36:00+00:00,0.4856,0.25118973722325677,51.72770535899028,0.11897372232567602,-0.3822160148975807,0.47589488930270407,0.016666666666666666,roc_reversal,0.4856,-1.6406724731618527
2954,BREV-USD,roc_momentum,buy,2026-01-07 08:36:00+00:00,0.4856,0.25,2026-01-07 08:37:00+00:00,0.4877,0.25108113673805604,51.48270181219111,0.1081136738056037,-0.3929674629324523,0.4324546952224148,0.016666666666666666,roc_reversal,0.4877,-1.2153129430828469
2955,BREV-USD,roc_momentum,buy,2026-01-07 08:39:00+00:00,0.4855,0.25,2026-01-07 08:41:00+00:00,0.4871,0.25082389289392376,51.493305870236874,0.0823892893923785,-0.41843460350154527,0.329557157569514,0.03333333333333333,roc_peak_drop,0.4871,0.45520380715911024
2956,BREV-USD,roc_momentum,buy,2026-01-07 08:41:00+00:00,0.4871,0.25,2026-01-07 08:42:00+00:00,0.4832,0.2479983576267707,51.32416341613632,-0.20016423732292954,-0.6981625949497002,-0.8006569492917182,0.016666666666666666,roc_peak_drop,0.4871,0.3088962108731552
2957,BREV-USD,roc_momentum,buy,2026-01-07 08:46:00+00:00,0.4872,0.25,2026-01-07 08:50:00+00:00,0.492,0.2524630541871921,51.31362889983579,0.24630541871921033,-0.25615763546798176,0.9852216748768413,0.06666666666666667,roc_peak_drop,0.492,1.5899236010737061
2958,BREV-USD,roc_momentum,buy,2026-01-07 08:54:00+00:00,0.5005,0.25,2026-01-07 08:55:00+00:00,0.4914,0.24545454545454548,49.95004995004996,-0.4545454545454517,-0.9499999999999972,-1.8181818181818068,0.016666666666666666,roc_peak_drop,0.5005,1.7276422764227473
2959,BREV-USD,roc_momentum,buy,2026-01-07 09:07:00+00:00,0.496,0.25,2026-01-07 09:08:00+00:00,0.4974,0.25070564516129035,50.403225806451616,0.07056451612903288,-0.43014112903225743,0.2822580645161315,0.016666666666666666,roc_reversal,0.4974,-0.30066145520144527
2960,BREV-USD,roc_momentum,buy,2026-01-07 09:08:00+00:00,0.4974,0.25,2026-01-07 09:11:00+00:00,0.4943,0.24844189786891838,50.26135906714917,-0.155810213108162,-0.6542521109770804,-0.623240852432648,0.05,roc_peak_drop,0.4974,0.5881160008111896
2961,BREV-USD,roc_momentum,buy,2026-01-07 09:11:00+00:00,0.4943,0.25,2026-01-07 09:15:00+00:00,0.5168,0.2613797289095691,50.57657293141816,1.1379728909569098,0.6265931620473406,4.551891563827639,0.06666666666666667,take_profit,0.5168,4.193548387096779
2962,BREV-USD,roc_momentum,buy,2026-01-07 09:15:00+00:00,0.5168,0.25,2026-01-07 09:16:00+00:00,0.57,0.275735294117647,48.37461300309597,2.5735294117647016,2.0477941176470544,10.294117647058806,0.016666666666666666,take_profit,0.57,15.314586283633403
2963,BREV-USD,roc_momentum,buy,2026-01-07 09:16:00+00:00,0.57,0.25,2026-01-07 09:18:00+00:00,0.5573,0.24442982456140352,43.85964912280702,-0.5570175438596463,-1.0514473684210497,-2.228070175438585,0.03333333333333333,roc_peak_drop,0.57,15.314586283633403
2964,BREV-USD,roc_momentum,buy,2026-01-07 09:18:00+00:00,0.5573,0.25,2026-01-07 09:19:00+00:00,0.5165,0.23169746994437465,44.859142293199355,-1.8302530055625361,-2.3119504755069107,-7.3210120222501445,0.016666666666666666,stop_loss,0.5573,9.25308762987649
2965,BREV-USD,roc_momentum,buy,2026-01-07 09:19:00+00:00,0.5165,0.25,2026-01-07 09:20:00+00:00,0.5101,0.2469022265246854,48.4027105517909,-0.3097773475314599,-0.8066795740561453,-1.2391093901258396,0.016666666666666666,roc_peak_drop,0.5165,1.274509803921564
2966,BREV-USD,roc_momentum,buy,2026-01-07 09:20:00+00:00,0.5101,0.25,2026-01-07 09:21:00+00:00,0.512,0.25093118996275243,49.00999803960008,0.09311899627524077,-0.40781219368751165,0.3724759851009631,0.016666666666666666,roc_reversal,0.512,-1.2964396284829816
2967,BREV-USD,roc_momentum,buy,2026-01-07 09:21:00+00:00,0.512,0.25,2026-01-07 09:22:00+00:00,0.53,0.2587890625,48.828125,0.8789062500000008,0.3701171875000008,3.515625000000003,0.016666666666666666,take_profit,0.53,-7.017543859649111
2968,BREV-USD,roc_momentum,buy,2026-01-07 09:22:00+00:00,0.53,0.25,2026-01-07 09:23:00+00:00,0.515,0.2429245283018868,47.16981132075472,-0.7075471698113214,-1.2004716981132082,-2.8301886792452855,0.016666666666666666,roc_reversal,0.53,-7.017543859649111
2969,BREV-USD,roc_momentum,buy,2026-01-07 09:23:00+00:00,0.515,0.25,2026-01-07 09:24:00+00:00,0.5144,0.24970873786407766,48.543689320388346,-0.02912621359223519,-0.5288349514563129,-0.11650485436894076,0.016666666666666666,roc_reversal,0.515,-0.4065827686350443
2970,BREV-USD,roc_momentum,buy,2026-01-07 09:24:00+00:00,0.5144,0.25,2026-01-07 09:27:00+00:00,0.5248,0.25505443234836706,48.60031104199067,0.5054432348367067,0.0003888024883396056,2.021772939346827,0.05,roc_peak_drop,0.5256,2.6562499999999822
2971,BREV-USD,roc_momentum,buy,2026-01-07 09:27:00+00:00,0.5248,0.25,2026-01-07 09:30:00+00:00,0.5248,0.25,47.637195121951216,0.0,-0.5,0.0,0.05,roc_peak_drop,0.53,3.032659409020222
2972,BREV-USD,roc_momentum,buy,2026-01-07 09:30:00+00:00,0.5248,0.25,2026-01-07 09:31:00+00:00,0.5204,0.2479039634146341,47.637195121951216,-0.20960365853658872,-0.7075076219512229,-0.8384146341463549,0.016666666666666666,roc_peak_drop,0.5248,2.021772939346822
2973,BREV-USD,roc_momentum,buy,2026-01-07 09:31:00+00:00,0.5204,0.25,2026-01-07 09:33:00+00:00,0.5288,0.25403535741737127,48.03996925441968,0.40353574173712886,-0.10049961568024242,1.6141429669485154,0.03333333333333333,roc_peak_drop,0.5288,0.0952743902438824
2974,BREV-USD,roc_momentum,buy,2026-01-07 09:33:00+00:00,0.5288,0.25,2026-01-07 09:34:00+00:00,0.5201,0.24588691376701965,47.2768532526475,-0.4113086232980352,-0.9071955370650548,-1.6452344931921408,0.016666666666666666,roc_reversal,0.5288,
2975,BREV-USD,roc_momentum,buy,2026-01-07 09:34:00+00:00,0.5201,0.25,2026-01-07 09:35:00+00:00,0.5203,0.2500961353585849,48.06767929244376,0.009613535858487694,-0.4904825995000972,0.038454143433950774,0.016666666666666666,roc_reversal,0.5203,-0.8574695121951303
2976,BREV-USD,roc_momentum,buy,2026-01-07 09:35:00+00:00,0.5203,0.25,2026-01-07 09:37:00+00:00,0.523,0.2512973284643475,48.04920238324044,0.12973284643475091,-0.37156448202959663,0.5189313857390037,0.03333333333333333,roc_peak_drop,0.5293,1.7102229054573481
2977,BREV-USD,roc_momentum,buy,2026-01-07 09:37:00+00:00,0.523,0.25,2026-01-07 09:38:00+00:00,0.5217,0.24937858508604208,47.801147227533455,-0.06214149139579196,-0.561520076481834,-0.24856596558316785,0.016666666666666666,roc_reversal,0.523,-0.4378450409289858
2978,BREV-USD,roc_momentum,buy,2026-01-07 09:38:00+00:00,0.5217,0.25,2026-01-07 09:40:00+00:00,0.5225,0.2503833620854897,47.92026068621813,0.03833620854897028,-0.46204715353651943,0.15334483419588113,0.03333333333333333,roc_peak_drop,0.525,0.9421265141319024
2979,BREV-USD,roc_momentum,buy,2026-01-07 09:40:00+00:00,0.5225,0.25,2026-01-07 09:41:00+00:00,0.5205,0.24904306220095693,47.84688995215311,-0.09569377990430632,-0.5947368421052632,-0.38277511961722527,0.016666666666666666,roc_peak_drop,0.5225,0.42283298097252064
2980,BREV-USD,roc_momentum,buy,2026-01-07 09:41:00+00:00,0.5205,0.25,2026-01-07 09:43:00+00:00,0.5204,0.24995196926032662,48.030739673390975,-0.004803073967338568,-0.5047550432276652,-0.019212295869354273,0.03333333333333333,roc_peak_drop,0.5233,0.05736137667302632
2981,BREV-USD,roc_momentum,buy,2026-01-07 09:43:00+00:00,0.5204,0.25,2026-01-07 09:44:00+00:00,0.5204,0.25,48.03996925441968,0.0,-0.5,0.0,0.016666666666666666,roc_reversal,0.5204,-0.24918535556834875
2982,BREV-USD,roc_momentum,buy,2026-01-07 09:44:00+00:00,0.5204,0.25,2026-01-07 09:47:00+00:00,0.5275,0.2534108378170638,48.03996925441968,0.3410837817063795,-0.1623270561106843,1.364335126825518,0.05,roc_peak_drop,0.5302,1.8635926993275875
2983,BREV-USD,roc_momentum,buy,2026-01-07 09:47:00+00:00,0.5275,0.25,2026-01-07 09:50:00+00:00,0.5358,0.25393364928909956,47.39336492890995,0.39336492890995667,-0.1105687203791429,1.5734597156398267,0.05,roc_peak_drop,0.5358,2.3827824750192406
2984,BREV-USD,roc_momentum,buy,2026-01-07 09:50:00+00:00,0.5358,0.25,2026-01-07 09:52:00+00:00,0.555,0.2589585666293393,46.65920119447554,0.8958566629339303,0.38689809630459093,3.583426651735721,0.03333333333333333,take_profit,0.555,5.213270142180115
2985,BREV-USD,roc_momentum,buy,2026-01-07 09:52:00+00:00,0.555,0.25,2026-01-07 09:55:00+00:00,0.5561,0.2504954954954955,45.04504504504504,0.04954954954954909,-0.4509459459459464,0.19819819819819637,0.05,roc_peak_drop,0.5628,6.188679245283013
2986,BREV-USD,roc_momentum,buy,2026-01-07 09:55:00+00:00,0.5561,0.25,2026-01-07 09:57:00+00:00,0.5624,0.2528322244200683,44.95594317568782,0.28322244200683205,-0.21960978241323628,1.1328897680273282,0.03333333333333333,roc_peak_drop,0.5632,4.781395348837214
2987,BREV-USD,roc_momentum,buy,2026-01-07 09:57:00+00:00,0.5624,0.25,2026-01-07 09:58:00+00:00,0.5603,0.24906650071123757,44.45234708392603,-0.09334992887624426,-0.5924164295874819,-0.373399715504977,0.016666666666666666,roc_peak_drop,0.5624,1.3333333333333197
2988,BREV-USD,roc_momentum,buy,2026-01-07 09:58:00+00:00,0.5603,0.25,2026-01-07 09:59:00+00:00,0.5593,0.24955381045868286,44.61895413171515,-0.04461895413171519,-0.544172764590398,-0.17847581652686076,0.016666666666666666,roc_reversal,0.5603,-0.07146685724493951
2989,BREV-USD,roc_momentum,buy,2026-01-07 09:59:00+00:00,0.5593,0.25,2026-01-07 10:01:00+00:00,0.5648,0.25245843018058284,44.698730556052205,0.24584301805828487,-0.256615412122298,0.9833720722331395,0.03333333333333333,roc_peak_drop,0.5648,0.575436072648805
2990,BREV-USD,roc_momentum,buy,2026-01-07 10:01:00+00:00,0.5648,0.25,2026-01-07 10:04:00+00:00,0.56,0.24787535410764877,44.26345609065156,-0.21246458923512374,-0.7103399433427725,-0.8498583569404949,0.05,roc_peak_drop,0.566,0.9994645725504014
2991,BREV-USD,roc_momentum,buy,2026-01-07 10:04:00+00:00,0.56,0.25,2026-01-07 10:05:00+00:00,0.5445,0.2430803571428571,44.64285714285714,-0.6919642857142887,-1.185044642857146,-2.767857142857155,0.016666666666666666,roc_peak_drop,0.56,0.12515644555695093
2992,BREV-USD,roc_momentum,buy,2026-01-07 10:05:00+00:00,0.5445,0.25,2026-01-07 10:06:00+00:00,0.5464,0.25087235996326906,45.91368227731864,0.08723599632690601,-0.413636363636363,0.34894398530762405,0.016666666666666666,roc_reversal,0.5464,-2.6461648489182976
2993,BREV-USD,roc_momentum,buy,2026-01-07 10:06:00+00:00,0.5464,0.25,2026-01-07 10:07:00+00:00,0.5487,0.25105234260614934,45.75402635431918,0.10523426061493268,-0.39581808199121665,0.42093704245973074,0.016666666666666666,roc_reversal,0.5487,-3.0565371024735
2994,BREV-USD,roc_momentum,buy,2026-01-07 10:07:00+00:00,0.5487,0.25,2026-01-07 10:08:00+00:00,0.556,0.2533260433752506,45.562238017131406,0.3326043375250631,-0.17072170585018753,1.3304173501002523,0.016666666666666666,roc_reversal,0.556,-1.7494256935854269
2995,BREV-USD,roc_momentum,buy,2026-01-07 10:08:00+00:00,0.556,0.25,2026-01-07 10:09:00+00:00,0.5585,0.2511241007194244,44.96402877697842,0.11241007194244364,-0.3887140287769808,0.44964028776977455,0.016666666666666666,roc_reversal,0.5585,-0.267857142857153
2996,BREV-USD,roc_momentum,buy,2026-01-07 10:09:00+00:00,0.5585,0.25,2026-01-07 10:12:00+00:00,0.559,0.2502238137869293,44.76275738585497,0.022381378692929988,-0.4778424350939993,0.08952551477171995,0.05,roc_peak_drop,0.5677,3.8982430453879946
2997,BREV-USD,roc_momentum,buy,2026-01-07 10:19:00+00:00,0.5467,0.25,2026-01-07 10:20:00+00:00,0.5465,0.2499085421620633,45.72891896835559,-0.009145783793670112,-0.5090543259557334,-0.036583135174680446,0.016666666666666666,roc_reversal,0.5467,-1.7086330935251914
2998,BREV-USD,roc_momentum,buy,2026-01-07 10:28:00+00:00,0.5436,0.25,2026-01-07 10:33:00+00:00,0.5507,0.2532652685798381,45.989698307579104,0.3265268579838114,-0.17673841059602668,1.3061074319352457,0.08333333333333333,roc_peak_drop,0.5508,1.9999999999999796
2999,BREV-USD,roc_momentum,buy,2026-01-07 12:39:00+00:00,0.528,0.25,2026-01-07 12:41:00+00:00,0.5307,0.25127840909090904,47.348484848484844,0.1278409090909055,-0.37343750000000353,0.511363636363622,0.03333333333333333,roc_peak_drop,0.5336,2.575932333717801
3000,BREV-USD,roc_momentum,buy,2026-01-07 12:41:00+00:00,0.5307,0.25,2026-01-07 12:42:00+00:00,0.5269,0.2482099114377238,47.107593744111554,-0.1790088562276199,-0.6772187676653437,-0.7160354249104796,0.016666666666666666,roc_peak_drop,0.5307,1.6861467714121225
3001,BREV-USD,roc_momentum,buy,2026-01-07 12:42:00+00:00,0.5269,0.25,2026-01-07 12:44:00+00:00,0.5301,0.2515183146707155,47.44733345985955,0.15183146707154965,-0.34968684759916585,0.6073258682861986,0.03333333333333333,roc_peak_drop,0.5301,0.9747706422018387
3002,BREV-USD,roc_momentum,buy,2026-01-07 12:44:00+00:00,0.5301,0.25,2026-01-07 12:45:00+00:00,0.5336,0.25165063195623466,47.16091303527636,0.1650631956234648,-0.33658743633276983,0.6602527824938592,0.016666666666666666,roc_peak_drop,0.5336,0.39772727272726627
3003,BREV-USD,roc_momentum,buy,2026-01-07 12:45:00+00:00,0.5336,0.25,2026-01-07 12:46:00+00:00,0.5298,0.24821964017991008,46.85157421289356,-0.1780359820089915,-0.6762556221889016,-0.712143928035966,0.016666666666666666,roc_reversal,0.5336,
3004,BREV-USD,roc_momentum,buy,2026-01-07 12:46:00+00:00,0.5298,0.25,2026-01-07 12:49:00+00:00,0.5293,0.24976406191015474,47.187617969044915,-0.0235938089845251,-0.5233578708946799,-0.0943752359381004,0.05,roc_peak_drop,0.5322,0.7382169222033053
3005,BREV-USD,roc_momentum,buy,2026-01-07 12:49:00+00:00,0.5293,0.25,2026-01-07 12:50:00+00:00,0.5295,0.2500944643869261,47.23219346306443,0.009446438692611844,-0.49064802569431426,0.03778575477044738,0.016666666666666666,roc_reversal,0.5295,-0.15091492171288579
3006,BREV-USD,roc_momentum,buy,2026-01-07 12:50:00+00:00,0.5295,0.25,2026-01-07 12:51:00+00:00,0.5295,0.25,47.214353163361665,0.0,-0.5,0.0,0.016666666666666666,roc_reversal,0.5295,-0.05662514156287157
3007,BREV-USD,roc_momentum,buy,2026-01-07 12:51:00+00:00,0.5295,0.25,2026-01-07 12:52:00+00:00,0.5295,0.25,47.214353163361665,0.0,-0.5,0.0,0.016666666666666666,roc_reversal,0.5295,-0.05662514156287157
3008,BREV-USD,roc_momentum,buy,2026-01-07 12:52:00+00:00,0.5295,0.25,2026-01-07 12:53:00+00:00,0.5295,0.25,47.214353163361665,0.0,-0.5,0.0,0.016666666666666666,roc_reversal,0.5295,-0.11318619128467544
3009,BREV-USD,roc_momentum,buy,2026-01-07 12:53:00+00:00,0.5295,0.25,2026-01-07 12:55:00+00:00,0.5295,0.25,47.214353163361665,0.0,-0.5,0.0,0.03333333333333333,roc_peak_drop,0.5295,0.03778575477044743
3010,BREV-USD,roc_momentum,buy,2026-01-07 12:55:00+00:00,0.5295,0.25,2026-01-07 13:41:00+00:00,0.5036,0.23777148253068936,47.214353163361665,-1.2228517469310636,-1.710623229461753,-4.891406987724254,0.7666666666666667,stop_loss,0.5295,
3011,BREV-USD,roc_momentum,buy,2026-01-08 00:19:00+00:00,0.4676,0.25,2026-01-08 00:22:00+00:00,0.473,0.2528870829769033,53.464499572284005,0.2887082976903315,-0.21417878528657183,1.154833190761326,0.05,roc_peak_drop,0.4743,1.6066838046272514
3012,BREV-USD,roc_momentum,buy,2026-01-08 00:22:00+00:00,0.473,0.25,2026-01-08 00:26:00+00:00,0.4913,0.2596723044397463,52.854122621564485,0.9672304439746321,0.4575581395348858,3.8689217758985284,0.06666666666666667,take_profit,0.4913,3.7454777612258017
3013,BREV-USD,roc_momentum,buy,2026-01-08 00:26:00+00:00,0.4913,0.25,2026-01-08 00:28:00+00:00,0.4887,0.24867697944229594,50.8854060655404,-0.1323020557704046,-0.6309790352127006,-0.5292082230816184,0.03333333333333333,roc_peak_drop,0.4913,3.584229390681015
3014,BREV-USD,roc_momentum,buy,2026-01-08 00:28:00+00:00,0.4887,0.25,2026-01-08 00:29:00+00:00,0.4833,0.24723756906077346,51.1561285041948,-0.2762430939226527,-0.7734806629834262,-1.104972375690611,0.016666666666666666,roc_peak_drop,0.4887,2.495805369127524
3015,BREV-USD,roc_momentum,buy,2026-01-08 00:29:00+00:00,0.4833,0.25,2026-01-08 00:30:00+00:00,0.4776,0.24705152079453757,51.72770535899028,-0.2948479205462437,-0.7918994413407813,-1.1793916821849748,0.016666666666666666,roc_peak_drop,0.4833,0.7924921793534878
3016,GMT-USD,roc_momentum,buy,2026-01-10 07:44:00+00:00,0.0216,0.25,2026-01-10 07:45:00+00:00,0.0215,0.24884259259259256,1157.4074074074074,-0.11574074074074404,-0.6145833333333366,-0.4629629629629762,0.016666666666666666,roc_reversal,0.0216,-0.4608294930875556
3017,GMT-USD,roc_momentum,buy,2026-01-10 16:32:00+00:00,0.0226,0.25,2026-01-10 16:33:00+00:00,0.0224,0.24778761061946905,1106.1946902654868,-0.22123893805309602,-0.7190265486725651,-0.8849557522123841,0.016666666666666666,roc_peak_drop,0.0226,1.3452914798206095
3018,GMT-USD,roc_momentum,buy,2026-01-10 16:41:00+00:00,0.0229,0.25,2026-01-10 16:42:00+00:00,0.0229,0.25,1091.703056768559,0.0,-0.5,0.0,0.016666666666666666,roc_peak_drop,0.0229,2.2321428571428603
3019,GMT-USD,roc_momentum,buy,2026-01-10 16:42:00+00:00,0.0229,0.25,2026-01-10 16:43:00+00:00,0.0228,0.24890829694323144,1091.703056768559,-0.10917030567685523,-0.6080786026200867,-0.43668122270742094,0.016666666666666666,roc_peak_drop,0.0229,1.3274336283185972
3020,GMT-USD,roc_momentum,buy,2026-01-10 16:43:00+00:00,0.0228,0.25,2026-01-10 16:44:00+00:00,0.0227,0.24890350877192982,1096.4912280701753,-0.10964912280701687,-0.6085526315789467,-0.4385964912280675,0.016666666666666666,roc_reversal,0.0228,
3021,GMT-USD,roc_momentum,buy,2026-01-10 16:45:00+00:00,0.0228,0.25,2026-01-10 16:46:00+00:00,0.0227,0.24890350877192982,1096.4912280701753,-0.10964912280701687,-0.6085526315789467,-0.4385964912280675,0.016666666666666666,roc_reversal,0.0228,
3022,GMT-USD,roc_momentum,buy,2026-01-10 16:47:00+00:00,0.0227,0.25,2026-01-10 16:49:00+00:00,0.0228,0.2511013215859031,1101.3215859030836,0.1101321585903077,-0.39096916299559537,0.4405286343612308,0.03333333333333333,roc_peak_drop,0.023,0.8771929824561431
3023,GMT-USD,roc_momentum,buy,2026-01-10 16:49:00+00:00,0.0228,0.25,2026-01-10 16:50:00+00:00,0.0228,0.25,1096.4912280701753,0.0,-0.5,0.0,0.016666666666666666,roc_peak_drop,0.0228,0.4405286343612369
3024,GMT-USD,roc_momentum,buy,2026-01-10 16:50:00+00:00,0.0228,0.25,2026-01-10 16:53:00+00:00,0.0227,0.24890350877192982,1096.4912280701753,-0.10964912280701687,-0.6085526315789467,-0.4385964912280675,0.05,roc_peak_drop,0.0228,0.4405286343612369
3025,GMT-USD,roc_momentum,buy,2026-01-10 16:53:00+00:00,0.0227,0.25,2026-01-10 16:56:00+00:00,0.0227,0.25,1101.3215859030836,0.0,-0.5,0.0,0.05,roc_reversal,0.0228,
3026,GMT-USD,roc_momentum,buy,2026-01-10 16:56:00+00:00,0.0227,0.25,2026-01-10 16:57:00+00:00,0.0226,0.24889867841409688,1101.3215859030836,-0.11013215859031152,-0.6090308370044084,-0.44052863436124606,0.016666666666666666,roc_reversal,0.0227,-0.43859649122807154
3027,GMT-USD,roc_momentum,buy,2026-01-10 16:57:00+00:00,0.0226,0.25,2026-01-10 16:58:00+00:00,0.0226,0.25,1106.1946902654868,0.0,-0.5,0.0,0.016666666666666666,roc_reversal,0.0226,-0.440528634361248
3028,GMT-USD,roc_momentum,buy,2026-01-10 16:58:00+00:00,0.0226,0.25,2026-01-10 16:59:00+00:00,0.0224,0.24778761061946905,1106.1946902654868,-0.22123893805309602,-0.7190265486725651,-0.8849557522123841,0.016666666666666666,roc_reversal,0.0226,-0.440528634361248
3029,GMT-USD,roc_momentum,buy,2026-01-10 17:03:00+00:00,0.0227,0.25,2026-01-10 17:06:00+00:00,0.0227,0.25,1101.3215859030836,0.0,-0.5,0.0,0.05,roc_peak_drop,0.0229,2.2321428571428603
3030,GMT-USD,roc_momentum,buy,2026-01-10 17:06:00+00:00,0.0227,0.25,2026-01-10 17:08:00+00:00,0.0226,0.24889867841409688,1101.3215859030836,-0.11013215859031152,-0.6090308370044084,-0.44052863436124606,0.03333333333333333,roc_peak_drop,0.0227,0.4424778761062065
3031,GMT-USD,roc_momentum,buy,2026-01-10 17:12:00+00:00,0.0229,0.25,2026-01-10 17:15:00+00:00,0.0227,0.2478165938864629,1091.703056768559,-0.21834061135371047,-0.7161572052401733,-0.8733624454148419,0.05,roc_peak_drop,0.0229,2.2421524663677195
3032,GMT-USD,roc_momentum,buy,2026-01-10 17:15:00+00:00,0.0227,0.25,2026-01-10 17:17:00+00:00,0.0228,0.2511013215859031,1101.3215859030836,0.1101321585903077,-0.39096916299559537,0.4405286343612308,0.03333333333333333,roc_peak_drop,0.0228,0.8849557522123908
3033,GMT-USD,roc_momentum,buy,2026-01-10 17:17:00+00:00,0.0228,0.25,2026-01-10 17:18:00+00:00,0.0227,0.24890350877192982,1096.4912280701753,-0.10964912280701687,-0.6085526315789467,-0.4385964912280675,0.016666666666666666,roc_reversal,0.0228,-0.4366812227074246
3034,GMT-USD,roc_momentum,buy,2026-01-10 17:18:00+00:00,0.0227,0.25,2026-01-10 17:19:00+00:00,0.0227,0.25,1101.3215859030836,0.0,-0.5,0.0,0.016666666666666666,roc_reversal,0.0227,-0.43859649122807154
3035,GMT-USD,roc_momentum,buy,2026-01-10 17:19:00+00:00,0.0227,0.25,2026-01-10 17:21:00+00:00,0.0227,0.25,1101.3215859030836,0.0,-0.5,0.0,0.03333333333333333,roc_reversal,0.0227,
3036,GMT-USD,roc_momentum,buy,2026-01-10 17:21:00+00:00,0.0227,0.25,2026-01-10 17:22:00+00:00,0.0227,0.25,1101.3215859030836,0.0,-0.5,0.0,0.016666666666666666,roc_reversal,0.0227,-0.43859649122807154
3037,GMT-USD,roc_momentum,buy,2026-01-10 17:22:00+00:00,0.0227,0.25,2026-01-10 17:26:00+00:00,0.0226,0.24889867841409688,1101.3215859030836,-0.11013215859031152,-0.6090308370044084,-0.44052863436124606,0.06666666666666667,roc_reversal,0.0227,
3038,GMT-USD,roc_momentum,buy,2026-01-10 17:26:00+00:00,0.0226,0.25,2026-01-10 17:27:00+00:00,0.0226,0.25,1106.1946902654868,0.0,-0.5,0.0,0.016666666666666666,roc_reversal,0.0226,-0.440528634361248
3039,GMT-USD,roc_momentum,buy,2026-01-10 17:27:00+00:00,0.0226,0.25,2026-01-10 17:29:00+00:00,0.0226,0.25,1106.1946902654868,0.0,-0.5,0.0,0.03333333333333333,roc_reversal,0.0227,
3040,GMT-USD,roc_momentum,buy,2026-01-10 17:29:00+00:00,0.0226,0.25,2026-01-10 17:30:00+00:00,0.0226,0.25,1106.1946902654868,0.0,-0.5,0.0,0.016666666666666666,roc_reversal,0.0226,-0.440528634361248
3041,GMT-USD,roc_momentum,buy,2026-01-10 17:30:00+00:00,0.0226,0.25,2026-01-10 17:33:00+00:00,0.0229,0.2533185840707965,1106.1946902654868,0.33185840707964787,-0.1714601769911486,1.3274336283185915,0.05,roc_peak_drop,0.0229,1.3274336283185972
3042,GMT-USD,roc_momentum,buy,2026-01-10 17:33:00+00:00,0.0229,0.25,2026-01-10 17:36:00+00:00,0.0228,0.24890829694323144,1091.703056768559,-0.10917030567685523,-0.6080786026200867,-0.43668122270742094,0.05,roc_peak_drop,0.0229,0.8849557522123908
3043,GMT-USD,roc_momentum,buy,2026-01-10 17:36:00+00:00,0.0228,0.25,2026-01-10 17:37:00+00:00,0.0228,0.25,1096.4912280701753,0.0,-0.5,0.0,0.016666666666666666,roc_reversal,0.0228,-0.4366812227074246
3044,GMT-USD,roc_momentum,buy,2026-01-10 17:37:00+00:00,0.0228,0.25,2026-01-10 17:38:00+00:00,0.0227,0.24890350877192982,1096.4912280701753,-0.10964912280701687,-0.6085526315789467,-0.4385964912280675,0.016666666666666666,roc_reversal,0.0228,-0.4366812227074246
3045,GMT-USD,roc_momentum,buy,2026-01-10 17:38:00+00:00,0.0227,0.25,2026-01-10 17:39:00+00:00,0.0226,0.24889867841409688,1101.3215859030836,-0.11013215859031152,-0.6090308370044084,-0.44052863436124606,0.016666666666666666,roc_reversal,0.0227,-0.8733624454148381
3046,GMT-USD,roc_momentum,buy,2026-01-10 17:39:00+00:00,0.0226,0.25,2026-01-10 17:40:00+00:00,0.0226,0.25,1106.1946902654868,0.0,-0.5,0.0,0.016666666666666666,roc_reversal,0.0226,-0.8771929824561542
3047,GMT-USD,roc_momentum,buy,2026-01-10 17:40:00+00:00,0.0226,0.25,2026-01-10 17:41:00+00:00,0.0226,0.25,1106.1946902654868,0.0,-0.5,0.0,0.016666666666666666,roc_reversal,0.0226,-0.8771929824561542
3048,GMT-USD,roc_momentum,buy,2026-01-10 17:41:00+00:00,0.0226,0.25,2026-01-10 17:42:00+00:00,0.0226,0.25,1106.1946902654868,0.0,-0.5,0.0,0.016666666666666666,roc_reversal,0.0226,-0.8771929824561542
3049,GMT-USD,roc_momentum,buy,2026-01-10 17:42:00+00:00,0.0226,0.25,2026-01-10 17:45:00+00:00,0.0226,0.25,1106.1946902654868,0.0,-0.5,0.0,0.05,roc_peak_drop,0.0227,0.4424778761062065
3050,GMT-USD,roc_momentum,buy,2026-01-10 17:45:00+00:00,0.0226,0.25,2026-01-10 17:48:00+00:00,0.0226,0.25,1106.1946902654868,0.0,-0.5,0.0,0.05,roc_reversal,0.0226,
3051,GMT-USD,roc_momentum,buy,2026-01-10 17:48:00+00:00,0.0226,0.25,2026-01-10 17:49:00+00:00,0.0224,0.24778761061946905,1106.1946902654868,-0.22123893805309602,-0.7190265486725651,-0.8849557522123841,0.016666666666666666,roc_reversal,0.0226,-0.440528634361248
3052,GMT-USD,roc_momentum,buy,2026-01-10 17:49:00+00:00,0.0224,0.25,2026-01-10 17:50:00+00:00,0.0225,0.2511160714285714,1116.0714285714287,0.11160714285714218,-0.3895089285714292,0.44642857142856873,0.016666666666666666,roc_reversal,0.0225,-0.4424778761061954
3053,GMT-USD,roc_momentum,buy,2026-01-10 17:50:00+00:00,0.0225,0.25,2026-01-10 17:51:00+00:00,0.0225,0.25,1111.111111111111,0.0,-0.5,0.0,0.016666666666666666,roc_reversal,0.0225,-0.4424778761061954
3054,GMT-USD,roc_momentum,buy,2026-01-10 17:51:00+00:00,0.0225,0.25,2026-01-10 17:55:00+00:00,0.0225,0.25,1111.111111111111,0.0,-0.5,0.0,0.06666666666666667,roc_peak_drop,0.0226,0.8928571428571397
3055,GMT-USD,roc_momentum,buy,2026-01-10 17:55:00+00:00,0.0225,0.25,2026-01-10 17:57:00+00:00,0.0225,0.25,1111.111111111111,0.0,-0.5,0.0,0.03333333333333333,roc_reversal,0.0225,
3056,GMT-USD,roc_momentum,buy,2026-01-10 17:57:00+00:00,0.0225,0.25,2026-01-10 17:58:00+00:00,0.0225,0.25,1111.111111111111,0.0,-0.5,0.0,0.016666666666666666,roc_reversal,0.0225,-0.4424778761061954
3057,GMT-USD,roc_momentum,buy,2026-01-10 17:58:00+00:00,0.0225,0.25,2026-01-10 17:59:00+00:00,0.0224,0.24888888888888888,1111.111111111111,-0.11111111111111044,-0.6099999999999993,-0.44444444444444176,0.016666666666666666,roc_reversal,0.0225,-0.4424778761061954
3058,GMT-USD,roc_momentum,buy,2026-01-10 17:59:00+00:00,0.0224,0.25,2026-01-10 18:00:00+00:00,0.0224,0.25,1116.0714285714287,0.0,-0.5,0.0,0.016666666666666666,roc_reversal,0.0224,-0.4444444444444473
3059,GMT-USD,roc_momentum,buy,2026-01-10 18:00:00+00:00,0.0224,0.25,2026-01-10 18:01:00+00:00,0.0224,0.25,1116.0714285714287,0.0,-0.5,0.0,0.016666666666666666,roc_reversal,0.0224,-0.4444444444444473
3060,GMT-USD,roc_momentum,buy,2026-01-10 18:01:00+00:00,0.0224,0.25,2026-01-10 18:02:00+00:00,0.0223,0.24888392857142858,1116.0714285714287,-0.11160714285714218,-0.6104910714285707,-0.44642857142856873,0.016666666666666666,roc_reversal,0.0224,-0.4444444444444473
3061,GMT-USD,roc_momentum,buy,2026-01-10 18:02:00+00:00,0.0223,0.25,2026-01-10 18:03:00+00:00,0.0224,0.25112107623318386,1121.0762331838564,0.11210762331838497,-0.3890134529147989,0.4484304932735399,0.016666666666666666,roc_reversal,0.0224,-0.4444444444444473
3062,GMT-USD,roc_momentum,buy,2026-01-10 18:03:00+00:00,0.0224,0.25,2026-01-10 18:05:00+00:00,0.0223,0.24888392857142858,1116.0714285714287,-0.11160714285714218,-0.6104910714285707,-0.44642857142856873,0.03333333333333333,roc_reversal,0.0224,
3063,GMT-USD,roc_momentum,buy,2026-01-10 18:05:00+00:00,0.0223,0.25,2026-01-10 18:06:00+00:00,0.0223,0.25,1121.0762331838564,0.0,-0.5,0.0,0.016666666666666666,roc_reversal,0.0223,-0.44642857142856984
3064,GMT-USD,roc_momentum,buy,2026-01-10 18:06:00+00:00,0.0223,0.25,2026-01-10 18:07:00+00:00,0.0222,0.24887892376681614,1121.0762331838564,-0.11210762331838497,-0.6109865470852012,-0.4484304932735399,0.016666666666666666,roc_reversal,0.0223,-0.44642857142856984
3065,GMT-USD,roc_momentum,buy,2026-01-10 18:07:00+00:00,0.0222,0.25,2026-01-10 18:08:00+00:00,0.0222,0.25,1126.126126126126,0.0,-0.5,0.0,0.016666666666666666,roc_reversal,0.0222,-0.4484304932735439
3066,GMT-USD,roc_momentum,buy,2026-01-10 18:08:00+00:00,0.0222,0.25,2026-01-10 18:14:00+00:00,0.0224,0.25225225225225223,1126.126126126126,0.22522522522522384,-0.27702702702702836,0.9009009009008954,0.1,roc_peak_drop,0.0225,1.3513513513513375
3067,GMT-USD,roc_momentum,buy,2026-01-10 18:14:00+00:00,0.0224,0.25,2026-01-10 18:15:00+00:00,0.0223,0.24888392857142858,1116.0714285714287,-0.11160714285714218,-0.6104910714285707,-0.44642857142856873,0.016666666666666666,roc_reversal,0.0224,-0.4444444444444473
3068,GMT-USD,roc_momentum,buy,2026-01-10 18:15:00+00:00,0.0223,0.25,2026-01-10 18:16:00+00:00,0.0221,0.2477578475336323,1121.0762331838564,-0.22421524663676995,-0.7219730941704022,-0.8968609865470798,0.016666666666666666,roc_reversal,0.0223,-0.44642857142856984
3069,GMT-USD,roc_momentum,buy,2026-01-10 18:16:00+00:00,0.0221,0.25,2026-01-10 18:17:00+00:00,0.0221,0.25,1131.2217194570135,0.0,-0.5,0.0,0.016666666666666666,roc_reversal,0.0221,-1.3392857142857095
3070,GMT-USD,roc_momentum,buy,2026-01-10 18:17:00+00:00,0.0221,0.25,2026-01-10 18:18:00+00:00,0.0221,0.25,1131.2217194570135,0.0,-0.5,0.0,0.016666666666666666,roc_reversal,0.0221,-1.777777777777767
3071,GMT-USD,roc_momentum,buy,2026-01-10 18:18:00+00:00,0.0221,0.25,2026-01-10 18:19:00+00:00,0.0222,0.251131221719457,1131.2217194570135,0.11312217194570066,-0.38800904977375633,0.45248868778280266,0.016666666666666666,roc_reversal,0.0222,-0.8928571428571397
3072,GMT-USD,roc_momentum,buy,2026-01-10 18:19:00+00:00,0.0222,0.25,2026-01-10 18:20:00+00:00,0.0222,0.25,1126.126126126126,0.0,-0.5,0.0,0.016666666666666666,roc_reversal,0.0222,-0.4484304932735439
3073,GMT-USD,roc_momentum,buy,2026-01-10 18:20:00+00:00,0.0222,0.25,2026-01-10 18:24:00+00:00,0.022,0.24774774774774772,1126.126126126126,-0.22522522522522775,-0.7229729729729755,-0.900900900900911,0.06666666666666667,roc_reversal,0.0222,
3074,GMT-USD,roc_momentum,buy,2026-01-10 18:24:00+00:00,0.022,0.25,2026-01-10 18:25:00+00:00,0.022,0.25,1136.3636363636365,0.0,-0.5,0.0,0.016666666666666666,roc_reversal,0.022,-0.9009009009009139
3075,GMT-USD,roc_momentum,buy,2026-01-10 18:25:00+00:00,0.022,0.25,2026-01-10 18:28:00+00:00,0.022,0.25,1136.3636363636365,0.0,-0.5,0.0,0.05,roc_reversal,0.0221,
3076,GMT-USD,roc_momentum,buy,2026-01-10 18:28:00+00:00,0.022,0.25,2026-01-10 18:30:00+00:00,0.0219,0.24886363636363637,1136.3636363636365,-0.11363636363636295,-0.6124999999999994,-0.4545454545454518,0.03333333333333333,roc_reversal,0.022,
3077,GMT-USD,roc_momentum,buy,2026-01-10 18:31:00+00:00,0.022,0.25,2026-01-10 18:33:00+00:00,0.0219,0.24886363636363637,1136.3636363636365,-0.11363636363636295,-0.6124999999999994,-0.4545454545454518,0.03333333333333333,roc_reversal,0.0221,
3078,GMT-USD,roc_momentum,buy,2026-01-11 00:35:00+00:00,0.0228,0.25,2026-01-11 00:36:00+00:00,0.0227,0.24890350877192982,1096.4912280701753,-0.10964912280701687,-0.6085526315789467,-0.4385964912280675,0.016666666666666666,roc_peak_drop,0.0228,2.7027027027026973
3079,GMT-USD,roc_momentum,buy,2026-01-11 00:39:00+00:00,0.0229,0.25,2026-01-11 00:40:00+00:00,0.0229,0.25,1091.703056768559,0.0,-0.5,0.0,0.016666666666666666,roc_peak_drop,0.0229,1.3274336283185972
3080,GMT-USD,roc_momentum,buy,2026-01-11 00:40:00+00:00,0.0229,0.25,2026-01-11 00:43:00+00:00,0.0228,0.24890829694323144,1091.703056768559,-0.10917030567685523,-0.6080786026200867,-0.43668122270742094,0.05,roc_peak_drop,0.0229,0.8849557522123908
3081,GMT-USD,roc_momentum,buy,2026-01-11 00:43:00+00:00,0.0228,0.25,2026-01-11 00:44:00+00:00,0.0227,0.24890350877192982,1096.4912280701753,-0.10964912280701687,-0.6085526315789467,-0.4385964912280675,0.016666666666666666,roc_peak_drop,0.0228,0.4405286343612369
3082,GMT-USD,roc_momentum,buy,2026-01-11 00:44:00+00:00,0.0227,0.25,2026-01-11 00:45:00+00:00,0.0226,0.24889867841409688,1101.3215859030836,-0.11013215859031152,-0.6090308370044084,-0.44052863436124606,0.016666666666666666,roc_reversal,0.0227,-0.8733624454148381
3083,GMT-USD,roc_momentum,buy,2026-01-11 00:45:00+00:00,0.0226,0.25,2026-01-11 00:46:00+00:00,0.0222,0.24557522123893807,1106.1946902654868,-0.44247787610619205,-0.9380530973451301,-1.7699115044247682,0.016666666666666666,roc_reversal,0.0226,-1.3100436681222738
3084,AKT-USD,roc_momentum,buy,2026-01-11 02:32:00+00:00,0.502,0.25,2026-01-11 02:37:00+00:00,0.508,0.25298804780876494,49.800796812749006,0.2988047808764943,-0.20418326693227065,1.1952191235059773,0.08333333333333333,roc_peak_drop,0.51,1.7964071856287456
3085,AKT-USD,roc_momentum,buy,2026-01-11 02:37:00+00:00,0.508,0.25,2026-01-11 02:38:00+00:00,0.508,0.25,49.21259842519685,0.0,-0.5,0.0,0.016666666666666666,roc_peak_drop,0.508,1.195219123505975
3086,AKT-USD,roc_momentum,buy,2026-01-11 02:38:00+00:00,0.508,0.25,2026-01-11 02:39:00+00:00,0.508,0.25,49.21259842519685,0.0,-0.5,0.0,0.016666666666666666,roc_peak_drop,0.508,0.5940594059405946
3087,AKT-USD,roc_momentum,buy,2026-01-11 02:39:00+00:00,0.508,0.25,2026-01-11 02:40:00+00:00,0.508,0.25,49.21259842519685,0.0,-0.5,0.0,0.016666666666666666,roc_reversal,0.508,-0.19646365422396617
3088,AKT-USD,roc_momentum,buy,2026-01-11 02:40:00+00:00,0.508,0.25,2026-01-11 02:41:00+00:00,0.505,0.2485236220472441,49.21259842519685,-0.14763779527559068,-0.6461614173228347,-0.5905511811023627,0.016666666666666666,roc_reversal,0.508,-0.19646365422396617
3089,AKT-USD,roc_momentum,buy,2026-01-11 02:41:00+00:00,0.505,0.25,2026-01-11 02:42:00+00:00,0.506,0.2504950495049505,49.504950495049506,0.04950495049504955,-0.45099009900990095,0.1980198019801982,0.016666666666666666,roc_reversal,0.506,-0.3937007874015741
3090,AKT-USD,roc_momentum,buy,2026-01-11 02:42:00+00:00,0.506,0.25,2026-01-11 02:43:00+00:00,0.506,0.25,49.40711462450593,0.0,-0.5,0.0,0.016666666666666666,roc_reversal,0.506,-0.3937007874015741
3091,AKT-USD,roc_momentum,buy,2026-01-11 02:43:00+00:00,0.506,0.25,2026-01-11 02:47:00+00:00,0.508,0.2509881422924901,49.40711462450593,0.09881422924901194,-0.40217391304347816,0.39525691699604776,0.06666666666666667,roc_peak_drop,0.508,0.5940594059405946
3092,AKT-USD,roc_momentum,buy,2026-01-11 02:47:00+00:00,0.508,0.25,2026-01-11 02:49:00+00:00,0.506,0.24901574803149606,49.21259842519685,-0.09842519685039379,-0.5974409448818898,-0.39370078740157516,0.03333333333333333,roc_peak_drop,0.508,0.39525691699604515
3093,AKT-USD,roc_momentum,buy,2026-01-11 02:49:00+00:00,0.506,0.25,2026-01-11 02:50:00+00:00,0.506,0.25,49.40711462450593,0.0,-0.5,0.0,0.016666666666666666,roc_reversal,0.506,-0.3937007874015741
3094,AKT-USD,roc_momentum,buy,2026-01-11 02:50:00+00:00,0.506,0.25,2026-01-11 02:51:00+00:00,0.507,0.25049407114624506,49.40711462450593,0.04940711462450597,-0.4510869565217391,0.19762845849802388,0.016666666666666666,roc_reversal,0.507,-0.19685039370078705
3095,AKT-USD,roc_momentum,buy,2026-01-11 02:51:00+00:00,0.507,0.25,2026-01-11 02:55:00+00:00,0.507,0.25,49.30966469428008,0.0,-0.5,0.0,0.06666666666666667,roc_peak_drop,0.509,0.39525691699604515
3096,AKT-USD,roc_momentum,buy,2026-01-11 02:55:00+00:00,0.507,0.25,2026-01-11 02:56:00+00:00,0.505,0.2490138067061144,49.30966469428008,-0.09861932938856025,-0.5976331360946746,-0.394477317554241,0.016666666666666666,roc_peak_drop,0.507,0.19762845849802257
3097,AKT-USD,roc_momentum,buy,2026-01-11 02:56:00+00:00,0.505,0.25,2026-01-11 03:02:00+00:00,0.508,0.2514851485148515,49.504950495049506,0.14851485148514865,-0.35297029702970284,0.5940594059405946,0.1,roc_peak_drop,0.509,0.7920792079207928
3098,AKT-USD,roc_momentum,buy,2026-01-11 03:02:00+00:00,0.508,0.25,2026-01-11 03:03:00+00:00,0.508,0.25,49.21259842519685,0.0,-0.5,0.0,0.016666666666666666,roc_reversal,0.508,
3099,AKT-USD,roc_momentum,buy,2026-01-11 03:03:00+00:00,0.508,0.25,2026-01-11 03:05:00+00:00,0.507,0.24950787401574803,49.21259842519685,-0.049212598425196895,-0.5487204724409449,-0.19685039370078758,0.03333333333333333,roc_reversal,0.508,
3100,AKT-USD,roc_momentum,buy,2026-01-11 03:05:00+00:00,0.507,0.25,2026-01-11 03:06:00+00:00,0.506,0.2495069033530572,49.30966469428008,-0.04930966469428012,-0.5488165680473374,-0.1972386587771205,0.016666666666666666,roc_reversal,0.507,-0.19685039370078705
3101,AKT-USD,roc_momentum,buy,2026-01-11 03:06:00+00:00,0.506,0.25,2026-01-11 03:07:00+00:00,0.505,0.24950592885375494,49.40711462450593,-0.04940711462450597,-0.5489130434782609,-0.19762845849802388,0.016666666666666666,roc_reversal,0.506,-0.5893909626719096
3102,AKT-USD,roc_momentum,buy,2026-01-11 03:07:00+00:00,0.505,0.25,2026-01-11 03:08:00+00:00,0.505,0.25,49.504950495049506,0.0,-0.5,0.0,0.016666666666666666,roc_reversal,0.505,-0.5905511811023612
3103,AKT-USD,roc_momentum,buy,2026-01-11 03:08:00+00:00,0.505,0.25,2026-01-11 03:09:00+00:00,0.506,0.2504950495049505,49.504950495049506,0.04950495049504955,-0.45099009900990095,0.1980198019801982,0.016666666666666666,roc_reversal,0.506,-0.3937007874015741
3104,AKT-USD,roc_momentum,buy,2026-01-11 03:09:00+00:00,0.506,0.25,2026-01-11 03:10:00+00:00,0.506,0.25,49.40711462450593,0.0,-0.5,0.0,0.016666666666666666,roc_reversal,0.506,-0.19723865877712132
3105,AKT-USD,roc_momentum,buy,2026-01-11 03:10:00+00:00,0.506,0.25,2026-01-11 03:16:00+00:00,0.508,0.2509881422924901,49.40711462450593,0.09881422924901194,-0.40217391304347816,0.39525691699604776,0.1,roc_peak_drop,0.508,0.39525691699604515
3106,AKT-USD,roc_momentum,buy,2026-01-11 03:16:00+00:00,0.508,0.25,2026-01-11 03:18:00+00:00,0.507,0.24950787401574803,49.21259842519685,-0.049212598425196895,-0.5487204724409449,-0.19685039370078758,0.03333333333333333,roc_peak_drop,0.508,0.39525691699604515
3107,AKT-USD,roc_momentum,buy,2026-01-11 03:18:00+00:00,0.507,0.25,2026-01-11 03:20:00+00:00,0.508,0.2504930966469428,49.30966469428008,0.04930966469428012,-0.4511834319526627,0.1972386587771205,0.03333333333333333,roc_peak_drop,0.51,0.591715976331364
3108,AKT-USD,roc_momentum,buy,2026-01-11 03:20:00+00:00,0.508,0.25,2026-01-11 03:24:00+00:00,0.508,0.25,49.21259842519685,0.0,-0.5,0.0,0.06666666666666667,roc_peak_drop,0.508,0.19723865877712132
3109,AKT-USD,roc_momentum,buy,2026-01-11 03:24:00+00:00,0.508,0.25,2026-01-11 03:30:00+00:00,0.51,0.25098425196850394,49.21259842519685,0.09842519685039379,-0.40255905511811013,0.39370078740157516,0.1,roc_peak_drop,0.511,0.5905511811023612
3110,AKT-USD,roc_momentum,buy,2026-01-11 03:30:00+00:00,0.51,0.25,2026-01-11 03:34:00+00:00,0.512,0.25098039215686274,49.01960784313725,0.09803921568627459,-0.40294117647058814,0.39215686274509837,0.06666666666666667,roc_peak_drop,0.513,0.5893909626718985
3111,AKT-USD,roc_momentum,buy,2026-01-11 03:34:00+00:00,0.512,0.25,2026-01-11 03:37:00+00:00,0.513,0.25048828125,48.828125,0.04882812500000004,-0.45166015624999994,0.19531250000000017,0.05,roc_peak_drop,0.513,0.588235294117645
3112,AKT-USD,roc_momentum,buy,2026-01-11 03:37:00+00:00,0.513,0.25,2026-01-11 03:40:00+00:00,0.512,0.24951267056530213,48.732943469785575,-0.048732943469785614,-0.5482456140350878,-0.19493177387914246,0.05,roc_peak_drop,0.514,0.1953125
3113,AKT-USD,roc_momentum,buy,2026-01-11 03:40:00+00:00,0.512,0.25,2026-01-11 03:42:00+00:00,0.512,0.25,48.828125,0.0,-0.5,0.0,0.03333333333333333,roc_reversal,0.513,
3114,AKT-USD,roc_momentum,buy,2026-01-11 03:42:00+00:00,0.512,0.25,2026-01-11 03:43:00+00:00,0.51,0.2490234375,48.828125,-0.09765625000000008,-0.5966796875000001,-0.39062500000000033,0.016666666666666666,roc_reversal,0.512,-0.19493177387914784
3115,AKT-USD,roc_momentum,buy,2026-01-11 03:43:00+00:00,0.51,0.25,2026-01-11 03:44:00+00:00,0.511,0.25049019607843137,49.01960784313725,0.049019607843137296,-0.45147058823529407,0.19607843137254918,0.016666666666666666,roc_reversal,0.511,-0.3898635477582846
3116,AKT-USD,roc_momentum,buy,2026-01-11 03:44:00+00:00,0.511,0.25,2026-01-11 03:45:00+00:00,0.511,0.25,48.923679060665364,0.0,-0.5,0.0,0.016666666666666666,roc_reversal,0.511,-0.1953125
3117,AKT-USD,roc_momentum,buy,2026-01-11 03:45:00+00:00,0.511,0.25,2026-01-11 03:46:00+00:00,0.511,0.25,48.923679060665364,0.0,-0.5,0.0,0.016666666666666666,roc_reversal,0.511,-0.1953125
3118,AKT-USD,roc_momentum,buy,2026-01-11 03:46:00+00:00,0.511,0.25,2026-01-11 03:47:00+00:00,0.511,0.25,48.923679060665364,0.0,-0.5,0.0,0.016666666666666666,roc_reversal,0.511,-0.1953125
3119,AKT-USD,roc_momentum,buy,2026-01-11 03:47:00+00:00,0.511,0.25,2026-01-11 03:49:00+00:00,0.51,0.24951076320939333,48.923679060665364,-0.04892367906066541,-0.5484344422700588,-0.19569471624266163,0.03333333333333333,roc_reversal,0.511,
3120,AKT-USD,roc_momentum,buy,2026-01-11 03:49:00+00:00,0.51,0.25,2026-01-11 03:50:00+00:00,0.51,0.25,49.01960784313725,0.0,-0.5,0.0,0.016666666666666666,roc_reversal,0.51,-0.195694716242667
3121,AKT-USD,roc_momentum,buy,2026-01-11 03:50:00+00:00,0.51,0.25,2026-01-11 03:52:00+00:00,0.508,0.24901960784313726,49.01960784313725,-0.09803921568627459,-0.5970588235294119,-0.39215686274509837,0.03333333333333333,roc_reversal,0.511,
3122,AKT-USD,roc_momentum,buy,2026-01-11 03:52:00+00:00,0.508,0.25,2026-01-11 03:53:00+00:00,0.508,0.25,49.21259842519685,0.0,-0.5,0.0,0.016666666666666666,roc_reversal,0.508,-0.39215686274509665
3123,AKT-USD,roc_momentum,buy,2026-01-11 03:53:00+00:00,0.508,0.25,2026-01-11 03:54:00+00:00,0.504,0.24803149606299213,49.21259842519685,-0.19685039370078758,-0.6948818897637797,-0.7874015748031503,0.016666666666666666,roc_reversal,0.508,-0.39215686274509665
3124,AKT-USD,roc_momentum,buy,2026-01-11 03:54:00+00:00,0.504,0.25,2026-01-11 03:55:00+00:00,0.504,0.25,49.6031746031746,0.0,-0.5,0.0,0.016666666666666666,roc_reversal,0.504,-1.17647058823529
3125,AKT-USD,roc_momentum,buy,2026-01-11 03:55:00+00:00,0.504,0.25,2026-01-11 03:56:00+00:00,0.507,0.25148809523809523,49.6031746031746,0.14880952380952395,-0.3526785714285713,0.5952380952380958,0.016666666666666666,roc_reversal,0.507,-0.7827788649706457
3126,AKT-USD,roc_momentum,buy,2026-01-11 03:56:00+00:00,0.507,0.25,2026-01-11 03:57:00+00:00,0.506,0.2495069033530572,49.30966469428008,-0.04930966469428012,-0.5488165680473374,-0.1972386587771205,0.016666666666666666,roc_reversal,0.507,-0.3937007874015741
3127,AKT-USD,roc_momentum,buy,2026-01-11 03:57:00+00:00,0.506,0.25,2026-01-11 03:58:00+00:00,0.506,0.25,49.40711462450593,0.0,-0.5,0.0,0.016666666666666666,roc_reversal,0.506,-0.3937007874015741
3128,AKT-USD,roc_momentum,buy,2026-01-11 03:58:00+00:00,0.506,0.25,2026-01-11 04:00:00+00:00,0.505,0.24950592885375494,49.40711462450593,-0.04940711462450597,-0.5489130434782609,-0.19762845849802388,0.03333333333333333,roc_peak_drop,0.508,0.7936507936507908
3129,AKT-USD,roc_momentum,buy,2026-01-11 04:00:00+00:00,0.505,0.25,2026-01-11 04:01:00+00:00,0.504,0.2495049504950495,49.504950495049506,-0.04950495049504955,-0.549009900990099,-0.1980198019801982,0.016666666666666666,roc_peak_drop,0.505,0.1984126984126977
3130,AKT-USD,roc_momentum,buy,2026-01-11 04:01:00+00:00,0.504,0.25,2026-01-11 04:02:00+00:00,0.504,0.25,49.6031746031746,0.0,-0.5,0.0,0.016666666666666666,roc_reversal,0.504,-0.39525691699604515
3131,AKT-USD,roc_momentum,buy,2026-01-11 04:02:00+00:00,0.504,0.25,2026-01-11 04:03:00+00:00,0.505,0.25049603174603174,49.6031746031746,0.04960317460317465,-0.4508928571428571,0.1984126984126986,0.016666666666666666,roc_reversal,0.505,-0.19762845849802257
3132,AKT-USD,roc_momentum,buy,2026-01-11 04:03:00+00:00,0.505,0.25,2026-01-11 04:04:00+00:00,0.503,0.249009900990099,49.504950495049506,-0.0990099009900991,-0.5980198019801981,-0.3960396039603964,0.016666666666666666,roc_reversal,0.505,-0.19762845849802257
3133,AKT-USD,roc_momentum,buy,2026-01-11 04:04:00+00:00,0.503,0.25,2026-01-11 04:05:00+00:00,0.503,0.25,49.70178926441352,0.0,-0.5,0.0,0.016666666666666666,roc_reversal,0.503,-0.3960396039603964
3134,AKT-USD,roc_momentum,buy,2026-01-11 04:05:00+00:00,0.503,0.25,2026-01-11 04:06:00+00:00,0.503,0.25,49.70178926441352,0.0,-0.5,0.0,0.016666666666666666,roc_reversal,0.503,-0.1984126984126977
3135,AKT-USD,roc_momentum,buy,2026-01-11 04:06:00+00:00,0.503,0.25,2026-01-11 04:07:00+00:00,0.501,0.24900596421471172,49.70178926441352,-0.09940357852882713,-0.5984095427435389,-0.3976143141153085,0.016666666666666666,roc_reversal,0.503,-0.1984126984126977
3136,AKT-USD,roc_momentum,buy,2026-01-11 04:07:00+00:00,0.501,0.25,2026-01-11 04:08:00+00:00,0.501,0.25,49.9001996007984,0.0,-0.5,0.0,0.016666666666666666,roc_reversal,0.501,-0.5952380952380931
3137,AKT-USD,roc_momentum,buy,2026-01-11 04:08:00+00:00,0.501,0.25,2026-01-11 04:09:00+00:00,0.501,0.25,49.9001996007984,0.0,-0.5,0.0,0.016666666666666666,roc_reversal,0.501,-0.3976143141153132
3138,AKT-USD,roc_momentum,buy,2026-01-11 04:09:00+00:00,0.501,0.25,2026-01-11 04:10:00+00:00,0.501,0.25,49.9001996007984,0.0,-0.5,0.0,0.016666666666666666,roc_reversal,0.501,-0.3976143141153132
3139,AKT-USD,roc_momentum,buy,2026-01-11 04:10:00+00:00,0.501,0.25,2026-01-11 04:11:00+00:00,0.501,0.25,49.9001996007984,0.0,-0.5,0.0,0.016666666666666666,roc_reversal,0.501,-0.3976143141153132
3140,AKT-USD,roc_momentum,buy,2026-01-11 04:11:00+00:00,0.501,0.25,2026-01-11 05:01:00+00:00,0.505,0.25199600798403193,49.9001996007984,0.19960079840319378,-0.30239520958083815,0.7984031936127751,0.8333333333333334,roc_peak_drop,0.507,1.1976047904191711
3141,ACH-USD,roc_momentum,buy,2026-01-11 05:02:00+00:00,0.010332,0.25,2026-01-11 05:05:00+00:00,0.010304,0.24932249322493227,2419.6670538133953,-0.06775067750677147,-0.5670731707317037,-0.27100271002708587,0.05,roc_peak_drop,0.010342,0.6814641744548267
3142,ACH-USD,roc_momentum,buy,2026-01-11 05:05:00+00:00,0.010304,0.25,2026-01-11 05:07:00+00:00,0.010305,0.25002426242236025,2426.2422360248447,0.002426242236023062,-0.49759802018633714,0.009704968944092248,0.03333333333333333,roc_peak_drop,0.010305,0.07769253180538449
3143,ACH-USD,roc_momentum,buy,2026-01-11 05:08:00+00:00,0.010338,0.25,2026-01-11 05:09:00+00:00,0.010326,0.2497098084735926,2418.2627200619077,-0.02901915264074255,-0.5287289611143351,-0.1160766105629702,0.016666666666666666,roc_reversal,0.010338,-0.03867723844518389
3144,ACH-USD,roc_momentum,buy,2026-01-11 05:09:00+00:00,0.010326,0.25,2026-01-11 05:11:00+00:00,0.010305,0.24949157466589192,2421.07301956227,-0.05084253341080812,-0.5503341080767,-0.20337013364323248,0.03333333333333333,roc_peak_drop,0.010326,0.19409937888197337
3145,AKT-USD,roc_momentum,buy,2026-01-11 06:08:00+00:00,0.525,0.25,2026-01-11 06:09:00+00:00,0.524,0.24952380952380954,47.61904761904762,-0.04761904761904766,-0.5471428571428572,-0.19047619047619063,0.016666666666666666,roc_reversal,0.525,-0.1901140684410607
3146,AKT-USD,roc_momentum,buy,2026-01-11 06:12:00+00:00,0.524,0.25,2026-01-11 06:15:00+00:00,0.526,0.25095419847328243,47.70992366412214,0.09541984732824435,-0.4055343511450381,0.3816793893129774,0.05,roc_peak_drop,0.527,0.5725190839694694
3147,AKT-USD,roc_momentum,buy,2026-01-11 06:15:00+00:00,0.526,0.25,2026-01-11 06:17:00+00:00,0.525,0.24952471482889735,47.52851711026616,-0.0475285171102662,-0.5470532319391636,-0.1901140684410648,0.03333333333333333,roc_peak_drop,0.528,0.7633587786259444
3148,AKT-USD,roc_momentum,buy,2026-01-11 06:17:00+00:00,0.525,0.25,2026-01-11 06:18:00+00:00,0.524,0.24952380952380954,47.61904761904762,-0.04761904761904766,-0.5471428571428572,-0.19047619047619063,0.016666666666666666,roc_peak_drop,0.525,0.1908396946564972
3149,AKT-USD,roc_momentum,buy,2026-01-11 06:20:00+00:00,0.523,0.25,2026-01-11 06:21:00+00:00,0.524,0.25047801147227533,47.801147227533455,0.0478011472275335,-0.45267686424474185,0.191204588910134,0.016666666666666666,roc_reversal,0.524,-0.5703422053231932
3150,AKT-USD,roc_momentum,buy,2026-01-11 06:22:00+00:00,0.527,0.25,2026-01-11 06:25:00+00:00,0.528,0.2504743833017078,47.43833017077799,0.04743833017077803,-0.45303605313092976,0.18975332068311213,0.05,roc_peak_drop,0.529,1.5355086372360827
3151,AKT-USD,roc_momentum,buy,2026-01-11 06:25:00+00:00,0.528,0.25,2026-01-11 06:26:00+00:00,0.527,0.24952651515151514,47.348484848484844,-0.04734848484848489,-0.546875,-0.18939393939393956,0.016666666666666666,roc_peak_drop,0.528,0.9560229445506607
3152,AKT-USD,roc_momentum,buy,2026-01-11 06:26:00+00:00,0.527,0.25,2026-01-11 06:27:00+00:00,0.526,0.2495256166982922,47.43833017077799,-0.04743833017077803,-0.5469639468690702,-0.18975332068311213,0.016666666666666666,roc_peak_drop,0.527,0.5725190839694694
3153,AKT-USD,roc_momentum,buy,2026-01-11 06:57:00+00:00,0.529,0.25,2026-01-11 06:58:00+00:00,0.522,0.24669187145557656,47.25897920604915,-0.3308128544423443,-0.8275047258979209,-1.3232514177693773,0.016666666666666666,roc_peak_drop,0.529,1.9267822736030782
3154,AKT-USD,roc_momentum,buy,2026-01-11 07:04:00+00:00,0.528,0.25,2026-01-11 07:05:00+00:00,0.527,0.24952651515151514,47.348484848484844,-0.04734848484848489,-0.546875,-0.18939393939393956,0.016666666666666666,roc_peak_drop,0.528,0.9560229445506607
3155,AKT-USD,roc_momentum,buy,2026-01-11 07:08:00+00:00,0.529,0.25,2026-01-11 07:10:00+00:00,0.527,0.249054820415879,47.25897920604915,-0.09451795841209838,-0.5935727788279774,-0.37807183364839353,0.03333333333333333,roc_peak_drop,0.529,0.18939393939394478
3156,AKT-USD,roc_momentum,buy,2026-01-11 07:14:00+00:00,0.527,0.25,2026-01-11 07:15:00+00:00,0.526,0.2495256166982922,47.43833017077799,-0.04743833017077803,-0.5469639468690702,-0.18975332068311213,0.016666666666666666,roc_reversal,0.527,-0.189753320683117
3157,AKT-USD,roc_momentum,buy,2026-01-11 07:15:00+00:00,0.526,0.25,2026-01-11 07:17:00+00:00,0.526,0.25,47.52851711026616,0.0,-0.5,0.0,0.03333333333333333,roc_peak_drop,0.527,0.19011406844107182
3158,AKT-USD,roc_momentum,buy,2026-01-11 07:18:00+00:00,0.527,0.25,2026-01-11 07:19:00+00:00,0.527,0.25,47.43833017077799,0.0,-0.5,0.0,0.016666666666666666,roc_peak_drop,0.527,0.19011406844107182
3159,AKT-USD,roc_momentum,buy,2026-01-11 07:19:00+00:00,0.527,0.25,2026-01-11 07:25:00+00:00,0.531,0.2518975332068311,47.43833017077799,0.18975332068311213,-0.312144212523719,0.7590132827324485,0.1,roc_peak_drop,0.533,1.1406844106463865
3160,AKT-USD,roc_momentum,buy,2026-01-11 07:29:00+00:00,0.531,0.25,2026-01-11 07:32:00+00:00,0.533,0.2509416195856874,47.080979284369114,0.09416195856873831,-0.40677966101694907,0.37664783427495324,0.05,roc_peak_drop,0.533,0.37664783427495685
3161,AKT-USD,roc_momentum,buy,2026-01-11 07:37:00+00:00,0.533,0.25,2026-01-11 07:45:00+00:00,0.536,0.25140712945590993,46.90431519699812,0.14071294559099448,-0.3606941838649155,0.5628517823639779,0.13333333333333333,roc_peak_drop,0.537,0.7518796992481258
3162,AKT-USD,roc_momentum,buy,2026-01-11 07:45:00+00:00,0.536,0.25,2026-01-11 07:46:00+00:00,0.537,0.25046641791044777,46.64179104477612,0.04664179104477616,-0.4538246268656716,0.18656716417910463,0.016666666666666666,roc_peak_drop,0.537,0.3745318352059934
3163,AKT-USD,roc_momentum,buy,2026-01-11 07:46:00+00:00,0.537,0.25,2026-01-11 07:47:00+00:00,0.536,0.24953445065176907,46.554934823091244,-0.04655493482309129,-0.5460893854748604,-0.18621973929236516,0.016666666666666666,roc_peak_drop,0.537,0.1865671641791078
3164,AKT-USD,roc_momentum,buy,2026-01-11 07:47:00+00:00,0.536,0.25,2026-01-11 07:51:00+00:00,0.536,0.25,46.64179104477612,0.0,-0.5,0.0,0.06666666666666667,roc_peak_drop,0.538,0.1865671641791078
3165,AKT-USD,roc_momentum,buy,2026-01-11 07:51:00+00:00,0.536,0.25,2026-01-11 07:52:00+00:00,0.535,0.24953358208955223,46.64179104477612,-0.04664179104477616,-0.5461753731343284,-0.18656716417910463,0.016666666666666666,roc_reversal,0.536,-0.18621973929237035
3166,AKT-USD,roc_momentum,buy,2026-01-11 07:52:00+00:00,0.535,0.25,2026-01-11 07:53:00+00:00,0.533,0.24906542056074765,46.72897196261682,-0.09345794392523372,-0.5925233644859814,-0.3738317757009349,0.016666666666666666,roc_reversal,0.535,-0.1865671641791078
3167,AKT-USD,roc_momentum,buy,2026-01-11 07:53:00+00:00,0.533,0.25,2026-01-11 07:54:00+00:00,0.535,0.25093808630394,46.90431519699812,0.09380863039399633,-0.40712945590994365,0.3752345215759853,0.016666666666666666,roc_reversal,0.535,-0.5576208178438624
3168,AKT-USD,roc_momentum,buy,2026-01-11 07:54:00+00:00,0.535,0.25,2026-01-11 07:55:00+00:00,0.535,0.25,46.72897196261682,0.0,-0.5,0.0,0.016666666666666666,roc_reversal,0.535,-0.3724394785847296
3169,AKT-USD,roc_momentum,buy,2026-01-11 07:55:00+00:00,0.535,0.25,2026-01-11 07:56:00+00:00,0.535,0.25,46.72897196261682,0.0,-0.5,0.0,0.016666666666666666,roc_reversal,0.535,-0.1865671641791078
3170,AKT-USD,roc_momentum,buy,2026-01-11 07:56:00+00:00,0.535,0.25,2026-01-11 07:59:00+00:00,0.534,0.24953271028037383,46.72897196261682,-0.04672897196261686,-0.5462616822429907,-0.18691588785046745,0.05,roc_peak_drop,0.536,0.5628517823639712
3171,AKT-USD,roc_momentum,buy,2026-01-11 07:59:00+00:00,0.534,0.25,2026-01-11 08:00:00+00:00,0.526,0.24625468164794007,46.81647940074906,-0.3745318352059928,-0.8707865168539329,-1.4981273408239713,0.016666666666666666,roc_reversal,0.534,-0.18691588785046953
3172,ACH-USD,roc_momentum,buy,2026-01-11 11:05:00+00:00,0.010752,0.25,2026-01-11 11:07:00+00:00,0.010663,0.24793061755952384,2325.1488095238096,-0.20693824404761627,-0.7048688616071401,-0.8277529761904651,0.03333333333333333,roc_peak_drop,0.010752,3.0378533780546224
3173,ACH-USD,roc_momentum,buy,2026-01-11 11:07:00+00:00,0.010663,0.25,2026-01-11 11:08:00+00:00,0.010628,0.24917940542061334,2344.5559411047548,-0.08205945793866713,-0.5812388633592804,-0.32823783175466853,0.016666666666666666,roc_peak_drop,0.010663,1.4557564224548125
3174,ACH-USD,roc_momentum,buy,2026-01-11 11:08:00+00:00,0.010628,0.25,2026-01-11 11:09:00+00:00,0.010658,0.250705683101242,2352.2770041400076,0.07056831012420144,-0.4301373729770406,0.28227324049680574,0.016666666666666666,roc_reversal,0.010658,-0.35627226701668846
3175,ACH-USD,roc_momentum,buy,2026-01-11 11:09:00+00:00,0.010658,0.25,2026-01-11 11:10:00+00:00,0.01062,0.2491086507787577,2345.6558453743664,-0.08913492212422962,-0.5882435729029873,-0.35653968849691847,0.016666666666666666,roc_reversal,0.010658,-0.3925233644859638
3176,ACH-USD,roc_momentum,buy,2026-01-11 11:11:00+00:00,0.010631,0.25,2026-01-11 11:12:00+00:00,0.01058,0.24880067726460353,2351.613206659769,-0.11993227353964576,-0.6187329508042493,-0.47972909415858306,0.016666666666666666,roc_reversal,0.010631,-0.7783925724467733
3177,ACH-USD,roc_momentum,buy,2026-01-11 12:22:00+00:00,0.010685,0.25,2026-01-11 12:26:00+00:00,0.010735,0.2511698642957417,2339.728591483388,0.11698642957416869,-0.384183434721573,0.46794571829667475,0.06666666666666667,roc_peak_drop,0.010746,1.315914039572097
3178,ACH-USD,roc_momentum,buy,2026-01-11 12:26:00+00:00,0.010735,0.25,2026-01-11 12:27:00+00:00,0.010673,0.2485561248253377,2328.830926874709,-0.1443875174662309,-0.6429436422915686,-0.5775500698649236,0.016666666666666666,roc_peak_drop,0.010735,0.6374800787475321
3179,ACH-USD,roc_momentum,buy,2026-01-11 12:31:00+00:00,0.010753,0.25,2026-01-11 12:33:00+00:00,0.010684,0.24839579652190089,2324.9325769552684,-0.16042034780991263,-0.6588161443318135,-0.6416813912396505,0.03333333333333333,roc_peak_drop,0.010753,0.3279302913894888
3180,VVV-USD,roc_momentum,buy,2026-01-11 21:38:00+00:00,3.56,0.25,2026-01-11 21:40:00+00:00,3.54,0.24859550561797752,7.022471910112359,-0.1404494382022473,-0.6390449438202248,-0.5617977528089892,0.03333333333333333,roc_reversal,3.57,
3181,VVV-USD,roc_momentum,buy,2026-01-11 21:40:00+00:00,3.54,0.25,2026-01-11 21:41:00+00:00,3.52,0.2485875706214689,7.062146892655367,-0.14124293785310746,-0.6398305084745763,-0.5649717514124298,0.016666666666666666,roc_reversal,3.54,-1.1173184357541888
3182,VVV-USD,roc_momentum,buy,2026-01-11 21:41:00+00:00,3.52,0.25,2026-01-11 21:42:00+00:00,3.5,0.24857954545454544,7.1022727272727275,-0.14204545454545467,-0.6406250000000001,-0.5681818181818187,0.016666666666666666,roc_reversal,3.52,-1.1235955056179803
3183,VVV-USD,roc_momentum,buy,2026-01-11 21:42:00+00:00,3.5,0.25,2026-01-11 21:43:00+00:00,3.5,0.25,7.142857142857143,0.0,-0.5,0.0,0.016666666666666666,roc_reversal,3.5,-1.6853932584269704
3184,VVV-USD,roc_momentum,buy,2026-01-11 21:43:00+00:00,3.5,0.25,2026-01-11 21:44:00+00:00,3.51,0.2507142857142857,7.142857142857143,0.07142857142856991,-0.42928571428571577,0.28571428571427965,0.016666666666666666,roc_reversal,3.51,-1.6806722689075682
3185,VVV-USD,roc_momentum,buy,2026-01-11 21:44:00+00:00,3.51,0.25,2026-01-11 21:45:00+00:00,3.49,0.2485754985754986,7.122507122507123,-0.14245014245013943,-0.6410256410256381,-0.5698005698005577,0.016666666666666666,roc_reversal,3.51,-1.412429378531066
3186,VVV-USD,roc_momentum,buy,2026-01-11 21:45:00+00:00,3.49,0.25,2026-01-11 21:51:00+00:00,3.52,0.2521489971346705,7.163323782234957,0.2148997134670473,-0.2872492836676232,0.8595988538681892,0.1,roc_peak_drop,3.54,1.4326647564469885
3187,VVV-USD,roc_momentum,buy,2026-01-11 21:51:00+00:00,3.52,0.25,2026-01-11 21:52:00+00:00,3.52,0.25,7.1022727272727275,0.0,-0.5,0.0,0.016666666666666666,roc_reversal,3.52,-0.28328611898016387
3188,VVV-USD,roc_momentum,buy,2026-01-11 21:52:00+00:00,3.52,0.25,2026-01-11 21:53:00+00:00,3.52,0.25,7.1022727272727275,0.0,-0.5,0.0,0.016666666666666666,roc_reversal,3.52,-0.5649717514124353
3189,VVV-USD,roc_momentum,buy,2026-01-11 21:53:00+00:00,3.52,0.25,2026-01-11 21:54:00+00:00,3.52,0.25,7.1022727272727275,0.0,-0.5,0.0,0.016666666666666666,roc_reversal,3.52,-0.5649717514124353
3190,VVV-USD,roc_momentum,buy,2026-01-11 21:54:00+00:00,3.52,0.25,2026-01-11 21:55:00+00:00,3.51,0.2492897727272727,7.1022727272727275,-0.07102272727272892,-0.5703125000000017,-0.28409090909091567,0.016666666666666666,roc_reversal,3.52,-0.5649717514124353
3191,VVV-USD,roc_momentum,buy,2026-01-11 21:55:00+00:00,3.51,0.25,2026-01-11 21:56:00+00:00,3.51,0.25,7.122507122507123,0.0,-0.5,0.0,0.016666666666666666,roc_reversal,3.51,-0.28409090909091717
3192,VVV-USD,roc_momentum,buy,2026-01-11 21:56:00+00:00,3.51,0.25,2026-01-11 21:58:00+00:00,3.5,0.2492877492877493,7.122507122507123,-0.07122507122506971,-0.570512820512819,-0.28490028490027886,0.03333333333333333,roc_reversal,3.52,
3193,VVV-USD,roc_momentum,buy,2026-01-11 21:58:00+00:00,3.5,0.25,2026-01-11 22:02:00+00:00,3.54,0.25285714285714284,7.142857142857143,0.285714285714286,-0.2171428571428569,1.142857142857144,0.06666666666666667,roc_peak_drop,3.54,0.8547008547008517
3194,VVV-USD,roc_momentum,buy,2026-01-11 22:02:00+00:00,3.54,0.25,2026-01-11 22:04:00+00:00,3.54,0.25,7.062146892655367,0.0,-0.5,0.0,0.03333333333333333,roc_peak_drop,3.55,1.4285714285714235
3195,VVV-USD,roc_momentum,buy,2026-01-11 22:04:00+00:00,3.54,0.25,2026-01-11 22:05:00+00:00,3.55,0.2507062146892655,7.062146892655367,0.07062146892655216,-0.4300847457627134,0.28248587570620864,0.016666666666666666,roc_peak_drop,3.55,0.5681818181818121
3196,VVV-USD,roc_momentum,buy,2026-01-11 22:05:00+00:00,3.55,0.25,2026-01-11 22:06:00+00:00,3.54,0.24929577464788735,7.042253521126761,-0.07042253521126611,-0.5697183098591534,-0.28169014084506444,0.016666666666666666,roc_peak_drop,3.55,0.28248587570620654
3197,VVV-USD,roc_momentum,buy,2026-01-11 22:06:00+00:00,3.54,0.25,2026-01-11 22:08:00+00:00,3.53,0.24929378531073446,7.062146892655367,-0.0706214689265553,-0.5699152542372897,-0.2824858757062212,0.03333333333333333,roc_peak_drop,3.55,0.28248587570620654
3198,VVV-USD,roc_momentum,buy,2026-01-11 22:08:00+00:00,3.53,0.25,2026-01-11 22:09:00+00:00,3.5,0.24787535410764874,7.0821529745042495,-0.2124645892351261,-0.7103399433427748,-0.8498583569405044,0.016666666666666666,roc_reversal,3.53,-0.5633802816901401
3199,VVV-USD,roc_momentum,buy,2026-01-11 22:09:00+00:00,3.5,0.25,2026-01-11 22:10:00+00:00,3.5,0.25,7.142857142857143,0.0,-0.5,0.0,0.016666666666666666,roc_reversal,3.5,-1.1299435028248594
3200,VVV-USD,roc_momentum,buy,2026-01-11 22:10:00+00:00,3.5,0.25,2026-01-11 22:11:00+00:00,3.52,0.25142857142857145,7.142857142857143,0.142857142857143,-0.35857142857142843,0.571428571428572,0.016666666666666666,roc_reversal,3.52,-0.5649717514124353
3201,VVV-USD,roc_momentum,buy,2026-01-11 22:11:00+00:00,3.52,0.25,2026-01-11 22:12:00+00:00,3.52,0.25,7.1022727272727275,0.0,-0.5,0.0,0.016666666666666666,roc_reversal,3.52,-0.5649717514124353
3202,VVV-USD,roc_momentum,buy,2026-01-11 22:12:00+00:00,3.52,0.25,2026-01-11 22:13:00+00:00,3.52,0.25,7.1022727272727275,0.0,-0.5,0.0,0.016666666666666666,roc_reversal,3.52,-0.28328611898016387
3203,VVV-USD,roc_momentum,buy,2026-01-11 22:13:00+00:00,3.52,0.25,2026-01-11 22:16:00+00:00,3.49,0.2478693181818182,7.1022727272727275,-0.21306818181818044,-0.7109374999999987,-0.8522727272727217,0.05,roc_peak_drop,3.52,0.5714285714285783
3204,VVV-USD,roc_momentum,buy,2026-01-11 22:16:00+00:00,3.49,0.25,2026-01-11 22:17:00+00:00,3.49,0.25,7.163323782234957,0.0,-0.5,0.0,0.016666666666666666,roc_reversal,3.49,-0.8522727272727182
3205,VVV-USD,roc_momentum,buy,2026-01-11 22:17:00+00:00,3.49,0.25,2026-01-11 22:18:00+00:00,3.49,0.25,7.163323782234957,0.0,-0.5,0.0,0.016666666666666666,roc_reversal,3.49,-0.8522727272727182
3206,VVV-USD,roc_momentum,buy,2026-01-11 22:18:00+00:00,3.49,0.25,2026-01-11 22:19:00+00:00,3.48,0.24928366762177648,7.163323782234957,-0.07163323782235122,-0.5709169054441277,-0.28653295128940487,0.016666666666666666,roc_reversal,3.49,-0.8522727272727182
3207,VVV-USD,roc_momentum,buy,2026-01-11 22:19:00+00:00,3.48,0.25,2026-01-11 22:20:00+00:00,3.5,0.2514367816091954,7.183908045977011,0.14367816091954036,-0.357758620689655,0.5747126436781614,0.016666666666666666,roc_reversal,3.5,-0.5681818181818232
3208,VVV-USD,roc_momentum,buy,2026-01-11 22:20:00+00:00,3.5,0.25,2026-01-11 22:25:00+00:00,3.5,0.25,7.142857142857143,0.0,-0.5,0.0,0.08333333333333333,roc_peak_drop,3.51,0.5747126436781658
3209,VVV-USD,roc_momentum,buy,2026-01-11 22:25:00+00:00,3.5,0.25,2026-01-11 22:28:00+00:00,3.49,0.2492857142857143,7.142857142857143,-0.07142857142856991,-0.5707142857142842,-0.28571428571427965,0.05,roc_peak_drop,3.52,0.2849002849002913
3210,VVV-USD,roc_momentum,buy,2026-01-11 22:28:00+00:00,3.49,0.25,2026-01-11 22:31:00+00:00,3.48,0.24928366762177648,7.163323782234957,-0.07163323782235122,-0.5709169054441277,-0.28653295128940487,0.05,roc_peak_drop,3.51,0.28571428571428914
3211,VVV-USD,roc_momentum,buy,2026-01-11 22:31:00+00:00,3.48,0.25,2026-01-11 22:32:00+00:00,3.47,0.24928160919540232,7.183908045977011,-0.07183908045976858,-0.5711206896551709,-0.28735632183907434,0.016666666666666666,roc_reversal,3.48,-0.5714285714285672
3212,VVV-USD,roc_momentum,buy,2026-01-11 22:32:00+00:00,3.47,0.25,2026-01-11 22:33:00+00:00,3.47,0.25,7.204610951008645,0.0,-0.5,0.0,0.016666666666666666,roc_reversal,3.47,-0.5730659025787954
3213,VVV-USD,roc_momentum,buy,2026-01-11 22:33:00+00:00,3.47,0.25,2026-01-11 22:34:00+00:00,3.47,0.25,7.204610951008645,0.0,-0.5,0.0,0.016666666666666666,roc_reversal,3.47,-0.5730659025787954
3214,VVV-USD,roc_momentum,buy,2026-01-11 22:34:00+00:00,3.47,0.25,2026-01-11 22:35:00+00:00,3.46,0.24927953890489912,7.204610951008645,-0.07204610951008812,-0.5713256484149872,-0.2881844380403525,0.016666666666666666,roc_reversal,3.47,-0.8571428571428563
3215,VVV-USD,roc_momentum,buy,2026-01-11 22:35:00+00:00,3.46,0.25,2026-01-11 22:36:00+00:00,3.46,0.25,7.225433526011561,0.0,-0.5,0.0,0.016666666666666666,roc_reversal,3.46,-0.5747126436781658
3216,VVV-USD,roc_momentum,buy,2026-01-11 22:36:00+00:00,3.46,0.25,2026-01-11 22:37:00+00:00,3.45,0.24927745664739887,7.225433526011561,-0.07225433526011407,-0.5715317919075129,-0.2890173410404563,0.016666666666666666,roc_reversal,3.46,-0.5747126436781658
3217,VVV-USD,roc_momentum,buy,2026-01-11 22:37:00+00:00,3.45,0.25,2026-01-11 22:38:00+00:00,3.45,0.25,7.246376811594202,0.0,-0.5,0.0,0.016666666666666666,roc_reversal,3.45,-0.5763688760806907
3218,VVV-USD,roc_momentum,buy,2026-01-11 22:38:00+00:00,3.45,0.25,2026-01-11 22:43:00+00:00,3.46,0.2507246376811594,7.246376811594202,0.07246376811594048,-0.4282608695652189,0.2898550724637619,0.08333333333333333,roc_peak_drop,3.49,1.1594202898550732
3219,VVV-USD,roc_momentum,buy,2026-01-11 22:43:00+00:00,3.46,0.25,2026-01-11 22:45:00+00:00,3.45,0.24927745664739887,7.225433526011561,-0.07225433526011407,-0.5715317919075129,-0.2890173410404563,0.03333333333333333,roc_peak_drop,3.48,0.28985507246375164
3220,VVV-USD,roc_momentum,buy,2026-01-11 22:45:00+00:00,3.45,0.25,2026-01-11 22:46:00+00:00,3.48,0.25217391304347825,7.246376811594202,0.21739130434782467,-0.2847826086956536,0.8695652173912987,0.016666666666666666,roc_reversal,3.48,-0.2865329512894088
3221,VVV-USD,roc_momentum,buy,2026-01-11 22:46:00+00:00,3.48,0.25,2026-01-11 22:52:00+00:00,3.52,0.25287356321839083,7.183908045977011,0.2873563218390807,-0.21551724137931008,1.1494252873563229,0.1,roc_peak_drop,3.54,2.318840579710124
3222,VVV-USD,roc_momentum,buy,2026-01-11 22:52:00+00:00,3.52,0.25,2026-01-11 22:54:00+00:00,3.51,0.2492897727272727,7.1022727272727275,-0.07102272727272892,-0.5703125000000017,-0.28409090909091567,0.03333333333333333,roc_peak_drop,3.52,0.2849002849002913
3223,VVV-USD,roc_momentum,buy,2026-01-11 22:54:00+00:00,3.51,0.25,2026-01-11 22:55:00+00:00,3.51,0.25,7.122507122507123,0.0,-0.5,0.0,0.016666666666666666,roc_reversal,3.51,-0.5665722379603388
3224,VVV-USD,roc_momentum,buy,2026-01-11 22:55:00+00:00,3.51,0.25,2026-01-11 22:56:00+00:00,3.53,0.2514245014245014,7.122507122507123,0.1424501424501426,-0.35897435897435886,0.5698005698005704,0.016666666666666666,roc_reversal,3.53,-0.28248587570621764
3225,VVV-USD,roc_momentum,buy,2026-01-11 22:56:00+00:00,3.53,0.25,2026-01-11 22:57:00+00:00,3.51,0.24858356940509915,7.0821529745042495,-0.14164305949008513,-0.6402266288951842,-0.5665722379603405,0.016666666666666666,roc_reversal,3.53,-0.28248587570621764
3226,VVV-USD,roc_momentum,buy,2026-01-11 22:57:00+00:00,3.51,0.25,2026-01-11 22:58:00+00:00,3.51,0.25,7.122507122507123,0.0,-0.5,0.0,0.016666666666666666,roc_reversal,3.51,-0.28409090909091717
3227,VVV-USD,roc_momentum,buy,2026-01-11 22:58:00+00:00,3.51,0.25,2026-01-11 22:59:00+00:00,3.49,0.2485754985754986,7.122507122507123,-0.14245014245013943,-0.6410256410256381,-0.5698005698005577,0.016666666666666666,roc_reversal,3.51,-0.28409090909091717
3228,VVV-USD,roc_momentum,buy,2026-01-11 22:59:00+00:00,3.49,0.25,2026-01-11 23:00:00+00:00,3.49,0.25,7.163323782234957,0.0,-0.5,0.0,0.016666666666666666,roc_reversal,3.49,-0.5698005698005604
3229,USELESS-USD,roc_momentum,buy,2026-01-12 02:13:00+00:00,0.1089,0.25,2026-01-12 02:17:00+00:00,0.1107,0.2541322314049587,229.5684113865932,0.41322314049587006,-0.09090909090908864,1.6528925619834802,0.06666666666666667,roc_peak_drop,0.1107,2.5023169601482875
3230,USELESS-USD,roc_momentum,buy,2026-01-12 02:17:00+00:00,0.1107,0.25,2026-01-12 02:19:00+00:00,0.1108,0.2502258355916892,225.8355916892502,0.022583559168922535,-0.4776422764227667,0.09033423667569014,0.03333333333333333,roc_peak_drop,0.1108,1.7463235294117752
3231,USELESS-USD,roc_momentum,buy,2026-01-12 02:19:00+00:00,0.1108,0.25,2026-01-12 02:20:00+00:00,0.1098,0.2477436823104693,225.6317689530686,-0.2256317689530688,-0.7233754512635381,-0.9025270758122752,0.016666666666666666,roc_peak_drop,0.1108,0.18083182640142859
3232,USELESS-USD,roc_momentum,buy,2026-01-12 02:20:00+00:00,0.1098,0.25,2026-01-12 02:21:00+00:00,0.1099,0.25022768670309653,227.68670309653916,0.02276867030965457,-0.47745901639344196,0.09107468123861828,0.016666666666666666,roc_reversal,0.1099,-0.5429864253393646
3233,USELESS-USD,roc_momentum,buy,2026-01-12 02:21:00+00:00,0.1099,0.25,2026-01-12 02:22:00+00:00,0.1097,0.24954504094631486,227.47952684258416,-0.04549590536851498,-0.5450409463148298,-0.18198362147405991,0.016666666666666666,roc_reversal,0.1099,-0.5429864253393646
3234,USELESS-USD,roc_momentum,buy,2026-01-12 02:22:00+00:00,0.1097,0.25,2026-01-12 02:23:00+00:00,0.1093,0.24908842297174108,227.89425706472196,-0.09115770282589139,-0.5902461257976325,-0.36463081130356556,0.016666666666666666,roc_reversal,0.1097,-0.9033423667569984
3235,USELESS-USD,roc_momentum,buy,2026-01-12 02:23:00+00:00,0.1093,0.25,2026-01-12 02:24:00+00:00,0.1092,0.24977127172918576,228.72827081427266,-0.022872827081424747,-0.5226440988106105,-0.09149130832569899,0.016666666666666666,roc_reversal,0.1093,-0.9963768115942018
3236,USELESS-USD,roc_momentum,buy,2026-01-12 02:24:00+00:00,0.1092,0.25,2026-01-12 02:25:00+00:00,0.1093,0.25022893772893773,228.93772893772893,0.02289377289377037,-0.47733516483516736,0.09157509157508148,0.016666666666666666,roc_reversal,0.1093,-0.45537340619308253
3237,USELESS-USD,roc_momentum,buy,2026-01-12 02:25:00+00:00,0.1093,0.25,2026-01-12 02:26:00+00:00,0.1093,0.25,228.72827081427266,0.0,-0.5,0.0,0.016666666666666666,roc_reversal,0.1093,-0.45537340619308253
3238,USELESS-USD,roc_momentum,buy,2026-01-12 02:26:00+00:00,0.1093,0.25,2026-01-12 02:27:00+00:00,0.1093,0.25,228.72827081427266,0.0,-0.5,0.0,0.016666666666666666,roc_reversal,0.1093,-0.3646308113035679
3239,USELESS-USD,roc_momentum,buy,2026-01-12 02:27:00+00:00,0.1093,0.25,2026-01-12 02:33:00+00:00,0.1097,0.25091491308325714,228.72827081427266,0.09149130832571169,-0.4094236047575454,0.36596523330284675,0.1,roc_peak_drop,0.1097,0.45787545787545625
3240,XCN-USD,roc_momentum,buy,2026-01-12 02:31:00+00:00,0.00961,0.25,2026-01-12 02:34:00+00:00,0.00955,0.24843912591050987,2601.456815816857,-0.1560874089490141,-0.654526534859524,-0.6243496357960564,0.05,roc_peak_drop,0.00963,0.8394543546694777
3241,USELESS-USD,roc_momentum,buy,2026-01-12 02:33:00+00:00,0.1097,0.25,2026-01-12 02:34:00+00:00,0.1097,0.25,227.89425706472196,0.0,-0.5,0.0,0.016666666666666666,roc_peak_drop,0.1097,0.09124087591241281
3242,FET-USD,roc_momentum,buy,2026-01-12 02:51:00+00:00,0.3076,0.25,2026-01-12 02:54:00+00:00,0.3079,0.2502438231469441,81.2743823146944,0.02438231469441015,-0.47586150845253394,0.0975292587776406,0.05,roc_peak_drop,0.3083,1.2479474548440228
3243,FET-USD,roc_momentum,buy,2026-01-12 02:54:00+00:00,0.3079,0.25,2026-01-12 02:56:00+00:00,0.3065,0.24886326729457614,81.19519324455992,-0.1136732705423849,-0.612536537836961,-0.4546930821695396,0.03333333333333333,roc_peak_drop,0.3079,0.5555555555555536
3244,FET-USD,roc_momentum,buy,2026-01-12 02:56:00+00:00,0.3065,0.25,2026-01-12 02:57:00+00:00,0.3065,0.25,81.56606851549755,0.0,-0.5,0.0,0.016666666666666666,roc_reversal,0.3065,-0.35760728218465765
3245,FET-USD,roc_momentum,buy,2026-01-12 02:57:00+00:00,0.3065,0.25,2026-01-12 02:58:00+00:00,0.3062,0.24975530179445354,81.56606851549755,-0.02446982055464657,-0.5242251223491001,-0.09787928221858629,0.016666666666666666,roc_reversal,0.3065,-0.38999025024373246
3246,FET-USD,roc_momentum,buy,2026-01-12 02:58:00+00:00,0.3062,0.25,2026-01-12 02:59:00+00:00,0.3061,0.24991835401698234,81.64598301763553,-0.008164598301767186,-0.5080829523187496,-0.032658393207068745,0.016666666666666666,roc_reversal,0.3062,-0.5846053913608373
3247,FET-USD,roc_momentum,buy,2026-01-12 02:59:00+00:00,0.3061,0.25,2026-01-12 03:00:00+00:00,0.3047,0.2488565828160732,81.67265599477295,-0.1143417183926786,-0.6131983012087519,-0.4573668735707144,0.016666666666666666,roc_reversal,0.3061,-0.5846053913608373
3248,FET-USD,roc_momentum,buy,2026-01-12 03:00:00+00:00,0.3047,0.25,2026-01-12 03:01:00+00:00,0.3048,0.25008204791598293,82.04791598293403,0.008204791598292498,-0.4918772563176904,0.03281916639316999,0.016666666666666666,roc_reversal,0.3048,-0.5546492659053714
3249,FET-USD,roc_momentum,buy,2026-01-12 03:03:00+00:00,0.3047,0.25,2026-01-12 03:04:00+00:00,0.3054,0.2505743354118805,82.04791598293403,0.05743354118805205,-0.44314079422382846,0.2297341647522082,0.016666666666666666,roc_reversal,0.3054,-0.22868343678535963
3250,FET-USD,roc_momentum,buy,2026-01-12 03:04:00+00:00,0.3054,0.25,2026-01-12 03:06:00+00:00,0.3046,0.24934512115258675,81.85985592665357,-0.06548788474132473,-0.5648330058939115,-0.26195153896529894,0.03333333333333333,roc_peak_drop,0.3054,0.09845749917951618
3251,FET-USD,roc_momentum,buy,2026-01-12 03:06:00+00:00,0.3046,0.25,2026-01-12 03:13:00+00:00,0.3084,0.2531188443860801,82.07485226526593,0.3118844386080126,-0.1912344057780675,1.2475377544320505,0.11666666666666667,roc_peak_drop,0.3084,1.0177281680892936
3252,FET-USD,roc_momentum,buy,2026-01-12 03:13:00+00:00,0.3084,0.25,2026-01-12 03:15:00+00:00,0.3086,0.2501621271076524,81.06355382619974,0.016212710765238163,-0.48394941634241423,0.06485084306095265,0.03333333333333333,roc_peak_drop,0.3087,0.6199021207177857
3253,FET-USD,roc_momentum,buy,2026-01-12 03:15:00+00:00,0.3086,0.25,2026-01-12 03:17:00+00:00,0.3085,0.24991898898250162,81.01101749837979,-0.008101101749837086,-0.5080200907323387,-0.032404406999348344,0.03333333333333333,roc_peak_drop,0.3091,0.45498862528436934
3254,FET-USD,roc_momentum,buy,2026-01-12 03:17:00+00:00,0.3085,0.25,2026-01-12 03:18:00+00:00,0.3085,0.25,81.03727714748784,0.0,-0.5,0.0,0.016666666666666666,roc_peak_drop,0.3085,0.09733939000649006
3255,FET-USD,roc_momentum,buy,2026-01-12 03:18:00+00:00,0.3085,0.25,2026-01-12 03:19:00+00:00,0.3081,0.24967585089141003,81.03727714748784,-0.03241491085899607,-0.5320907617504061,-0.12965964343598427,0.016666666666666666,roc_peak_drop,0.3085,0.03242542153047978
3256,FET-USD,roc_momentum,buy,2026-01-12 03:19:00+00:00,0.3081,0.25,2026-01-12 03:20:00+00:00,0.3082,0.2500811424862058,81.14248620577735,0.008114248620576841,-0.4919668938656289,0.032456994482307364,0.016666666666666666,roc_reversal,0.3082,-0.12961762799741372
3257,FET-USD,roc_momentum,buy,2026-01-12 03:20:00+00:00,0.3082,0.25,2026-01-12 03:21:00+00:00,0.3079,0.2497566515249838,81.11615833874109,-0.024334847501619645,-0.5240914990266035,-0.09733939000647858,0.016666666666666666,roc_reversal,0.3082,-0.12961762799741372
3258,FET-USD,roc_momentum,buy,2026-01-12 03:21:00+00:00,0.3079,0.25,2026-01-12 03:22:00+00:00,0.3079,0.25,81.19519324455992,0.0,-0.5,0.0,0.016666666666666666,roc_reversal,0.3079,-0.1944894651539686
3259,FET-USD,roc_momentum,buy,2026-01-12 03:22:00+00:00,0.3079,0.25,2026-01-12 03:23:00+00:00,0.3079,0.25,81.19519324455992,0.0,-0.5,0.0,0.016666666666666666,roc_reversal,0.3079,-0.1944894651539686
3260,USELESS-USD,roc_momentum,buy,2026-01-12 02:34:00+00:00,0.1097,0.25,2026-01-12 03:25:00+00:00,0.1128,0.25706472196900637,227.89425706472196,0.7064721969006361,0.1994074749316298,2.8258887876025445,0.85,roc_peak_drop,0.1133,3.281677301731989
3261,USELESS-USD,roc_momentum,buy,2026-01-12 03:25:00+00:00,0.1128,0.25,2026-01-12 03:27:00+00:00,0.1127,0.24977836879432624,221.63120567375887,-0.022163120567376522,-0.5219414893617027,-0.08865248226950609,0.03333333333333333,roc_peak_drop,0.1128,0.1776198934280604
3262,USELESS-USD,roc_momentum,buy,2026-01-12 03:27:00+00:00,0.1127,0.25,2026-01-12 03:28:00+00:00,0.1125,0.2495563442768412,221.8278615794144,-0.04436557231588107,-0.5439219165927223,-0.17746228926352428,0.016666666666666666,roc_reversal,0.1127,-0.26595744680850686
3263,USELESS-USD,roc_momentum,buy,2026-01-12 03:28:00+00:00,0.1125,0.25,2026-01-12 03:29:00+00:00,0.1123,0.24955555555555553,222.22222222222223,-0.044444444444445716,-0.5440000000000013,-0.17777777777778286,0.016666666666666666,roc_reversal,0.1125,-0.26595744680850686
3264,USELESS-USD,roc_momentum,buy,2026-01-12 03:29:00+00:00,0.1123,0.25,2026-01-12 03:30:00+00:00,0.1123,0.25,222.6179875333927,0.0,-0.5,0.0,0.016666666666666666,roc_reversal,0.1123,-0.44326241134752253
3265,USELESS-USD,roc_momentum,buy,2026-01-12 03:30:00+00:00,0.1123,0.25,2026-01-12 03:31:00+00:00,0.1115,0.24821905609973288,222.6179875333927,-0.1780943900267131,-0.676313446126446,-0.7123775601068524,0.016666666666666666,roc_reversal,0.1123,-0.44326241134752253
3266,FET-USD,roc_momentum,buy,2026-01-12 03:23:00+00:00,0.3079,0.25,2026-01-12 03:32:00+00:00,0.3113,0.25276063657031506,81.19519324455992,0.27606365703150487,-0.22669697953881018,1.1042546281260195,0.15,roc_peak_drop,0.3121,1.1692107827216525
3267,USELESS-USD,roc_momentum,buy,2026-01-12 03:31:00+00:00,0.1115,0.25,2026-01-12 03:32:00+00:00,0.1112,0.24932735426008967,224.2152466367713,-0.06726457399103332,-0.566591928251123,-0.2690582959641333,0.016666666666666666,roc_reversal,0.1115,-1.1524822695035408
3268,FET-USD,roc_momentum,buy,2026-01-12 03:32:00+00:00,0.3113,0.25,2026-01-12 03:33:00+00:00,0.3113,0.25,80.30838419530998,0.0,-0.5,0.0,0.016666666666666666,roc_peak_drop,0.3113,0.5490956072351505
3269,USELESS-USD,roc_momentum,buy,2026-01-12 03:32:00+00:00,0.1112,0.25,2026-01-12 03:33:00+00:00,0.111,0.24955035971223025,224.8201438848921,-0.04496402877697659,-0.5445143884892069,-0.17985611510790636,0.016666666666666666,roc_reversal,0.1112,-1.3309671694764824
3270,FET-USD,roc_momentum,buy,2026-01-12 03:33:00+00:00,0.3113,0.25,2026-01-12 03:34:00+00:00,0.3113,0.25,80.30838419530998,0.0,-0.5,0.0,0.016666666666666666,roc_reversal,0.3113,-0.06420545746387285
3271,USELESS-USD,roc_momentum,buy,2026-01-12 03:33:00+00:00,0.111,0.25,2026-01-12 03:34:00+00:00,0.1107,0.24932432432432433,225.22522522522522,-0.06756756756756638,-0.5668918918918907,-0.2702702702702655,0.016666666666666666,roc_reversal,0.111,-1.3333333333333308
3272,FET-USD,roc_momentum,buy,2026-01-12 03:34:00+00:00,0.3113,0.25,2026-01-12 03:35:00+00:00,0.3102,0.24911660777385156,80.30838419530998,-0.08833922261484463,-0.5874558303886962,-0.3533568904593785,0.016666666666666666,roc_reversal,0.3113,-0.1603592046183433
3273,USELESS-USD,roc_momentum,buy,2026-01-12 03:34:00+00:00,0.1107,0.25,2026-01-12 03:35:00+00:00,0.1108,0.2502258355916892,225.8355916892502,0.022583559168922535,-0.4776422764227667,0.09033423667569014,0.016666666666666666,roc_reversal,0.1108,-1.3357079252003579
3274,FET-USD,roc_momentum,buy,2026-01-12 03:35:00+00:00,0.3102,0.25,2026-01-12 03:36:00+00:00,0.3098,0.24967762733720184,80.59316569954868,-0.03223726627981592,-0.5319148936170177,-0.12894906511926368,0.016666666666666666,roc_reversal,0.3102,-0.6087792374239065
3275,USELESS-USD,roc_momentum,buy,2026-01-12 03:35:00+00:00,0.1108,0.25,2026-01-12 03:36:00+00:00,0.1108,0.25,225.6317689530686,0.0,-0.5,0.0,0.016666666666666666,roc_reversal,0.1108,-0.6278026905829681
3276,FET-USD,roc_momentum,buy,2026-01-12 03:36:00+00:00,0.3098,0.25,2026-01-12 03:37:00+00:00,0.3099,0.2500806972240155,80.69722401549386,0.008069722401548497,-0.492010974822467,0.03227888960619399,0.016666666666666666,roc_reversal,0.3099,-0.4497269514937452
3277,USELESS-USD,roc_momentum,buy,2026-01-12 03:36:00+00:00,0.1108,0.25,2026-01-12 03:37:00+00:00,0.1111,0.2506768953068592,225.6317689530686,0.06768953068592252,-0.43298736462093673,0.2707581227436901,0.016666666666666666,roc_reversal,0.1111,-0.08992805755394517
3278,FET-USD,roc_momentum,buy,2026-01-12 03:37:00+00:00,0.3099,0.25,2026-01-12 03:38:00+00:00,0.3099,0.25,80.67118425298483,0.0,-0.5,0.0,0.016666666666666666,roc_reversal,0.3099,-0.4497269514937452
3279,USELESS-USD,roc_momentum,buy,2026-01-12 03:37:00+00:00,0.1111,0.25,2026-01-12 03:38:00+00:00,0.1109,0.24954995499549953,225.02250225022502,-0.045004500450046295,-0.5445544554455458,-0.18001800180018518,0.016666666666666666,roc_reversal,0.1111,-0.08992805755394517
3280,FET-USD,roc_momentum,buy,2026-01-12 03:38:00+00:00,0.3099,0.25,2026-01-12 03:39:00+00:00,0.3099,0.25,80.67118425298483,0.0,-0.5,0.0,0.016666666666666666,roc_reversal,0.3099,-0.4497269514937452
3281,USELESS-USD,roc_momentum,buy,2026-01-12 03:38:00+00:00,0.1109,0.25,2026-01-12 03:40:00+00:00,0.111,0.25022542831379624,225.42831379621282,0.022542831379621927,-0.4776825969341743,0.09017132551848771,0.03333333333333333,roc_peak_drop,0.1111,0.3613369467027949
3282,FET-USD,roc_momentum,buy,2026-01-12 03:39:00+00:00,0.3099,0.25,2026-01-12 03:40:00+00:00,0.3099,0.25,80.67118425298483,0.0,-0.5,0.0,0.016666666666666666,roc_reversal,0.3099,-0.09671179883944392
3283,USELESS-USD,roc_momentum,buy,2026-01-12 03:40:00+00:00,0.111,0.25,2026-01-12 03:41:00+00:00,0.1108,0.24954954954954953,225.22522522522522,-0.045045045045046334,-0.5445945945945959,-0.18018018018018533,0.016666666666666666,roc_peak_drop,0.111,0.18050541516245744
3284,FET-USD,roc_momentum,buy,2026-01-12 03:40:00+00:00,0.3099,0.25,2026-01-12 03:42:00+00:00,0.3099,0.25,80.67118425298483,0.0,-0.5,0.0,0.03333333333333333,roc_peak_drop,0.3099,0.032278889606196515
3285,USELESS-USD,roc_momentum,buy,2026-01-12 03:41:00+00:00,0.1108,0.25,2026-01-12 03:42:00+00:00,0.1108,0.25,225.6317689530686,0.0,-0.5,0.0,0.016666666666666666,roc_reversal,0.1108,
3286,USELESS-USD,roc_momentum,buy,2026-01-12 03:42:00+00:00,0.1108,0.25,2026-01-12 03:43:00+00:00,0.1104,0.24909747292418774,225.6317689530686,-0.09025270758122689,-0.5893501805054147,-0.36101083032490755,0.016666666666666666,roc_reversal,0.1108,-0.27002700270027935
3287,USELESS-USD,roc_momentum,buy,2026-01-12 03:43:00+00:00,0.1104,0.25,2026-01-12 03:44:00+00:00,0.1105,0.2502264492753623,226.44927536231884,0.022644927536232533,-0.47758152173912977,0.09057971014493013,0.016666666666666666,roc_reversal,0.1105,-0.45085662759242195
3288,USELESS-USD,roc_momentum,buy,2026-01-12 03:44:00+00:00,0.1105,0.25,2026-01-12 03:45:00+00:00,0.1105,0.25,226.2443438914027,0.0,-0.5,0.0,0.016666666666666666,roc_reversal,0.1105,-0.45045045045044585
3289,USELESS-USD,roc_momentum,buy,2026-01-12 03:45:00+00:00,0.1105,0.25,2026-01-12 03:46:00+00:00,0.1106,0.2502262443438914,226.2443438914027,0.02262443438914092,-0.4776018099547505,0.09049773755656368,0.016666666666666666,roc_reversal,0.1106,-0.18050541516244634
3290,USELESS-USD,roc_momentum,buy,2026-01-12 03:46:00+00:00,0.1106,0.25,2026-01-12 03:47:00+00:00,0.1103,0.24932188065099456,226.0397830018083,-0.06781193490054443,-0.567133815551539,-0.27124773960217774,0.016666666666666666,roc_reversal,0.1106,-0.18050541516244634
3291,USELESS-USD,roc_momentum,buy,2026-01-12 03:47:00+00:00,0.1103,0.25,2026-01-12 03:48:00+00:00,0.1103,0.25,226.65457842248415,0.0,-0.5,0.0,0.016666666666666666,roc_reversal,0.1103,-0.09057971014493349
3292,USELESS-USD,roc_momentum,buy,2026-01-12 03:48:00+00:00,0.1103,0.25,2026-01-12 03:54:00+00:00,0.111,0.2515865820489574,226.65457842248415,0.1586582048957403,-0.3429283771532171,0.6346328195829612,0.1,roc_peak_drop,0.111,0.6346328195829587
3293,USELESS-USD,roc_momentum,buy,2026-01-12 03:54:00+00:00,0.111,0.25,2026-01-12 03:56:00+00:00,0.1103,0.2484234234234234,225.22522522522522,-0.15765765765765904,-0.6560810810810824,-0.6306306306306362,0.03333333333333333,roc_peak_drop,0.111,0.27100271002709064
3294,USELESS-USD,roc_momentum,buy,2026-01-12 03:56:00+00:00,0.1103,0.25,2026-01-12 03:57:00+00:00,0.1101,0.24954669084315506,226.65457842248415,-0.04533091568449498,-0.54487760652765,-0.18132366273797992,0.016666666666666666,roc_reversal,0.1103,-0.4512635379061325
3295,USELESS-USD,roc_momentum,buy,2026-01-12 03:57:00+00:00,0.1101,0.25,2026-01-12 03:58:00+00:00,0.1097,0.2490917347865577,227.0663033605813,-0.09082652134423197,-0.5899182561307896,-0.3633060853769279,0.016666666666666666,roc_reversal,0.1101,-0.4520795660036159
3296,USELESS-USD,roc_momentum,buy,2026-01-12 03:58:00+00:00,0.1097,0.25,2026-01-12 03:59:00+00:00,0.1094,0.24931631722880582,227.89425706472196,-0.06836827711941855,-0.5676845943482244,-0.2734731084776742,0.016666666666666666,roc_reversal,0.1097,-1.1711711711711703
3297,USELESS-USD,roc_momentum,buy,2026-01-12 03:59:00+00:00,0.1094,0.25,2026-01-12 04:00:00+00:00,0.1098,0.2509140767824497,228.51919561243145,0.09140767824497202,-0.40950639853747767,0.3656307129798881,0.016666666666666666,roc_reversal,0.1098,-1.0810810810810922
3298,USELESS-USD,roc_momentum,buy,2026-01-12 04:00:00+00:00,0.1098,0.25,2026-01-12 04:01:00+00:00,0.1099,0.25022768670309653,227.68670309653916,0.02276867030965457,-0.47745901639344196,0.09107468123861828,0.016666666666666666,roc_reversal,0.1099,-0.3626473254759732
3299,USELESS-USD,roc_momentum,buy,2026-01-12 04:01:00+00:00,0.1099,0.25,2026-01-12 04:02:00+00:00,0.1099,0.25,227.47952684258416,0.0,-0.5,0.0,0.016666666666666666,roc_reversal,0.1099,-0.18165304268846771
3300,USELESS-USD,roc_momentum,buy,2026-01-12 04:02:00+00:00,0.1099,0.25,2026-01-12 04:03:00+00:00,0.109,0.24795268425841674,227.47952684258416,-0.2047315741583253,-0.7026842584167421,-0.8189262966333012,0.016666666666666666,roc_reversal,0.1099,-0.18165304268846771
3301,USELESS-USD,roc_momentum,buy,2026-01-12 04:03:00+00:00,0.109,0.25,2026-01-12 04:04:00+00:00,0.1093,0.2506880733944954,229.3577981651376,0.06880733944954007,-0.43188073394495535,0.27522935779816027,0.016666666666666666,roc_reversal,0.1093,-0.0914076782449702
3302,USELESS-USD,roc_momentum,buy,2026-01-12 04:04:00+00:00,0.1093,0.25,2026-01-12 04:05:00+00:00,0.1094,0.25022872827081427,228.72827081427266,0.022872827081427922,-0.47735590118938637,0.09149130832571169,0.016666666666666666,roc_reversal,0.1094,-0.0914076782449702
3303,USELESS-USD,roc_momentum,buy,2026-01-12 04:05:00+00:00,0.1094,0.25,2026-01-12 04:09:00+00:00,0.1095,0.25022851919561245,228.51919561243145,0.0228519195612438,-0.4773765996343686,0.0914076782449752,0.06666666666666667,roc_peak_drop,0.1099,0.5504587155963359
3304,USELESS-USD,roc_momentum,buy,2026-01-12 04:09:00+00:00,0.1095,0.25,2026-01-12 04:11:00+00:00,0.1096,0.2502283105022831,228.31050228310502,0.022831050228311157,-0.47739726027397195,0.09132420091324463,0.03333333333333333,roc_peak_drop,0.1096,0.18298261665141702
3305,USELESS-USD,roc_momentum,buy,2026-01-12 04:11:00+00:00,0.1096,0.25,2026-01-12 04:17:00+00:00,0.1106,0.2522810218978102,228.10218978102188,0.2281021897810221,-0.2741788321167881,0.9124087591240884,0.1,roc_peak_drop,0.1106,0.9124087591240837
3306,USELESS-USD,roc_momentum,buy,2026-01-12 04:17:00+00:00,0.1106,0.25,2026-01-12 04:18:00+00:00,0.1106,0.25,226.0397830018083,0.0,-0.5,0.0,0.016666666666666666,roc_peak_drop,0.1106,0.5454545454545379
3307,USELESS-USD,roc_momentum,buy,2026-01-12 04:18:00+00:00,0.1106,0.25,2026-01-12 04:19:00+00:00,0.1106,0.25,226.0397830018083,0.0,-0.5,0.0,0.016666666666666666,roc_peak_drop,0.1106,0.27198549410698547
3308,USELESS-USD,roc_momentum,buy,2026-01-12 04:19:00+00:00,0.1106,0.25,2026-01-12 04:21:00+00:00,0.111,0.25090415913200725,226.0397830018083,0.09041591320072277,-0.41048824593128447,0.3616636528028911,0.03333333333333333,roc_peak_drop,0.1111,0.6340579710145011
3309,USELESS-USD,roc_momentum,buy,2026-01-12 04:21:00+00:00,0.111,0.25,2026-01-12 04:25:00+00:00,0.1108,0.24954954954954953,225.22522522522522,-0.045045045045046334,-0.5445945945945959,-0.18018018018018533,0.06666666666666667,roc_peak_drop,0.1112,0.5424954792043302
3310,USELESS-USD,roc_momentum,buy,2026-01-12 04:25:00+00:00,0.1108,0.25,2026-01-12 04:26:00+00:00,0.1107,0.24977436823104696,225.6317689530686,-0.022563176895304377,-0.5223375451263513,-0.0902527075812175,0.016666666666666666,roc_reversal,0.1108,-0.27002700270027935
3311,USELESS-USD,roc_momentum,buy,2026-01-12 04:26:00+00:00,0.1107,0.25,2026-01-12 04:27:00+00:00,0.1109,0.25045167118337847,225.8355916892502,0.0451671183378482,-0.45528455284553027,0.1806684733513928,0.016666666666666666,roc_reversal,0.1109,-0.18001800180018623
3312,FET-USD,roc_momentum,buy,2026-01-12 03:42:00+00:00,0.3099,0.25,2026-01-12 04:28:00+00:00,0.3075,0.24806389157792835,80.67118425298483,-0.19361084220716465,-0.691674733785093,-0.7744433688286586,0.7666666666666667,roc_reversal,0.3099,
3313,USELESS-USD,roc_momentum,buy,2026-01-12 04:27:00+00:00,0.1109,0.25,2026-01-12 04:28:00+00:00,0.111,0.25022542831379624,225.42831379621282,0.022542831379621927,-0.4776825969341743,0.09017132551848771,0.016666666666666666,roc_reversal,0.111,-0.09000900090009312
3314,FET-USD,roc_momentum,buy,2026-01-12 04:28:00+00:00,0.3075,0.25,2026-01-12 04:29:00+00:00,0.3079,0.2503252032520325,81.30081300813008,0.032520325203252966,-0.46780487804877957,0.13008130081301186,0.016666666666666666,roc_reversal,0.3079,-0.6453694740238825
3315,USELESS-USD,roc_momentum,buy,2026-01-12 04:28:00+00:00,0.111,0.25,2026-01-12 04:29:00+00:00,0.1111,0.2502252252252252,225.22522522522522,0.022522522522523167,-0.47770270270270204,0.09009009009009267,0.016666666666666666,roc_reversal,0.1111,-0.08992805755394517
3316,FET-USD,roc_momentum,buy,2026-01-12 04:29:00+00:00,0.3079,0.25,2026-01-12 04:30:00+00:00,0.3084,0.2504059759662228,81.19519324455992,0.04059759662228,-0.4598083793439428,0.16239038648912,0.016666666666666666,roc_reversal,0.3084,-0.4840271055179146
3317,FET-USD,roc_momentum,buy,2026-01-12 04:30:00+00:00,0.3084,0.25,2026-01-12 04:31:00+00:00,0.3081,0.24975680933852137,81.06355382619974,-0.024319066147861744,-0.5240758754863831,-0.09727626459144698,0.016666666666666666,roc_reversal,0.3084,-0.4840271055179146
3318,FET-USD,roc_momentum,buy,2026-01-12 04:31:00+00:00,0.3081,0.25,2026-01-12 04:32:00+00:00,0.3085,0.2503245699448231,81.14248620577735,0.03245699448231187,-0.46786757546251123,0.12982797792924747,0.016666666666666666,roc_reversal,0.3085,-0.45175863181672327
3319,FET-USD,roc_momentum,buy,2026-01-12 04:32:00+00:00,0.3085,0.25,2026-01-12 04:35:00+00:00,0.3092,0.2505672609400324,81.03727714748784,0.05672609400323974,-0.44384116693679265,0.22690437601295896,0.05,roc_peak_drop,0.3099,0.6495615459564785
3320,USELESS-USD,roc_momentum,buy,2026-01-12 04:29:00+00:00,0.1111,0.25,2026-01-12 04:36:00+00:00,0.1125,0.25315031503150315,225.02250225022502,0.3150315031503147,-0.18811881188118848,1.2601260126012588,0.11666666666666667,roc_peak_drop,0.1128,1.5301530153015275
3321,FET-USD,roc_momentum,buy,2026-01-12 04:35:00+00:00,0.3092,0.25,2026-01-12 04:36:00+00:00,0.308,0.24902975420439846,80.85381630012937,-0.09702457956015353,-0.596054333764552,-0.38809831824061414,0.016666666666666666,roc_peak_drop,0.3092,0.25940337224383825
3322,FET-USD,roc_momentum,buy,2026-01-12 04:36:00+00:00,0.308,0.25,2026-01-12 04:37:00+00:00,0.3082,0.25016233766233764,81.16883116883118,0.016233766233764445,-0.4839285714285732,0.06493506493505778,0.016666666666666666,roc_reversal,0.3082,-0.03245699448231054
3323,USELESS-USD,roc_momentum,buy,2026-01-12 04:36:00+00:00,0.1125,0.25,2026-01-12 04:37:00+00:00,0.1123,0.24955555555555553,222.22222222222223,-0.044444444444445716,-0.5440000000000013,-0.17777777777778286,0.016666666666666666,roc_peak_drop,0.1125,0.6261180679785427
3324,FET-USD,roc_momentum,buy,2026-01-12 04:37:00+00:00,0.3082,0.25,2026-01-12 04:38:00+00:00,0.3089,0.25056781310837123,81.11615833874109,0.05678131083712151,-0.4437865022712497,0.22712524334848605,0.016666666666666666,roc_reversal,0.3089,-0.09702457956014543
3325,USELESS-USD,roc_momentum,buy,2026-01-12 04:37:00+00:00,0.1123,0.25,2026-01-12 04:39:00+00:00,0.1126,0.2506678539626002,222.6179875333927,0.06678539626001972,-0.4338824577025805,0.2671415850400789,0.03333333333333333,roc_peak_drop,0.1131,0.8021390374331583
3326,FET-USD,roc_momentum,buy,2026-01-12 04:38:00+00:00,0.3089,0.25,2026-01-12 04:39:00+00:00,0.309,0.2500809323405633,80.93234056328909,0.008093234056328018,-0.4919876982842353,0.03237293622531207,0.016666666666666666,roc_reversal,0.309,-0.09702457956014543
3327,FET-USD,roc_momentum,buy,2026-01-12 04:39:00+00:00,0.309,0.25,2026-01-12 04:40:00+00:00,0.3088,0.2498381877022654,80.90614886731392,-0.016181229773461002,-0.5160194174757264,-0.06472491909384401,0.016666666666666666,roc_reversal,0.309,-0.1293661060801976
3328,FET-USD,roc_momentum,buy,2026-01-12 04:40:00+00:00,0.3088,0.25,2026-01-12 04:42:00+00:00,0.3077,0.2491094559585492,80.95854922279793,-0.0890544041450814,-0.5881638601036305,-0.3562176165803256,0.03333333333333333,roc_peak_drop,0.3088,0.16233766233766378
3329,USELESS-USD,roc_momentum,buy,2026-01-12 04:39:00+00:00,0.1126,0.25,2026-01-12 04:43:00+00:00,0.1128,0.25044404973357015,222.02486678507992,0.044404973357014176,-0.45603907637655594,0.1776198934280567,0.06666666666666667,roc_peak_drop,0.1131,0.534283170080152
3330,FET-USD,roc_momentum,buy,2026-01-12 04:42:00+00:00,0.3077,0.25,2026-01-12 04:43:00+00:00,0.3073,0.24967500812479693,81.24796880077999,-0.03249918752030841,-0.5321741956451054,-0.12999675008123365,0.016666666666666666,roc_reversal,0.3077,-0.16223231667747973
3331,USELESS-USD,roc_momentum,buy,2026-01-12 04:43:00+00:00,0.1128,0.25,2026-01-12 04:45:00+00:00,0.1126,0.2495567375886525,221.63120567375887,-0.04432624113474997,-0.5438829787234025,-0.17730496453899988,0.03333333333333333,roc_peak_drop,0.1128,0.1776198934280604
3332,USELESS-USD,roc_momentum,buy,2026-01-12 04:45:00+00:00,0.1126,0.25,2026-01-12 04:46:00+00:00,0.113,0.2508880994671403,222.02486678507992,0.08880994671403143,-0.4120781527531089,0.3552397868561257,0.016666666666666666,roc_reversal,0.113,-0.08841732979664174
3333,FET-USD,roc_momentum,buy,2026-01-12 04:43:00+00:00,0.3073,0.25,2026-01-12 04:47:00+00:00,0.3084,0.25089489098600715,81.35372600065082,0.08948909860071508,-0.41140579238529207,0.3579563944028603,0.06666666666666667,roc_peak_drop,0.3102,0.4533678756476478
3334,USELESS-USD,roc_momentum,buy,2026-01-12 04:46:00+00:00,0.113,0.25,2026-01-12 04:47:00+00:00,0.1126,0.2491150442477876,221.23893805309734,-0.0884955752212384,-0.587610619469026,-0.3539823008849536,0.016666666666666666,roc_reversal,0.113,-0.08841732979664174
3335,USELESS-USD,roc_momentum,buy,2026-01-12 04:47:00+00:00,0.1126,0.25,2026-01-12 04:48:00+00:00,0.1123,0.24933392539964475,222.02486678507992,-0.06660746003552588,-0.5659413854351706,-0.2664298401421035,0.016666666666666666,roc_reversal,0.1126,-0.26572187776793266
3336,FET-USD,roc_momentum,buy,2026-01-12 04:47:00+00:00,0.3084,0.25,2026-01-12 04:49:00+00:00,0.3075,0.2492704280155642,81.06355382619974,-0.07295719844358073,-0.5722276264591449,-0.2918287937743229,0.03333333333333333,roc_peak_drop,0.3084,0.227790432801811
3337,USELESS-USD,roc_momentum,buy,2026-01-12 04:48:00+00:00,0.1123,0.25,2026-01-12 04:49:00+00:00,0.1123,0.25,222.6179875333927,0.0,-0.5,0.0,0.016666666666666666,roc_reversal,0.1123,-0.44326241134752253
3338,FET-USD,roc_momentum,buy,2026-01-12 04:49:00+00:00,0.3075,0.25,2026-01-12 04:50:00+00:00,0.3073,0.24983739837398375,81.30081300813008,-0.016260162601624224,-0.516097560975608,-0.0650406504064969,0.016666666666666666,roc_reversal,0.3075,-0.4854368932038833
3339,USELESS-USD,roc_momentum,buy,2026-01-12 04:49:00+00:00,0.1123,0.25,2026-01-12 04:50:00+00:00,0.1124,0.2502226179875334,222.6179875333927,0.022261798753339907,-0.4779608192341935,0.08904719501335963,0.016666666666666666,roc_reversal,0.1124,-0.1776198934280715
3340,FET-USD,roc_momentum,buy,2026-01-12 04:50:00+00:00,0.3073,0.25,2026-01-12 04:51:00+00:00,0.308,0.2505694760820045,81.35372600065082,0.056947608200453824,-0.4436218678815507,0.2277904328018153,0.016666666666666666,roc_reversal,0.308,-0.4846526655896577
3341,USELESS-USD,roc_momentum,buy,2026-01-12 04:50:00+00:00,0.1124,0.25,2026-01-12 04:51:00+00:00,0.1124,0.25,222.41992882562278,0.0,-0.5,0.0,0.016666666666666666,roc_reversal,0.1124,-0.1776198934280715
3342,FET-USD,roc_momentum,buy,2026-01-12 04:51:00+00:00,0.308,0.25,2026-01-12 04:52:00+00:00,0.3082,0.25016233766233764,81.16883116883118,0.016233766233764445,-0.4839285714285732,0.06493506493505778,0.016666666666666666,roc_reversal,0.3082,-0.06485084306097066
3343,USELESS-USD,roc_momentum,buy,2026-01-12 04:51:00+00:00,0.1124,0.25,2026-01-12 04:52:00+00:00,0.1124,0.25,222.41992882562278,0.0,-0.5,0.0,0.016666666666666666,roc_reversal,0.1124,-0.1776198934280715
3344,USELESS-USD,roc_momentum,buy,2026-01-12 04:52:00+00:00,0.1124,0.25,2026-01-12 04:53:00+00:00,0.1121,0.24933274021352314,222.41992882562278,-0.06672597864768566,-0.5660587188612088,-0.26690391459074264,0.016666666666666666,roc_reversal,0.1124,-0.1776198934280715
3345,USELESS-USD,roc_momentum,buy,2026-01-12 04:53:00+00:00,0.1121,0.25,2026-01-12 04:55:00+00:00,0.1127,0.25133809099018734,223.01516503122212,0.13380909901873092,-0.3675289919714564,0.5352363960749237,0.03333333333333333,roc_peak_drop,0.113,0.6233303650934996
3346,FET-USD,roc_momentum,buy,2026-01-12 04:52:00+00:00,0.3082,0.25,2026-01-12 04:56:00+00:00,0.3088,0.2504866969500325,81.11615833874109,0.048669695003248296,-0.4518170019467842,0.19467878001299319,0.06666666666666667,roc_peak_drop,0.3095,0.6504065040650486
3347,FET-USD,roc_momentum,buy,2026-01-12 04:56:00+00:00,0.3088,0.25,2026-01-12 04:57:00+00:00,0.3087,0.24991904145077717,80.95854922279793,-0.008095854922283395,-0.5080148963730605,-0.03238341968913358,0.016666666666666666,roc_peak_drop,0.3088,0.25974025974027093
3348,FET-USD,roc_momentum,buy,2026-01-12 04:57:00+00:00,0.3087,0.25,2026-01-12 04:58:00+00:00,0.3087,0.25,80.98477486232589,0.0,-0.5,0.0,0.016666666666666666,roc_peak_drop,0.3087,0.16223231667749083
3349,USELESS-USD,roc_momentum,buy,2026-01-12 04:55:00+00:00,0.1127,0.25,2026-01-12 04:59:00+00:00,0.1133,0.2513309671694765,221.8278615794144,0.13309671694764935,-0.36823425022182715,0.5323868677905974,0.06666666666666667,roc_peak_drop,0.1133,0.802854594112401
3350,FET-USD,roc_momentum,buy,2026-01-12 04:58:00+00:00,0.3087,0.25,2026-01-12 04:59:00+00:00,0.3087,0.25,80.98477486232589,0.0,-0.5,0.0,0.016666666666666666,roc_reversal,0.3087,-0.226244343891413
3351,FET-USD,roc_momentum,buy,2026-01-12 04:59:00+00:00,0.3087,0.25,2026-01-12 05:00:00+00:00,0.308,0.24943310657596374,80.98477486232589,-0.05668934240362637,-0.5561224489795901,-0.2267573696145055,0.016666666666666666,roc_reversal,0.3087,-0.25848142164782706
3352,USELESS-USD,roc_momentum,buy,2026-01-12 04:59:00+00:00,0.1133,0.25,2026-01-12 05:00:00+00:00,0.1129,0.24911738746690204,220.6531332744925,-0.08826125330979646,-0.5873786407766985,-0.35304501323918586,0.016666666666666666,roc_peak_drop,0.1133,0.26548672566371057
3353,FET-USD,roc_momentum,buy,2026-01-12 05:00:00+00:00,0.308,0.25,2026-01-12 05:01:00+00:00,0.3064,0.2487012987012987,81.16883116883118,-0.12987012987012908,-0.6285714285714278,-0.5194805194805163,0.016666666666666666,roc_reversal,0.308,-0.2590673575129654
3354,USELESS-USD,roc_momentum,buy,2026-01-12 05:00:00+00:00,0.1129,0.25,2026-01-12 05:01:00+00:00,0.1125,0.24911426040744022,221.43489813994685,-0.0885739592559782,-0.5876882196634184,-0.3542958370239128,0.016666666666666666,roc_peak_drop,0.1129,0.17746228926354135
3355,FET-USD,roc_momentum,buy,2026-01-12 05:01:00+00:00,0.3064,0.25,2026-01-12 05:02:00+00:00,0.3065,0.25008159268929503,81.59268929503916,0.008159268929503017,-0.491922323759792,0.03263707571801207,0.016666666666666666,roc_reversal,0.3065,-0.7126660187884659
3356,USELESS-USD,roc_momentum,buy,2026-01-12 05:01:00+00:00,0.1125,0.25,2026-01-12 05:02:00+00:00,0.1126,0.25022222222222223,222.22222222222223,0.022222222222222858,-0.47799999999999937,0.08888888888889143,0.016666666666666666,roc_reversal,0.1126,-0.26572187776793266
3357,FET-USD,roc_momentum,buy,2026-01-12 05:02:00+00:00,0.3065,0.25,2026-01-12 05:03:00+00:00,0.307,0.25040783034257746,81.56606851549755,0.04078303425774881,-0.4596247960848287,0.16313213703099524,0.016666666666666666,roc_reversal,0.307,-0.550696469063805
3358,FET-USD,roc_momentum,buy,2026-01-12 05:03:00+00:00,0.307,0.25,2026-01-12 05:04:00+00:00,0.3082,0.25097719869706836,81.43322475570032,0.09771986970683867,-0.4032573289902297,0.3908794788273547,0.016666666666666666,roc_reversal,0.3082,-0.16196954972464983
3359,FET-USD,roc_momentum,buy,2026-01-12 05:04:00+00:00,0.3082,0.25,2026-01-12 05:05:00+00:00,0.3079,0.2497566515249838,81.11615833874109,-0.024334847501619645,-0.5240914990266035,-0.09733939000647858,0.016666666666666666,roc_reversal,0.3082,-0.032467532467528315
3360,FET-USD,roc_momentum,buy,2026-01-12 05:05:00+00:00,0.3079,0.25,2026-01-12 05:09:00+00:00,0.3086,0.2505683663527119,81.19519324455992,0.05683663527119019,-0.4437317310815217,0.22734654108476077,0.06666666666666667,roc_peak_drop,0.3088,0.5863192182410604
3361,USELESS-USD,roc_momentum,buy,2026-01-12 05:02:00+00:00,0.1126,0.25,2026-01-12 05:12:00+00:00,0.1155,0.2564387211367673,222.02486678507992,0.6438721136767317,0.1374333925399644,2.5754884547069268,0.16666666666666666,roc_peak_drop,0.1159,1.7590149516270914
3362,FET-USD,roc_momentum,buy,2026-01-12 05:09:00+00:00,0.3086,0.25,2026-01-12 05:12:00+00:00,0.308,0.24951393389500973,81.01101749837979,-0.048606610499027016,-0.5481205443940368,-0.19442644199610806,0.05,roc_peak_drop,0.3086,0.2599090318388564
3363,USELESS-USD,roc_momentum,buy,2026-01-12 05:12:00+00:00,0.1155,0.25,2026-01-12 05:13:00+00:00,0.1156,0.25021645021645017,216.45021645021643,0.02164502164501926,-0.4785714285714309,0.08658008658007704,0.016666666666666666,roc_peak_drop,0.1156,1.049868766404205
3364,USELESS-USD,roc_momentum,buy,2026-01-12 05:13:00+00:00,0.1156,0.25,2026-01-12 05:14:00+00:00,0.1154,0.24956747404844293,216.26297577854672,-0.043252595155707584,-0.5428200692041505,-0.17301038062283033,0.016666666666666666,roc_peak_drop,0.1156,0.2601908065914982
3365,USELESS-USD,roc_momentum,buy,2026-01-12 05:14:00+00:00,0.1154,0.25,2026-01-12 05:15:00+00:00,0.1152,0.24956672443674174,216.63778162911612,-0.04332755632582446,-0.5428942807625662,-0.17331022530329784,0.016666666666666666,roc_reversal,0.1154,-0.2592912705272177
3366,USELESS-USD,roc_momentum,buy,2026-01-12 05:15:00+00:00,0.1152,0.25,2026-01-12 05:16:00+00:00,0.1155,0.2506510416666667,217.01388888888889,0.06510416666666853,-0.43554687499999817,0.2604166666666741,0.016666666666666666,roc_reversal,0.1155,-0.17286084701814142
3367,USELESS-USD,roc_momentum,buy,2026-01-12 05:16:00+00:00,0.1155,0.25,2026-01-12 05:17:00+00:00,0.1153,0.24956709956709955,216.45021645021643,-0.04329004329004453,-0.542857142857144,-0.17316017316017812,0.016666666666666666,roc_reversal,0.1155,-0.17286084701814142
3368,USELESS-USD,roc_momentum,buy,2026-01-12 05:17:00+00:00,0.1153,0.25,2026-01-12 05:21:00+00:00,0.116,0.2515177797051171,216.8256721595837,0.15177797051170994,-0.3497398091934072,0.6071118820468397,0.06666666666666667,roc_peak_drop,0.1163,0.868055555555558
3369,USELESS-USD,roc_momentum,buy,2026-01-12 05:21:00+00:00,0.116,0.25,2026-01-12 05:22:00+00:00,0.1155,0.24892241379310345,215.51724137931032,-0.10775862068965526,-0.6066810344827587,-0.43103448275862105,0.016666666666666666,roc_peak_drop,0.116,0.43290043290042934
3370,USELESS-USD,roc_momentum,buy,2026-01-12 05:22:00+00:00,0.1155,0.25,2026-01-12 05:23:00+00:00,0.1149,0.2487012987012987,216.45021645021643,-0.12987012987013058,-0.6285714285714292,-0.5194805194805223,0.016666666666666666,roc_peak_drop,0.1155,0.17346053772766545
3371,USELESS-USD,roc_momentum,buy,2026-01-12 05:23:00+00:00,0.1149,0.25,2026-01-12 05:24:00+00:00,0.1152,0.2506527415143603,217.58050478677112,0.06527415143603019,-0.43537859007833013,0.26109660574412075,0.016666666666666666,roc_reversal,0.1152,-0.8628127696289956
3372,USELESS-USD,roc_momentum,buy,2026-01-12 05:24:00+00:00,0.1152,0.25,2026-01-12 05:25:00+00:00,0.115,0.24956597222222224,217.01388888888889,-0.043402777777776014,-0.5429687499999982,-0.17361111111110406,0.016666666666666666,roc_reversal,0.1152,-0.9458297506448887
3373,USELESS-USD,roc_momentum,buy,2026-01-12 05:25:00+00:00,0.115,0.25,2026-01-12 05:26:00+00:00,0.1153,0.25065217391304345,217.39130434782606,0.06521739130434667,-0.4354347826086968,0.2608695652173867,0.016666666666666666,roc_reversal,0.1153,-0.603448275862073
3374,USELESS-USD,roc_momentum,buy,2026-01-12 05:26:00+00:00,0.1153,0.25,2026-01-12 05:27:00+00:00,0.1154,0.2502168256721596,216.8256721595837,0.02168256721595899,-0.4785342584562006,0.08673026886383596,0.016666666666666666,roc_reversal,0.1154,-0.08658008658009031
3375,USELESS-USD,roc_momentum,buy,2026-01-12 05:27:00+00:00,0.1154,0.25,2026-01-12 05:29:00+00:00,0.1155,0.2502166377816291,216.63778162911612,0.02166377816291223,-0.4785528596187169,0.08665511265164892,0.03333333333333333,roc_peak_drop,0.1155,0.5221932114882533
3376,FET-USD,roc_momentum,buy,2026-01-12 05:28:00+00:00,0.3061,0.25,2026-01-12 05:29:00+00:00,0.3058,0.2497549820320157,81.67265599477295,-0.024501796798429187,-0.5242567788304449,-0.09800718719371675,0.016666666666666666,roc_peak_drop,0.3061,0.1963993453355073
3377,USELESS-USD,roc_momentum,buy,2026-01-12 05:29:00+00:00,0.1155,0.25,2026-01-12 05:30:00+00:00,0.1152,0.24935064935064932,216.45021645021643,-0.06493506493506679,-0.5642857142857162,-0.25974025974026715,0.016666666666666666,roc_peak_drop,0.1155,0.26041666666667407
3378,FET-USD,roc_momentum,buy,2026-01-12 05:29:00+00:00,0.3058,0.25,2026-01-12 05:31:00+00:00,0.3054,0.24967298888162195,81.75277959450621,-0.03270111183780342,-0.5323741007194254,-0.1308044473512137,0.03333333333333333,roc_peak_drop,0.3059,0.1965280052407481
3379,USELESS-USD,roc_momentum,buy,2026-01-12 05:30:00+00:00,0.1152,0.25,2026-01-12 05:31:00+00:00,0.1149,0.24934895833333334,217.01388888888889,-0.06510416666666552,-0.5644531249999989,-0.2604166666666621,0.016666666666666666,roc_peak_drop,0.1152,0.17391304347824654
3380,FET-USD,roc_momentum,buy,2026-01-12 05:31:00+00:00,0.3054,0.25,2026-01-12 05:32:00+00:00,0.305,0.2496725605762934,81.85985592665357,-0.03274394237066237,-0.5324165029469557,-0.13097576948264947,0.016666666666666666,roc_reversal,0.3054,-0.06544502617800152
3381,USELESS-USD,roc_momentum,buy,2026-01-12 05:31:00+00:00,0.1149,0.25,2026-01-12 05:32:00+00:00,0.1151,0.2504351610095735,217.58050478677112,0.04351610095735245,-0.4569190600522211,0.1740644038294098,0.016666666666666666,roc_reversal,0.1151,-0.25996533795494825
3382,FET-USD,roc_momentum,buy,2026-01-12 05:32:00+00:00,0.305,0.25,2026-01-12 05:33:00+00:00,0.3041,0.2492622950819672,81.9672131147541,-0.07377049180327967,-0.5730327868852468,-0.2950819672131187,0.016666666666666666,roc_reversal,0.305,-0.16366612111292644
3383,USELESS-USD,roc_momentum,buy,2026-01-12 05:32:00+00:00,0.1151,0.25,2026-01-12 05:33:00+00:00,0.1151,0.25,217.2024326672459,0.0,-0.5,0.0,0.016666666666666666,roc_reversal,0.1151,-0.25996533795494825
3384,USELESS-USD,roc_momentum,buy,2026-01-12 05:33:00+00:00,0.1151,0.25,2026-01-12 05:34:00+00:00,0.1152,0.25021720243266726,217.2024326672459,0.02172024326672521,-0.47849695916594204,0.08688097306690085,0.016666666666666666,roc_reversal,0.1152,-0.25974025974027093
3385,USELESS-USD,roc_momentum,buy,2026-01-12 05:34:00+00:00,0.1152,0.25,2026-01-12 05:35:00+00:00,0.1148,0.24913194444444445,217.01388888888889,-0.08680555555555504,-0.5859374999999994,-0.34722222222222016,0.016666666666666666,roc_reversal,0.1152,-0.25974025974027093
3386,USELESS-USD,roc_momentum,buy,2026-01-12 05:35:00+00:00,0.1148,0.25,2026-01-12 05:37:00+00:00,0.1146,0.24956445993031356,217.77003484320556,-0.04355400696864236,-0.5431184668989559,-0.17421602787456944,0.03333333333333333,roc_reversal,0.1149,
3387,USELESS-USD,roc_momentum,buy,2026-01-12 05:37:00+00:00,0.1146,0.25,2026-01-12 05:38:00+00:00,0.1144,0.24956369982547993,218.15008726003492,-0.043630017452005204,-0.5431937172774851,-0.17452006980802082,0.016666666666666666,roc_reversal,0.1146,-0.4344048653344923
3388,FET-USD,roc_momentum,buy,2026-01-12 05:38:00+00:00,0.3039,0.25,2026-01-12 05:39:00+00:00,0.3038,0.24991773609740048,82.26390259953932,-0.008226390259953026,-0.5081441263573535,-0.032905561039812105,0.016666666666666666,roc_reversal,0.3039,-0.06576783952646492
3389,USELESS-USD,roc_momentum,buy,2026-01-12 05:38:00+00:00,0.1144,0.25,2026-01-12 05:39:00+00:00,0.1146,0.2504370629370629,218.53146853146853,0.04370629370629193,-0.456730769230771,0.1748251748251677,0.016666666666666666,roc_reversal,0.1146,-0.520833333333337
3390,FET-USD,roc_momentum,buy,2026-01-12 05:39:00+00:00,0.3038,0.25,2026-01-12 05:40:00+00:00,0.3032,0.24950625411454905,82.29098090849243,-0.049374588545094585,-0.5488808426596437,-0.19749835418037834,0.016666666666666666,roc_reversal,0.3038,-0.26263952724884243
3391,USELESS-USD,roc_momentum,buy,2026-01-12 05:39:00+00:00,0.1146,0.25,2026-01-12 05:40:00+00:00,0.1145,0.24978184991274,218.15008726003492,-0.02181500872600109,-0.5215968586387411,-0.08726003490400436,0.016666666666666666,roc_reversal,0.1146,-0.261324041811839
3392,USELESS-USD,roc_momentum,buy,2026-01-12 05:40:00+00:00,0.1145,0.25,2026-01-12 05:41:00+00:00,0.1132,0.24716157205240172,218.34061135371178,-0.2838427947598274,-0.7810043668122291,-1.1353711790393095,0.016666666666666666,roc_reversal,0.1145,-0.261324041811839
3393,USELESS-USD,roc_momentum,buy,2026-01-12 05:41:00+00:00,0.1132,0.25,2026-01-12 05:42:00+00:00,0.1133,0.2502208480565371,220.84805653710248,0.02208480565371088,-0.4781360424028262,0.08833922261484352,0.016666666666666666,roc_reversal,0.1133,-1.1343804537521818
3394,USELESS-USD,roc_momentum,buy,2026-01-12 05:42:00+00:00,0.1133,0.25,2026-01-12 05:43:00+00:00,0.1132,0.2497793468667255,220.6531332744925,-0.022065313327449883,-0.5218446601941754,-0.08826125330979953,0.016666666666666666,roc_reversal,0.1133,-1.0489510489510523
3395,USELESS-USD,roc_momentum,buy,2026-01-12 05:43:00+00:00,0.1132,0.25,2026-01-12 05:44:00+00:00,0.1134,0.2504416961130742,220.84805653710248,0.04416961130742176,-0.45627208480565246,0.17667844522968704,0.016666666666666666,roc_reversal,0.1134,-1.0471204188481575
3396,USELESS-USD,roc_momentum,buy,2026-01-12 05:44:00+00:00,0.1134,0.25,2026-01-12 05:45:00+00:00,0.1134,0.25,220.4585537918871,0.0,-0.5,0.0,0.016666666666666666,roc_reversal,0.1134,-0.9606986899563297
3397,USELESS-USD,roc_momentum,buy,2026-01-12 05:45:00+00:00,0.1134,0.25,2026-01-12 05:47:00+00:00,0.1134,0.25,220.4585537918871,0.0,-0.5,0.0,0.03333333333333333,roc_peak_drop,0.1134,0.17667844522968323
3398,USELESS-USD,roc_momentum,buy,2026-01-12 05:47:00+00:00,0.1134,0.25,2026-01-12 05:49:00+00:00,0.1134,0.25,220.4585537918871,0.0,-0.5,0.0,0.03333333333333333,roc_peak_drop,0.1134,0.17667844522968323
3399,USELESS-USD,roc_momentum,buy,2026-01-12 05:49:00+00:00,0.1134,0.25,2026-01-12 05:55:00+00:00,0.1129,0.24889770723104057,220.4585537918871,-0.11022927689594365,-0.6091269841269842,-0.4409171075837746,0.1,roc_peak_drop,0.1137,0.2645502645502562
3400,USELESS-USD,roc_momentum,buy,2026-01-12 05:55:00+00:00,0.1129,0.25,2026-01-12 05:56:00+00:00,0.113,0.25022143489813997,221.43489813994685,0.02214348981399532,-0.47807794508414464,0.08857395925598129,0.016666666666666666,roc_reversal,0.113,-0.5281690140845119
3401,USELESS-USD,roc_momentum,buy,2026-01-12 05:56:00+00:00,0.113,0.25,2026-01-12 05:57:00+00:00,0.1133,0.2506637168141593,221.23893805309734,0.06637168141592803,-0.43429203539823125,0.2654867256637121,0.016666666666666666,roc_reversal,0.1133,-0.2640845070422615
3402,USELESS-USD,roc_momentum,buy,2026-01-12 05:57:00+00:00,0.1133,0.25,2026-01-12 05:58:00+00:00,0.113,0.24933804060017653,220.6531332744925,-0.06619593998234659,-0.5655339805825231,-0.26478375992938635,0.016666666666666666,roc_reversal,0.1133,-0.2640845070422615
3403,USELESS-USD,roc_momentum,buy,2026-01-12 05:58:00+00:00,0.113,0.25,2026-01-12 05:59:00+00:00,0.113,0.25,221.23893805309734,0.0,-0.5,0.0,0.016666666666666666,roc_reversal,0.113,-0.5281690140845119
3404,USELESS-USD,roc_momentum,buy,2026-01-12 05:59:00+00:00,0.113,0.25,2026-01-12 06:00:00+00:00,0.1128,0.2495575221238938,221.23893805309734,-0.04424778761062074,-0.5438053097345146,-0.17699115044248295,0.016666666666666666,roc_reversal,0.113,-0.08857395925597755
3405,USELESS-USD,roc_momentum,buy,2026-01-12 06:00:00+00:00,0.1128,0.25,2026-01-12 06:01:00+00:00,0.1127,0.24977836879432624,221.63120567375887,-0.022163120567376522,-0.5219414893617027,-0.08865248226950609,0.016666666666666666,roc_reversal,0.1128,-0.08857395925597755
3406,USELESS-USD,roc_momentum,buy,2026-01-12 06:01:00+00:00,0.1127,0.25,2026-01-12 06:02:00+00:00,0.1126,0.2497781721384206,221.8278615794144,-0.022182786157938995,-0.5219609582963596,-0.08873114463175598,0.016666666666666666,roc_reversal,0.1127,-0.26548672566372167
3407,USELESS-USD,roc_momentum,buy,2026-01-12 06:02:00+00:00,0.1126,0.25,2026-01-12 06:03:00+00:00,0.1126,0.25,222.02486678507992,0.0,-0.5,0.0,0.016666666666666666,roc_reversal,0.1126,-0.3539823008849585
3408,USELESS-USD,roc_momentum,buy,2026-01-12 06:03:00+00:00,0.1126,0.25,2026-01-12 06:04:00+00:00,0.1126,0.25,222.02486678507992,0.0,-0.5,0.0,0.016666666666666666,roc_reversal,0.1126,-0.3539823008849585
3409,XCN-USD,roc_momentum,buy,2026-01-12 06:05:00+00:00,0.0098,0.25,2026-01-12 06:06:00+00:00,0.00975,0.24872448979591838,2551.0204081632655,-0.1275510204081625,-0.6262755102040809,-0.51020408163265,0.016666666666666666,roc_peak_drop,0.0098,0.9268795056642576
3410,USELESS-USD,roc_momentum,buy,2026-01-12 06:04:00+00:00,0.1126,0.25,2026-01-12 06:10:00+00:00,0.1134,0.2517761989342806,222.02486678507992,0.17761989342806286,-0.32415630550621777,0.7104795737122515,0.1,roc_peak_drop,0.1134,0.6216696269982114
3411,USELESS-USD,roc_momentum,buy,2026-01-12 06:10:00+00:00,0.1134,0.25,2026-01-12 06:11:00+00:00,0.1135,0.2502204585537919,220.4585537918871,0.022045855379189343,-0.47817460317460253,0.08818342151675737,0.016666666666666666,roc_peak_drop,0.1135,0.3539823008849474
3412,USELESS-USD,roc_momentum,buy,2026-01-12 06:11:00+00:00,0.1135,0.25,2026-01-12 06:12:00+00:00,0.1133,0.24955947136563875,220.26431718061673,-0.044052863436124606,-0.5436123348017634,-0.17621145374449843,0.016666666666666666,roc_peak_drop,0.1135,0.1765225066195919
3413,USELESS-USD,roc_momentum,buy,2026-01-12 06:12:00+00:00,0.1133,0.25,2026-01-12 06:13:00+00:00,0.1132,0.2497793468667255,220.6531332744925,-0.022065313327449883,-0.5218446601941754,-0.08826125330979953,0.016666666666666666,roc_reversal,0.1133,
3414,USELESS-USD,roc_momentum,buy,2026-01-12 06:13:00+00:00,0.1132,0.25,2026-01-12 06:15:00+00:00,0.1129,0.24933745583038872,220.84805653710248,-0.06625441696112958,-0.5655918727915182,-0.2650176678445183,0.03333333333333333,roc_reversal,0.1132,
3415,USELESS-USD,roc_momentum,buy,2026-01-12 06:15:00+00:00,0.1129,0.25,2026-01-12 06:16:00+00:00,0.113,0.25022143489813997,221.43489813994685,0.02214348981399532,-0.47807794508414464,0.08857395925598129,0.016666666666666666,roc_reversal,0.113,-0.4405286343612369
3416,USELESS-USD,roc_momentum,buy,2026-01-12 06:16:00+00:00,0.113,0.25,2026-01-12 06:17:00+00:00,0.1127,0.2493362831858407,221.23893805309734,-0.0663716814159311,-0.5657079646017718,-0.2654867256637244,0.016666666666666666,roc_reversal,0.113,-0.4405286343612369
3417,USELESS-USD,roc_momentum,buy,2026-01-12 06:17:00+00:00,0.1127,0.25,2026-01-12 06:18:00+00:00,0.1125,0.2495563442768412,221.8278615794144,-0.04436557231588107,-0.5439219165927223,-0.17746228926352428,0.016666666666666666,roc_reversal,0.1127,-0.5295675198587868
3418,USELESS-USD,roc_momentum,buy,2026-01-12 06:18:00+00:00,0.1125,0.25,2026-01-12 06:19:00+00:00,0.1124,0.24977777777777777,222.22222222222223,-0.022222222222222858,-0.5220000000000006,-0.08888888888889143,0.016666666666666666,roc_reversal,0.1125,-0.6183745583038802
3419,XCN-USD,roc_momentum,buy,2026-01-12 06:15:00+00:00,0.00989,0.25,2026-01-12 06:20:00+00:00,0.00983,0.24848331648129426,2527.8058645096057,-0.15166835187057456,-0.6501516683518688,-0.6066734074822983,0.08333333333333333,roc_peak_drop,0.00992,1.5353121801433112
3420,USELESS-USD,roc_momentum,buy,2026-01-12 06:19:00+00:00,0.1124,0.25,2026-01-12 06:20:00+00:00,0.1123,0.24977758007117437,222.41992882562278,-0.022241992882562914,-0.5220195729537372,-0.08896797153025165,0.016666666666666666,roc_reversal,0.1124,-0.5314437555358764
3421,XCN-USD,roc_momentum,buy,2026-01-12 06:20:00+00:00,0.00983,0.25,2026-01-12 06:21:00+00:00,0.00976,0.24821973550356052,2543.23499491353,-0.17802644964394868,-0.6762461851475092,-0.7121057985757947,0.016666666666666666,roc_reversal,0.00983,-0.6066734074822944
3422,USELESS-USD,roc_momentum,buy,2026-01-12 06:21:00+00:00,0.1121,0.25,2026-01-12 06:22:00+00:00,0.1122,0.2502230151650312,223.01516503122212,0.022301516503119755,-0.4779214986619114,0.08920606601247902,0.016666666666666666,roc_reversal,0.1122,-0.4436557231588312
3423,USELESS-USD,roc_momentum,buy,2026-01-12 06:22:00+00:00,0.1122,0.25,2026-01-12 06:23:00+00:00,0.1123,0.250222816399287,222.81639928698755,0.02228163992869939,-0.4779411764705876,0.08912655971479756,0.016666666666666666,roc_reversal,0.1123,-0.1777777777777878
3424,USELESS-USD,roc_momentum,buy,2026-01-12 06:23:00+00:00,0.1123,0.25,2026-01-12 06:24:00+00:00,0.1123,0.25,222.6179875333927,0.0,-0.5,0.0,0.016666666666666666,roc_reversal,0.1123,-0.0889679715302516
3425,USELESS-USD,roc_momentum,buy,2026-01-12 06:24:00+00:00,0.1123,0.25,2026-01-12 06:25:00+00:00,0.1121,0.24955476402493323,222.6179875333927,-0.044523597506676726,-0.5440783615316099,-0.1780943900267069,0.016666666666666666,roc_reversal,0.1123,-0.0889679715302516
3426,USELESS-USD,roc_momentum,buy,2026-01-12 06:25:00+00:00,0.1121,0.25,2026-01-12 06:27:00+00:00,0.112,0.24977698483496877,223.01516503122212,-0.02230151650312285,-0.5220785013380916,-0.0892060660124914,0.03333333333333333,roc_reversal,0.1121,
3427,USELESS-USD,roc_momentum,buy,2026-01-12 06:27:00+00:00,0.112,0.25,2026-01-12 06:28:00+00:00,0.1121,0.2502232142857143,223.21428571428572,0.02232142857142921,-0.4779017857142851,0.08928571428571684,0.016666666666666666,roc_reversal,0.1121,-0.17809439002670624
3428,USELESS-USD,roc_momentum,buy,2026-01-12 06:28:00+00:00,0.1121,0.25,2026-01-12 06:29:00+00:00,0.1121,0.25,223.01516503122212,0.0,-0.5,0.0,0.016666666666666666,roc_reversal,0.1121,-0.17809439002670624
3429,XCN-USD,roc_momentum,buy,2026-01-12 06:31:00+00:00,0.00988,0.25,2026-01-12 06:32:00+00:00,0.00983,0.2487348178137652,2530.364372469636,-0.126518218623481,-0.6252530364372462,-0.506072874493924,0.016666666666666666,roc_peak_drop,0.00988,1.333333333333342
3430,USELESS-USD,roc_momentum,buy,2026-01-12 06:29:00+00:00,0.1121,0.25,2026-01-12 06:33:00+00:00,0.1122,0.2502230151650312,223.01516503122212,0.022301516503119755,-0.4779214986619114,0.08920606601247902,0.06666666666666667,roc_peak_drop,0.1123,0.2678571428571308
3431,USELESS-USD,roc_momentum,buy,2026-01-12 06:33:00+00:00,0.1122,0.25,2026-01-12 06:34:00+00:00,0.1117,0.24888591800356505,222.81639928698755,-0.11140819964349387,-0.6102941176470589,-0.4456327985739755,0.016666666666666666,roc_peak_drop,0.1122,0.0892060660124816
3432,XCN-USD,roc_momentum,buy,2026-01-12 06:32:00+00:00,0.00983,0.25,2026-01-12 06:35:00+00:00,0.0098,0.24923702950152593,2543.23499491353,-0.0762970498474072,-0.5755340793489331,-0.3051881993896288,0.05,roc_peak_drop,0.00984,0.8205128205128309
3433,USELESS-USD,roc_momentum,buy,2026-01-12 06:34:00+00:00,0.1117,0.25,2026-01-12 06:35:00+00:00,0.1117,0.25,223.81378692927487,0.0,-0.5,0.0,0.016666666666666666,roc_reversal,0.1117,-0.3568242640499708
3434,USELESS-USD,roc_momentum,buy,2026-01-12 06:35:00+00:00,0.1117,0.25,2026-01-12 06:36:00+00:00,0.1116,0.24977618621307074,223.81378692927487,-0.02238137869292502,-0.5221575649059957,-0.08952551477170008,0.016666666666666666,roc_reversal,0.1117,-0.4456327985739805
3435,USELESS-USD,roc_momentum,buy,2026-01-12 06:36:00+00:00,0.1116,0.25,2026-01-12 06:37:00+00:00,0.1118,0.2504480286738351,224.0143369175627,0.04480286738351072,-0.4556451612903244,0.17921146953404288,0.016666666666666666,roc_reversal,0.1118,-0.44523597506678225
3436,USELESS-USD,roc_momentum,buy,2026-01-12 06:37:00+00:00,0.1118,0.25,2026-01-12 06:38:00+00:00,0.1115,0.24932915921288015,223.61359570661898,-0.0670840787119845,-0.5664132379248646,-0.268336314847938,0.016666666666666666,roc_reversal,0.1118,-0.44523597506678225
3437,XCN-USD,roc_momentum,buy,2026-01-12 06:42:00+00:00,0.00989,0.25,2026-01-12 06:43:00+00:00,0.00988,0.24974721941354905,2527.8058645096057,-0.02527805864509503,-0.5250252780586441,-0.10111223458038011,0.016666666666666666,roc_peak_drop,0.00989,1.1247443762780973
3438,USELESS-USD,roc_momentum,buy,2026-01-12 06:42:00+00:00,0.1118,0.25,2026-01-12 06:44:00+00:00,0.1114,0.24910554561717352,223.61359570661898,-0.08944543828264705,-0.5885509838998205,-0.3577817531305882,0.03333333333333333,roc_peak_drop,0.1118,0.08968609865471766
3439,XCN-USD,roc_momentum,buy,2026-01-12 06:43:00+00:00,0.00988,0.25,2026-01-12 06:45:00+00:00,0.00986,0.24949392712550608,2530.364372469636,-0.05060728744939065,-0.5501012145748967,-0.2024291497975626,0.03333333333333333,roc_peak_drop,0.00989,1.1247443762780973
3440,XCN-USD,roc_momentum,buy,2026-01-12 06:45:00+00:00,0.00986,0.25,2026-01-12 06:46:00+00:00,0.00983,0.24923935091277888,2535.496957403651,-0.07606490872211083,-0.5753042596348897,-0.3042596348884433,0.016666666666666666,roc_peak_drop,0.00986,0.7150153217569066
3441,XCN-USD,roc_momentum,buy,2026-01-12 06:46:00+00:00,0.00983,0.25,2026-01-12 06:47:00+00:00,0.00984,0.25025432349949134,2543.23499491353,0.025432349949134264,-0.4748219735503571,0.10172939979653706,0.016666666666666666,roc_peak_drop,0.00984,0.20387359836901986
3442,XCN-USD,roc_momentum,buy,2026-01-12 06:47:00+00:00,0.00984,0.25,2026-01-12 06:48:00+00:00,0.00981,0.24923780487804878,2540.650406504065,-0.07621951219512325,-0.575457317073172,-0.304878048780493,0.016666666666666666,roc_reversal,0.00984,-0.5055611729019138
3443,XCN-USD,roc_momentum,buy,2026-01-12 06:49:00+00:00,0.00983,0.25,2026-01-12 06:50:00+00:00,0.00982,0.24974567650050866,2543.23499491353,-0.025432349949134264,-0.525178026449643,-0.10172939979653706,0.016666666666666666,roc_reversal,0.00983,-0.40567951318458695
3444,IP-USD,roc_momentum,buy,2026-01-13 04:49:00+00:00,3.012,0.25,2026-01-13 04:51:00+00:00,2.991,0.2482569721115538,8.300132802124834,-0.17430278884462075,-0.6725597609561745,-0.697211155378483,0.03333333333333333,roc_reversal,3.012,
3445,IP-USD,roc_momentum,buy,2026-01-13 04:54:00+00:00,2.993,0.25,2026-01-13 04:55:00+00:00,2.983,0.24916471767457402,8.35282325425994,-0.08352823254259763,-0.5826929502171716,-0.3341129301703905,0.016666666666666666,roc_reversal,2.993,-0.6308100929614868
3446,IP-USD,roc_momentum,buy,2026-01-13 04:55:00+00:00,2.983,0.25,2026-01-13 04:57:00+00:00,2.992,0.2507542742205833,8.380824673147837,0.07542742205832967,-0.42532685216225363,0.3017096882333187,0.03333333333333333,roc_peak_drop,2.992,0.033433634236046395
3447,IP-USD,roc_momentum,buy,2026-01-13 04:57:00+00:00,2.992,0.25,2026-01-13 04:59:00+00:00,2.99,0.24983288770053477,8.355614973262032,-0.016711229946522223,-0.516544117647057,-0.06684491978608889,0.03333333333333333,roc_peak_drop,2.999,0.16700066800265922
3448,IP-USD,roc_momentum,buy,2026-01-13 05:01:00+00:00,3.0,0.25,2026-01-13 05:05:00+00:00,3.007,0.2505833333333333,8.333333333333334,0.05833333333333431,-0.44224999999999903,0.23333333333333725,0.06666666666666667,roc_peak_drop,3.014,0.6688963210702115
3449,IP-USD,roc_momentum,buy,2026-01-13 05:05:00+00:00,3.007,0.25,2026-01-13 05:06:00+00:00,3.001,0.24950116395078148,8.313934153641503,-0.049883604921850906,-0.5493847688726324,-0.19953441968740362,0.016666666666666666,roc_peak_drop,3.007,0.46775810223855796
3450,IP-USD,roc_momentum,buy,2026-01-13 05:06:00+00:00,3.001,0.25,2026-01-13 05:08:00+00:00,3.014,0.2510829723425525,8.330556481172943,0.10829723425524743,-0.39278573808730505,0.4331889370209897,0.03333333333333333,roc_peak_drop,3.014,0.40000000000000036
3451,IP-USD,roc_momentum,buy,2026-01-13 05:08:00+00:00,3.014,0.25,2026-01-13 05:10:00+00:00,3.003,0.24908759124087593,8.29462508294625,-0.09124087591240608,-0.590328467153282,-0.3649635036496243,0.03333333333333333,roc_peak_drop,3.014,0.1328903654485014
3452,IP-USD,roc_momentum,buy,2026-01-13 05:10:00+00:00,3.003,0.25,2026-01-13 05:12:00+00:00,3.002,0.2499167499167499,8.325008325008325,-0.008325008325011105,-0.508241758241761,-0.03330003330004442,0.03333333333333333,roc_peak_drop,3.006,0.1666111296234618
3453,IP-USD,roc_momentum,buy,2026-01-13 05:12:00+00:00,3.002,0.25,2026-01-13 05:13:00+00:00,3.0,0.24983344437041974,8.327781479013991,-0.016655562958026147,-0.5164890073284459,-0.06662225183210459,0.016666666666666666,roc_reversal,3.002,-0.33200531208500417
3454,IP-USD,roc_momentum,buy,2026-01-13 05:13:00+00:00,3.0,0.25,2026-01-13 05:14:00+00:00,3.002,0.25016666666666665,8.333333333333334,0.01666666666666483,-0.4835000000000018,0.06666666666665932,0.016666666666666666,roc_reversal,3.002,-0.3981420039814165
3455,IP-USD,roc_momentum,buy,2026-01-13 05:14:00+00:00,3.002,0.25,2026-01-13 05:16:00+00:00,2.996,0.2495003331112592,8.327781479013991,-0.04996668887408214,-0.5494670219853414,-0.19986675549632857,0.03333333333333333,roc_reversal,3.003,
3456,IP-USD,roc_momentum,buy,2026-01-13 05:16:00+00:00,2.996,0.25,2026-01-13 05:18:00+00:00,3.0,0.25033377837116155,8.344459279038718,0.033377837116154906,-0.46695594125500667,0.13351134846461962,0.03333333333333333,roc_peak_drop,3.004,0.06662225183211579
3457,IP-USD,roc_momentum,buy,2026-01-13 05:18:00+00:00,3.0,0.25,2026-01-13 05:19:00+00:00,2.994,0.24950000000000003,8.333333333333334,-0.04999999999999819,-0.5494999999999982,-0.19999999999999277,0.016666666666666666,roc_reversal,3.0,
3458,IP-USD,roc_momentum,buy,2026-01-13 05:20:00+00:00,3.008,0.25,2026-01-13 05:22:00+00:00,3.003,0.2495844414893617,8.311170212765957,-0.0415558510638289,-0.5411402925531906,-0.1662234042553156,0.03333333333333333,roc_peak_drop,3.011,0.500667556742318
3459,IP-USD,roc_momentum,buy,2026-01-13 05:22:00+00:00,3.003,0.25,2026-01-13 05:25:00+00:00,3.014,0.2509157509157509,8.325008325008325,0.09157509157508888,-0.409340659340662,0.3663003663003555,0.05,roc_peak_drop,3.017,0.7682030728122902
3460,IP-USD,roc_momentum,buy,2026-01-13 06:02:00+00:00,3.138,0.25,2026-01-13 06:06:00+00:00,3.124,0.24888463989802423,7.966857871255577,-0.1115360101975764,-0.6104206500956006,-0.4461440407903056,0.06666666666666667,roc_peak_drop,3.138,2.314965764590804
3461,PUMP-USD,roc_momentum,buy,2026-01-13 07:06:00+00:00,0.002588,0.25,2026-01-13 07:10:00+00:00,0.00259,0.250193199381762,9659.969088098918,0.019319938176196212,-0.4808732612055657,0.07727975270478485,0.06666666666666667,roc_peak_drop,0.002604,1.9976498237367801
3462,PUMP-USD,roc_momentum,buy,2026-01-13 07:10:00+00:00,0.00259,0.25,2026-01-13 07:11:00+00:00,0.002583,0.24932432432432433,9652.509652509652,-0.06756756756756817,-0.5668918918918925,-0.2702702702702727,0.016666666666666666,roc_peak_drop,0.00259,0.6998444790046632
3463,PUMP-USD,roc_momentum,buy,2026-01-13 07:11:00+00:00,0.002583,0.25,2026-01-13 07:12:00+00:00,0.002577,0.2494192799070848,9678.668215253581,-0.0580720092915208,-0.5574912891986056,-0.2322880371660832,0.016666666666666666,roc_reversal,0.002583,-0.19319938176198814
3464,PUMP-USD,roc_momentum,buy,2026-01-13 07:12:00+00:00,0.002577,0.25,2026-01-13 07:13:00+00:00,0.002579,0.25019402405898333,9701.202949165698,0.01940240589833397,-0.48079161816064936,0.07760962359333588,0.016666666666666666,roc_reversal,0.002579,-0.6931074316518959
3465,PUMP-USD,roc_momentum,buy,2026-01-13 07:13:00+00:00,0.002579,0.25,2026-01-13 07:14:00+00:00,0.002576,0.24970918960837535,9693.679720822023,-0.029081039162465728,-0.528790228770841,-0.11632415664986291,0.016666666666666666,roc_reversal,0.002579,-0.6931074316518959
3466,PUMP-USD,roc_momentum,buy,2026-01-13 07:14:00+00:00,0.002576,0.25,2026-01-13 07:15:00+00:00,0.002571,0.249514751552795,9704.968944099379,-0.04852484472049912,-0.5480395962732941,-0.1940993788819965,0.016666666666666666,roc_reversal,0.002576,-0.6939090208172627
3467,IP-USD,roc_momentum,buy,2026-01-13 07:40:00+00:00,3.015,0.25,2026-01-13 07:42:00+00:00,3.009,0.24950248756218904,8.291873963515755,-0.04975124378109641,-0.5492537313432855,-0.19900497512438564,0.03333333333333333,roc_reversal,3.015,
3468,IP-USD,roc_momentum,buy,2026-01-13 07:44:00+00:00,3.011,0.25,2026-01-13 07:45:00+00:00,3.012,0.25008302889405515,8.302889405513119,0.008302889405512204,-0.49178013948854293,0.03321155762204882,0.016666666666666666,roc_peak_drop,3.012,0.09973404255319007
3469,IP-USD,roc_momentum,buy,2026-01-13 07:45:00+00:00,3.012,0.25,2026-01-13 07:46:00+00:00,2.994,0.24850597609561756,8.300132802124834,-0.1494023904382453,-0.6479083665338629,-0.5976095617529812,0.016666666666666666,roc_reversal,3.012,-0.09950248756219748
3470,IP-USD,roc_momentum,buy,2026-01-13 07:46:00+00:00,2.994,0.25,2026-01-13 07:47:00+00:00,3.0,0.250501002004008,8.3500334001336,0.05010020040079979,-0.4504008016032082,0.20040080160319915,0.016666666666666666,roc_reversal,3.0,-0.29910269192422456
3471,IP-USD,roc_momentum,buy,2026-01-13 07:47:00+00:00,3.0,0.25,2026-01-13 07:49:00+00:00,3.003,0.25025000000000003,8.333333333333334,0.02500000000000095,-0.47524999999999906,0.1000000000000038,0.03333333333333333,roc_peak_drop,3.01,0.03323363243601385
3472,IP-USD,roc_momentum,buy,2026-01-13 07:49:00+00:00,3.003,0.25,2026-01-13 07:50:00+00:00,2.999,0.24966699966699968,8.325008325008325,-0.03330003330003333,-0.532967032967033,-0.13320013320013332,0.016666666666666666,roc_reversal,3.003,-0.26569246097641885
3473,IP-USD,roc_momentum,buy,2026-01-13 07:50:00+00:00,2.999,0.25,2026-01-13 07:51:00+00:00,2.98,0.2484161387129043,8.336112037345782,-0.15838612870957092,-0.6568022674224752,-0.6335445148382837,0.016666666666666666,roc_reversal,2.999,-0.431606905710491
3474,IP-USD,roc_momentum,buy,2026-01-13 07:52:00+00:00,2.999,0.25,2026-01-13 07:59:00+00:00,3.052,0.25441813937979324,8.336112037345782,0.4418139379793259,-0.06260420140046737,1.7672557519173036,0.11666666666666667,roc_peak_drop,3.068,2.6510067114094094
3475,IP-USD,roc_momentum,buy,2026-01-13 07:59:00+00:00,3.052,0.25,2026-01-13 08:01:00+00:00,3.063,0.2509010484927916,8.1913499344692,0.0901048492791622,-0.4107961992136294,0.3604193971166488,0.03333333333333333,roc_peak_drop,3.063,1.059602649006619
3476,IP-USD,roc_momentum,buy,2026-01-13 08:01:00+00:00,3.063,0.25,2026-01-13 08:03:00+00:00,3.069,0.25048971596474046,8.161932745674175,0.04897159647404328,-0.45151811949069715,0.19588638589617313,0.03333333333333333,roc_peak_drop,3.069,0.1307616868257533
3477,IP-USD,roc_momentum,buy,2026-01-13 08:03:00+00:00,3.069,0.25,2026-01-13 08:06:00+00:00,3.07,0.25008145975887913,8.145975887911371,0.008145975887910474,-0.49193548387096864,0.032583903551641896,0.05,roc_peak_drop,3.072,0.39215686274509665
3478,IP-USD,roc_momentum,buy,2026-01-13 08:06:00+00:00,3.07,0.25,2026-01-13 08:08:00+00:00,3.073,0.2502442996742671,8.143322475570033,0.024429967426711025,-0.4758143322475561,0.0977198697068441,0.03333333333333333,roc_peak_drop,3.078,0.2932551319648091
3479,PUMP-USD,roc_momentum,buy,2026-01-13 08:04:00+00:00,0.002547,0.25,2026-01-13 08:09:00+00:00,0.00255,0.25029446407538286,9815.469179426778,0.02944640753828424,-0.4708480565370986,0.11778563015313696,0.08333333333333333,roc_peak_drop,0.002554,1.3095238095238049
3480,IP-USD,roc_momentum,buy,2026-01-13 08:08:00+00:00,3.073,0.25,2026-01-13 08:10:00+00:00,3.063,0.2491864627399935,8.135372600065082,-0.0813537260006491,-0.5805401887406426,-0.3254149040025964,0.03333333333333333,roc_peak_drop,3.073,0.228907782864618
3481,PUMP-USD,roc_momentum,buy,2026-01-13 08:09:00+00:00,0.00255,0.25,2026-01-13 08:10:00+00:00,0.002543,0.24931372549019606,9803.921568627451,-0.06862745098039276,-0.5679411764705888,-0.27450980392157104,0.016666666666666666,roc_peak_drop,0.00255,0.11778563015314436
3482,IP-USD,roc_momentum,buy,2026-01-13 08:10:00+00:00,3.063,0.25,2026-01-13 08:11:00+00:00,3.044,0.2484492327783219,8.161932745674175,-0.15507672216781038,-0.6535259549461323,-0.6203068886712415,0.016666666666666666,roc_reversal,3.063,-0.29296875
3483,PUMP-USD,roc_momentum,buy,2026-01-13 08:10:00+00:00,0.002543,0.25,2026-01-13 08:11:00+00:00,0.00254,0.24970507274872197,9830.908375933936,-0.029492725127801458,-0.5291977978765234,-0.11797090051120583,0.016666666666666666,roc_reversal,0.002543,-0.15704750687081104
3484,IP-USD,roc_momentum,buy,2026-01-13 08:11:00+00:00,3.044,0.25,2026-01-13 08:12:00+00:00,3.039,0.24958935611038108,8.21287779237845,-0.04106438896189137,-0.5406537450722725,-0.1642575558475655,0.016666666666666666,roc_reversal,3.044,-0.8469055374592749
3485,PUMP-USD,roc_momentum,buy,2026-01-13 08:11:00+00:00,0.00254,0.25,2026-01-13 08:12:00+00:00,0.002538,0.24980314960629918,9842.51968503937,-0.019685039370081352,-0.5194881889763805,-0.07874015748032541,0.016666666666666666,roc_reversal,0.00254,-0.5481597494126689
3486,IP-USD,roc_momentum,buy,2026-01-13 08:12:00+00:00,3.039,0.25,2026-01-13 08:13:00+00:00,3.045,0.25049358341559724,8.226390259953932,0.04935834155972181,-0.4511352418558754,0.19743336623888724,0.016666666666666666,roc_reversal,3.045,-0.9111617312072884
3487,PUMP-USD,roc_momentum,buy,2026-01-13 08:12:00+00:00,0.002538,0.25,2026-01-13 08:13:00+00:00,0.002548,0.2509850275807723,9850.275807722617,0.09850275807722643,-0.4024822695035458,0.3940110323089057,0.016666666666666666,roc_reversal,0.002548,-0.19584802193498563
3488,IP-USD,roc_momentum,buy,2026-01-13 08:13:00+00:00,3.045,0.25,2026-01-13 08:14:00+00:00,3.041,0.24967159277504106,8.210180623973727,-0.03284072249589494,-0.532512315270936,-0.13136288998357976,0.016666666666666666,roc_reversal,3.045,-0.7830342577487825
3489,IP-USD,roc_momentum,buy,2026-01-13 08:14:00+00:00,3.041,0.25,2026-01-13 08:15:00+00:00,3.061,0.2516441959881618,8.220979940808945,0.16441959881617904,-0.3372245971719828,0.6576783952647162,0.016666666666666666,roc_reversal,3.061,-0.06529546196539782
3490,PUMP-USD,roc_momentum,buy,2026-01-13 08:13:00+00:00,0.002548,0.25,2026-01-13 08:18:00+00:00,0.002546,0.24980376766091053,9811.616954474097,-0.019623233908946543,-0.5194270015698571,-0.07849293563578617,0.08333333333333333,roc_peak_drop,0.002557,0.6692913385826671
3491,PUMP-USD,roc_momentum,buy,2026-01-13 08:18:00+00:00,0.002546,0.25,2026-01-13 08:19:00+00:00,0.00255,0.2503927729772192,9819.324430479182,0.03927729772191769,-0.4611154752553015,0.15710919088767075,0.016666666666666666,roc_reversal,0.00255,-0.07849293563578774
3492,IP-USD,roc_momentum,buy,2026-01-13 08:15:00+00:00,3.061,0.25,2026-01-13 08:20:00+00:00,3.071,0.25081672655994774,8.167265599477295,0.08167265599477484,-0.4191440705651729,0.32669062397909937,0.08333333333333333,roc_peak_drop,3.072,1.0194015126603118
3493,IP-USD,roc_momentum,buy,2026-01-13 08:20:00+00:00,3.071,0.25,2026-01-13 08:21:00+00:00,3.066,0.2495929664604363,8.1406707912732,-0.04070335395636875,-0.5402963204168051,-0.162813415825475,0.016666666666666666,roc_peak_drop,3.071,0.32669062397909787
3494,IP-USD,roc_momentum,buy,2026-01-13 08:21:00+00:00,3.066,0.25,2026-01-13 08:22:00+00:00,3.061,0.24959230267449448,8.153946510110893,-0.0407697325505536,-0.5403620352250481,-0.1630789302022144,0.016666666666666666,roc_reversal,3.066,-0.0651890482398998
3495,IP-USD,roc_momentum,buy,2026-01-13 08:22:00+00:00,3.061,0.25,2026-01-13 08:23:00+00:00,3.059,0.24983665468801047,8.167265599477295,-0.01633453119895279,-0.5161711858869633,-0.06533812479581116,0.016666666666666666,roc_reversal,3.061,-0.16307893020220954
3496,IP-USD,roc_momentum,buy,2026-01-13 08:23:00+00:00,3.059,0.25,2026-01-13 08:24:00+00:00,3.07,0.25089898659692705,8.172605426610003,0.08989865969270738,-0.41100032690421967,0.35959463877082953,0.016666666666666666,roc_reversal,3.07,-0.06510416666667407
3497,PUMP-USD,roc_momentum,buy,2026-01-13 08:19:00+00:00,0.00255,0.25,2026-01-13 08:26:00+00:00,0.002569,0.2518627450980392,9803.921568627451,0.18627450980392077,-0.31558823529411845,0.7450980392156831,0.11666666666666667,roc_peak_drop,0.002583,1.217596229379403
3498,PUMP-USD,roc_momentum,buy,2026-01-13 08:26:00+00:00,0.002569,0.25,2026-01-13 08:27:00+00:00,0.002565,0.24961074347995327,9731.41300116777,-0.038925652004672025,-0.5385363954846253,-0.1557026080186881,0.016666666666666666,roc_peak_drop,0.002569,0.077911959485788
3499,PUMP-USD,roc_momentum,buy,2026-01-13 08:27:00+00:00,0.002565,0.25,2026-01-13 08:28:00+00:00,0.002563,0.24980506822612086,9746.588693957116,-0.01949317738791259,-0.5192982456140335,-0.07797270955165037,0.016666666666666666,roc_reversal,0.002565,-0.543267365153266
3500,IP-USD,roc_momentum,buy,2026-01-13 08:24:00+00:00,3.07,0.25,2026-01-13 08:29:00+00:00,3.07,0.25,8.143322475570033,0.0,-0.5,0.0,0.08333333333333333,roc_peak_drop,3.088,0.588427590715912
3501,PUMP-USD,roc_momentum,buy,2026-01-13 08:28:00+00:00,0.002563,0.25,2026-01-13 08:29:00+00:00,0.002571,0.250780335544284,9754.194303550526,0.07803355442840187,-0.42274678111588215,0.3121342177136075,0.016666666666666666,roc_reversal,0.002571,-0.038880248833594866
3502,IP-USD,roc_momentum,buy,2026-01-13 08:29:00+00:00,3.07,0.25,2026-01-13 08:30:00+00:00,3.082,0.2509771986970684,8.143322475570033,0.09771986970684048,-0.4032573289902279,0.3908794788273619,0.016666666666666666,roc_reversal,3.082,
3503,PUMP-USD,roc_momentum,buy,2026-01-13 08:29:00+00:00,0.002571,0.25,2026-01-13 08:30:00+00:00,0.002567,0.24961104628549202,9723.84286269934,-0.0388953714507983,-0.5385064177362903,-0.1555814858031932,0.016666666666666666,roc_reversal,0.002571,-0.038880248833594866
3504,IP-USD,roc_momentum,buy,2026-01-13 08:30:00+00:00,3.082,0.25,2026-01-13 08:31:00+00:00,3.074,0.24935107073329008,8.111615833874108,-0.06489292667099292,-0.564243997404283,-0.25957170668397167,0.016666666666666666,roc_reversal,3.082,-0.1299545159194282
3505,PUMP-USD,roc_momentum,buy,2026-01-13 08:30:00+00:00,0.002567,0.25,2026-01-13 08:31:00+00:00,0.002565,0.24980522010128556,9738.994935722634,-0.01947798987144363,-0.5192832099727291,-0.07791195948577452,0.016666666666666666,roc_reversal,0.002567,-0.15570260801869296
3506,IP-USD,roc_momentum,buy,2026-01-13 08:31:00+00:00,3.074,0.25,2026-01-13 08:32:00+00:00,3.072,0.24983734547820433,8.132726089785297,-0.0162654521795688,-0.5161027976577731,-0.0650618087182752,0.016666666666666666,roc_reversal,3.074,-0.1299545159194282
3507,PUMP-USD,roc_momentum,buy,2026-01-13 08:31:00+00:00,0.002565,0.25,2026-01-13 08:34:00+00:00,0.002571,0.2505847953216374,9746.588693957116,0.058479532163742,-0.44210526315789545,0.233918128654968,0.05,roc_peak_drop,0.002571,0.19508388607101246
3508,IP-USD,roc_momentum,buy,2026-01-13 08:32:00+00:00,3.072,0.25,2026-01-13 08:34:00+00:00,3.059,0.24894205729166669,8.138020833333334,-0.10579427083333252,-0.6047363281249992,-0.4231770833333301,0.03333333333333333,roc_peak_drop,3.081,0.12999675008125156
3509,IP-USD,roc_momentum,buy,2026-01-13 08:34:00+00:00,3.059,0.25,2026-01-13 08:35:00+00:00,3.057,0.24983654789146778,8.172605426610003,-0.016345210853221836,-0.5161817587446896,-0.06538084341288734,0.016666666666666666,roc_reversal,3.059,-0.3583061889250727
3510,IP-USD,roc_momentum,buy,2026-01-13 08:35:00+00:00,3.057,0.25,2026-01-13 08:36:00+00:00,3.063,0.25049067713444556,8.177952240758914,0.04906771344455534,-0.4514229636898902,0.19627085377822137,0.016666666666666666,roc_reversal,3.063,-0.3578399479505445
3511,IP-USD,roc_momentum,buy,2026-01-13 08:36:00+00:00,3.063,0.25,2026-01-13 08:37:00+00:00,3.041,0.24820437479595167,8.161932745674175,-0.17956252040483384,-0.6777668952007855,-0.7182500816193353,0.016666666666666666,roc_reversal,3.063,-0.3578399479505445
3512,PUMP-USD,roc_momentum,buy,2026-01-13 08:34:00+00:00,0.002571,0.25,2026-01-13 08:38:00+00:00,0.002578,0.25068066900038893,9723.84286269934,0.06806690003889597,-0.432613768961493,0.2722676001555839,0.06666666666666667,roc_peak_drop,0.002585,0.7797270955165692
3513,PUMP-USD,roc_momentum,buy,2026-01-13 08:38:00+00:00,0.002578,0.25,2026-01-13 08:39:00+00:00,0.002575,0.2497090768037238,9697.43987587277,-0.029092319627617963,-0.5288013964313418,-0.11636927851047185,0.016666666666666666,roc_peak_drop,0.002578,0.3894080996884819
3514,PUMP-USD,roc_momentum,buy,2026-01-13 08:39:00+00:00,0.002575,0.25,2026-01-13 08:40:00+00:00,0.00257,0.2495145631067961,9708.73786407767,-0.04854368932039058,-0.5480582524271866,-0.19417475728156233,0.016666666666666666,roc_peak_drop,0.002575,0.1555814858031912
3515,IP-USD,roc_momentum,buy,2026-01-13 08:40:00+00:00,3.049,0.25,2026-01-13 08:41:00+00:00,3.055,0.2504919645785504,8.19940964250574,0.049196457855036305,-0.45129550672351404,0.19678583142014522,0.016666666666666666,roc_reversal,3.055,-0.26118184786156906
3516,PUMP-USD,roc_momentum,buy,2026-01-13 08:40:00+00:00,0.00257,0.25,2026-01-13 08:41:00+00:00,0.002574,0.25038910505836576,9727.62645914397,0.03891050583657683,-0.46147859922178897,0.1556420233463073,0.016666666666666666,roc_reversal,0.002574,-0.11641443538998875
3517,PUMP-USD,roc_momentum,buy,2026-01-13 08:41:00+00:00,0.002574,0.25,2026-01-13 08:42:00+00:00,0.002576,0.25019425019425023,9712.509712509713,0.019425019425022005,-0.48076923076922823,0.07770007770008802,0.016666666666666666,roc_reversal,0.002576,-0.11641443538998875
3518,IP-USD,roc_momentum,buy,2026-01-13 08:41:00+00:00,3.055,0.25,2026-01-13 08:43:00+00:00,3.051,0.24967266775777414,8.183306055646481,-0.032733224222585955,-0.5324058919803601,-0.13093289689034382,0.03333333333333333,roc_peak_drop,3.057,0.5261427162117638
3519,PUMP-USD,roc_momentum,buy,2026-01-13 08:42:00+00:00,0.002576,0.25,2026-01-13 08:43:00+00:00,0.002572,0.249611801242236,9704.968944099379,-0.038819875776398456,-0.5384316770186345,-0.15527950310559382,0.016666666666666666,roc_reversal,0.002576,-0.23273855702093948
3520,PUMP-USD,roc_momentum,buy,2026-01-13 08:43:00+00:00,0.002572,0.25,2026-01-13 08:44:00+00:00,0.002568,0.24961119751166405,9720.062208398134,-0.03888024883359348,-0.5384914463452576,-0.1555209953343739,0.016666666666666666,roc_reversal,0.002572,-0.23273855702093948
3521,IP-USD,roc_momentum,buy,2026-01-13 08:43:00+00:00,3.051,0.25,2026-01-13 08:45:00+00:00,3.055,0.2503277613897083,8.19403474270731,0.03277613897082926,-0.46755162241887904,0.13110455588331704,0.03333333333333333,roc_peak_drop,3.055,0.39447731755424265
3522,PUMP-USD,roc_momentum,buy,2026-01-13 08:44:00+00:00,0.002568,0.25,2026-01-13 08:46:00+00:00,0.002573,0.25048676012461063,9735.202492211838,0.04867601246106143,-0.4518107476635492,0.19470404984424572,0.03333333333333333,roc_reversal,0.002573,
3523,IP-USD,roc_momentum,buy,2026-01-13 08:45:00+00:00,3.055,0.25,2026-01-13 08:46:00+00:00,3.054,0.24991816693944352,8.183306055646481,-0.008183306055649214,-0.5081014729950927,-0.032733224222596856,0.016666666666666666,roc_peak_drop,3.055,0.19678583142015427
3524,PUMP-USD,roc_momentum,buy,2026-01-13 08:46:00+00:00,0.002573,0.25,2026-01-13 08:47:00+00:00,0.002575,0.25019432568985617,9716.28449280995,0.01943256898561826,-0.48076175670423793,0.07773027594247305,0.016666666666666666,roc_reversal,0.002575,-0.038819875776408
3525,IP-USD,roc_momentum,buy,2026-01-13 08:46:00+00:00,3.054,0.25,2026-01-13 08:50:00+00:00,3.081,0.25221021611001965,8.185985592665357,0.22102161100196577,-0.2811886051080539,0.8840864440078631,0.06666666666666667,roc_peak_drop,3.093,1.2770137524557912
3526,PUMP-USD,roc_momentum,buy,2026-01-13 08:47:00+00:00,0.002575,0.25,2026-01-13 08:51:00+00:00,0.002575,0.25,9708.73786407767,0.0,-0.5,0.0,0.06666666666666667,roc_peak_drop,0.002583,0.5451713395638658
3527,IP-USD,roc_momentum,buy,2026-01-13 08:50:00+00:00,3.081,0.25,2026-01-13 08:52:00+00:00,3.074,0.24943200259655954,8.114248620577735,-0.05679974034404509,-0.5562317429406046,-0.22719896137618037,0.03333333333333333,roc_peak_drop,3.084,0.982318271119853
3528,PUMP-USD,roc_momentum,buy,2026-01-13 08:51:00+00:00,0.002575,0.25,2026-01-13 08:52:00+00:00,0.002574,0.24990291262135922,9708.73786407767,-0.009708737864078958,-0.5096116504854382,-0.03883495145631583,0.016666666666666666,roc_peak_drop,0.002575,0.07773027594246695
3529,IP-USD,roc_momentum,buy,2026-01-13 08:52:00+00:00,3.074,0.25,2026-01-13 08:53:00+00:00,3.064,0.2491867273910215,8.132726089785297,-0.08132726089785124,-0.5805139882888727,-0.32530904359140494,0.016666666666666666,roc_peak_drop,3.074,0.424697811172825
3530,PUMP-USD,roc_momentum,buy,2026-01-13 08:52:00+00:00,0.002574,0.25,2026-01-13 08:53:00+00:00,0.002574,0.25,9712.509712509713,0.0,-0.5,0.0,0.016666666666666666,roc_reversal,0.002574,-0.03883495145631244
3531,IP-USD,roc_momentum,buy,2026-01-13 08:53:00+00:00,3.064,0.25,2026-01-13 08:54:00+00:00,3.063,0.24991840731070497,8.159268929503916,-0.008159268929503017,-0.5080776762402079,-0.03263707571801207,0.016666666666666666,roc_reversal,3.064,-0.26041666666666297
3532,PUMP-USD,roc_momentum,buy,2026-01-13 08:53:00+00:00,0.002574,0.25,2026-01-13 08:54:00+00:00,0.002573,0.24990287490287494,9712.509712509713,-0.009712509712506789,-0.5096153846153817,-0.038850038850027156,0.016666666666666666,roc_reversal,0.002574,-0.19387359441644936
3533,IP-USD,roc_momentum,buy,2026-01-13 08:54:00+00:00,3.063,0.25,2026-01-13 08:55:00+00:00,3.058,0.24959190336271628,8.161932745674175,-0.04080966372837363,-0.5404015670910899,-0.1632386549134945,0.016666666666666666,roc_reversal,3.063,-0.7465108730931536
3534,PUMP-USD,roc_momentum,buy,2026-01-13 08:54:00+00:00,0.002573,0.25,2026-01-13 08:55:00+00:00,0.002571,0.24980567431014378,9716.28449280995,-0.019432568985622477,-0.5192382432957663,-0.07773027594248991,0.016666666666666666,roc_reversal,0.002573,-0.34856700232377413
3535,IP-USD,roc_momentum,buy,2026-01-13 08:55:00+00:00,3.058,0.25,2026-01-13 08:56:00+00:00,3.043,0.24877370830608242,8.175277959450622,-0.1226291693917567,-0.6214028776978392,-0.4905166775670268,0.016666666666666666,roc_reversal,3.058,-0.7465108730931536
3536,PUMP-USD,roc_momentum,buy,2026-01-13 08:55:00+00:00,0.002571,0.25,2026-01-13 08:56:00+00:00,0.002569,0.24980552314274604,9723.84286269934,-0.019447685725397044,-0.5192532088681431,-0.07779074290158818,0.016666666666666666,roc_reversal,0.002571,-0.23300970873786353
3537,PUMP-USD,roc_momentum,buy,2026-01-13 08:56:00+00:00,0.002569,0.25,2026-01-13 08:57:00+00:00,0.002572,0.25029194239003505,9731.41300116777,0.029194239003502962,-0.47109770338653206,0.11677695601401185,0.016666666666666666,roc_reversal,0.002572,-0.07770007770007137
3538,IP-USD,roc_momentum,buy,2026-01-13 08:59:00+00:00,3.052,0.25,2026-01-13 09:00:00+00:00,3.052,0.25,8.1913499344692,0.0,-0.5,0.0,0.016666666666666666,roc_reversal,3.052,-0.19620667102681066
3539,PUMP-USD,roc_momentum,buy,2026-01-13 08:57:00+00:00,0.002572,0.25,2026-01-13 09:02:00+00:00,0.002577,0.2504860031104199,9720.062208398134,0.04860031104198869,-0.4518856920684312,0.19440124416795476,0.08333333333333333,roc_peak_drop,0.002605,1.40132347216817
3540,PUMP-USD,roc_momentum,buy,2026-01-13 09:02:00+00:00,0.002577,0.25,2026-01-13 09:03:00+00:00,0.002561,0.2484478075281335,9701.202949165698,-0.15521924718665073,-0.6536670547147843,-0.6208769887466029,0.016666666666666666,roc_peak_drop,0.002577,0.19440124416796323
3541,IP-USD,roc_momentum,buy,2026-01-13 09:00:00+00:00,3.052,0.25,2026-01-13 09:04:00+00:00,3.063,0.2509010484927916,8.1913499344692,0.0901048492791622,-0.4107961992136294,0.3604193971166488,0.06666666666666667,roc_peak_drop,3.063,0.6247944755014778
3542,PUMP-USD,roc_momentum,buy,2026-01-13 09:03:00+00:00,0.002561,0.25,2026-01-13 09:04:00+00:00,0.002575,0.25136665365091765,9761.811792268645,0.13666536509176225,-0.3647012885591554,0.546661460367049,0.016666666666666666,roc_reversal,0.002575,-0.23246803564509477
3543,PUMP-USD,roc_momentum,buy,2026-01-13 09:04:00+00:00,0.002575,0.25,2026-01-13 09:05:00+00:00,0.002563,0.24883495145631068,9708.73786407767,-0.11650485436893065,-0.6153398058252414,-0.4660194174757226,0.016666666666666666,roc_reversal,0.002575,-0.23246803564509477
3544,IP-USD,roc_momentum,buy,2026-01-13 09:04:00+00:00,3.063,0.25,2026-01-13 09:06:00+00:00,3.053,0.24918380672543256,8.161932745674175,-0.08161932745674363,-0.5808031341821762,-0.32647730982697454,0.03333333333333333,roc_peak_drop,3.063,0.3604193971166403
3545,PUMP-USD,roc_momentum,buy,2026-01-13 09:05:00+00:00,0.002563,0.25,2026-01-13 09:06:00+00:00,0.002543,0.2480491611392899,9754.194303550526,-0.19508388607101104,-0.6931330472103009,-0.7803355442840442,0.016666666666666666,roc_reversal,0.002563,-1.2711864406779516
3546,IP-USD,roc_momentum,buy,2026-01-13 09:06:00+00:00,3.053,0.25,2026-01-13 09:07:00+00:00,3.053,0.25,8.188666885031116,0.0,-0.5,0.0,0.016666666666666666,roc_reversal,3.053,-0.09816753926702448
3547,PUMP-USD,roc_momentum,buy,2026-01-13 09:06:00+00:00,0.002543,0.25,2026-01-13 09:07:00+00:00,0.002556,0.2512780180888714,9830.908375933936,0.12780180888714107,-0.37347620920173036,0.5112072355485643,0.016666666666666666,roc_reversal,0.002556,-0.8149010477299101
3548,IP-USD,roc_momentum,buy,2026-01-13 09:07:00+00:00,3.053,0.25,2026-01-13 09:08:00+00:00,3.043,0.2491811333114969,8.188666885031116,-0.08188666885030943,-0.5810678021618063,-0.3275466754012377,0.016666666666666666,roc_reversal,3.053,-0.2287581699346397
3549,PUMP-USD,roc_momentum,buy,2026-01-13 09:07:00+00:00,0.002556,0.25,2026-01-13 09:08:00+00:00,0.002532,0.2476525821596244,9780.907668231612,-0.23474178403756013,-0.7323943661971846,-0.9389671361502405,0.016666666666666666,roc_reversal,0.002556,-0.8149010477299101
3550,PUMP-USD,roc_momentum,buy,2026-01-13 09:08:00+00:00,0.002532,0.25,2026-01-13 09:09:00+00:00,0.002538,0.2505924170616114,9873.617693522907,0.05924170616113674,-0.4413507109004746,0.23696682464454696,0.016666666666666666,roc_reversal,0.002538,-1.1323701679031628
3551,PUMP-USD,roc_momentum,buy,2026-01-13 09:09:00+00:00,0.002538,0.25,2026-01-13 09:10:00+00:00,0.002543,0.2504925137903862,9850.275807722617,0.049251379038615345,-0.4512411347517708,0.19700551615446138,0.016666666666666666,roc_reversal,0.002543,-0.7803355442840387
3552,PUMP-USD,roc_momentum,buy,2026-01-13 09:10:00+00:00,0.002543,0.25,2026-01-13 09:12:00+00:00,0.002551,0.2507864726700747,9830.908375933936,0.07864726700746913,-0.42213920566260554,0.3145890680298765,0.03333333333333333,roc_peak_drop,0.002551,0.2752654345261618
3553,PUMP-USD,roc_momentum,buy,2026-01-13 09:12:00+00:00,0.002551,0.25,2026-01-13 09:15:00+00:00,0.002551,0.25,9800.078400627206,0.0,-0.5,0.0,0.05,roc_peak_drop,0.002556,0.9478672985782088
3554,PUMP-USD,roc_momentum,buy,2026-01-13 09:15:00+00:00,0.002551,0.25,2026-01-13 09:16:00+00:00,0.002542,0.24911799294394357,9800.078400627206,-0.0882007056056438,-0.5873186985495874,-0.3528028224225752,0.016666666666666666,roc_peak_drop,0.002551,0.3145890680298802
3555,PUMP-USD,roc_momentum,buy,2026-01-13 09:16:00+00:00,0.002542,0.25,2026-01-13 09:17:00+00:00,0.002532,0.24901652242328876,9834.77576711251,-0.09834775767112536,-0.5973642800944141,-0.39339103068450143,0.016666666666666666,roc_reversal,0.002542,-0.31372549019608176
3556,PUMP-USD,roc_momentum,buy,2026-01-13 09:17:00+00:00,0.002532,0.25,2026-01-13 09:18:00+00:00,0.002539,0.2506911532385466,9873.617693522907,0.06911532385466096,-0.43157582938388567,0.27646129541864384,0.016666666666666666,roc_reversal,0.002539,-0.6651017214397537
3557,PUMP-USD,roc_momentum,buy,2026-01-13 09:18:00+00:00,0.002539,0.25,2026-01-13 09:19:00+00:00,0.002546,0.25068924773532886,9846.396218983851,0.06892477353288758,-0.4317644742024413,0.2756990941315503,0.016666666666666666,roc_reversal,0.002546,-0.3912363067292701
3558,IP-USD,roc_momentum,buy,2026-01-13 13:26:00+00:00,3.211,0.25,2026-01-13 13:27:00+00:00,3.201,0.24922142634693242,7.785736530675802,-0.07785736530675637,-0.5770787916536888,-0.3114294612270255,0.016666666666666666,roc_peak_drop,3.211,1.4854614412136424
3559,IP-USD,roc_momentum,buy,2026-01-13 13:27:00+00:00,3.201,0.25,2026-01-13 13:28:00+00:00,3.194,0.2494532958450484,7.8100593564511085,-0.05467041549515868,-0.5541237113402071,-0.2186816619806347,0.016666666666666666,roc_peak_drop,3.201,0.7237256135934622
3560,IP-USD,roc_momentum,buy,2026-01-13 13:29:00+00:00,3.208,0.25,2026-01-13 13:34:00+00:00,3.259,0.2539744389027431,7.7930174563591015,0.39744389027431193,-0.10653054862843117,1.5897755610972477,0.08333333333333333,roc_peak_drop,3.276,2.5673137132122603
3561,IP-USD,roc_momentum,buy,2026-01-13 13:34:00+00:00,3.259,0.25,2026-01-13 13:35:00+00:00,3.391,0.2601258054617981,7.671064743786438,1.0125805461798107,0.5024547407180125,4.050322184719243,0.016666666666666666,take_profit,3.391,5.572851805728507
3562,IP-USD,roc_momentum,buy,2026-01-13 13:35:00+00:00,3.391,0.25,2026-01-13 13:37:00+00:00,3.324,0.24506045414332053,7.372456502506635,-0.4939545856679458,-0.9890150398112664,-1.9758183426717832,0.03333333333333333,roc_peak_drop,3.391,5.572851805728507
3563,IP-USD,roc_momentum,buy,2026-01-13 13:37:00+00:00,3.324,0.25,2026-01-13 13:38:00+00:00,3.318,0.24954873646209388,7.521058965102287,-0.04512635379061209,-0.544675090252706,-0.18050541516244836,0.016666666666666666,roc_peak_drop,3.324,2.0884520884520974
3564,IP-USD,roc_momentum,buy,2026-01-13 13:38:00+00:00,3.318,0.25,2026-01-13 13:40:00+00:00,3.357,0.2529385171790235,7.53465943339361,0.2938517179023519,-0.20908679927667162,1.1754068716094077,0.03333333333333333,roc_peak_drop,3.357,1.7183185026081738
3565,IP-USD,roc_momentum,buy,2026-01-13 13:40:00+00:00,3.357,0.25,2026-01-13 13:41:00+00:00,3.337,0.24851057491808162,7.447125409591897,-0.14894250819183807,-0.6474530831099197,-0.5957700327673523,0.016666666666666666,roc_reversal,3.357,-1.0026540843408926
3566,IP-USD,roc_momentum,buy,2026-01-13 13:41:00+00:00,3.337,0.25,2026-01-13 13:45:00+00:00,3.359,0.25164818699430624,7.491759065028468,0.16481869943062477,-0.3368294875636815,0.6592747977224991,0.06666666666666667,roc_peak_drop,3.361,1.2959614225437122
3567,IP-USD,roc_momentum,buy,2026-01-13 13:45:00+00:00,3.359,0.25,2026-01-13 13:47:00+00:00,3.347,0.2491068770467401,7.442691277165824,-0.08931229532598996,-0.58841917237273,-0.35724918130395983,0.03333333333333333,roc_peak_drop,3.374,1.1087803416242048
3568,IP-USD,roc_momentum,buy,2026-01-13 13:47:00+00:00,3.347,0.25,2026-01-13 13:48:00+00:00,3.355,0.25059755004481626,7.469375560203167,0.05975500448162539,-0.44084254556319086,0.23902001792650157,0.016666666666666666,roc_reversal,3.355,-0.029868578255676237
3569,IP-USD,roc_momentum,buy,2026-01-13 13:48:00+00:00,3.355,0.25,2026-01-13 13:50:00+00:00,3.358,0.25022354694485843,7.451564828614009,0.022354694485842874,-0.47786885245901556,0.0894187779433715,0.03333333333333333,roc_peak_drop,3.372,0.7770472205618661
3570,IP-USD,roc_momentum,buy,2026-01-13 13:50:00+00:00,3.358,0.25,2026-01-13 13:51:00+00:00,3.355,0.24977665276950564,7.444907683144729,-0.022334723049435033,-0.5221113758189407,-0.08933889219774013,0.016666666666666666,roc_reversal,3.358,-0.029770765108660946
3571,IP-USD,roc_momentum,buy,2026-01-13 13:51:00+00:00,3.355,0.25,2026-01-13 13:54:00+00:00,3.376,0.2515648286140089,7.451564828614009,0.1564828614008935,-0.34508196721311546,0.625931445603574,0.05,roc_peak_drop,3.383,0.8345752608047707
3572,IP-USD,roc_momentum,buy,2026-01-13 13:54:00+00:00,3.376,0.25,2026-01-13 13:56:00+00:00,3.387,0.25081457345971564,7.4052132701421804,0.08145734597156488,-0.4193572274881508,0.32582938388625954,0.03333333333333333,roc_peak_drop,3.406,1.429422275163783
3573,IP-USD,roc_momentum,buy,2026-01-13 13:56:00+00:00,3.387,0.25,2026-01-13 13:58:00+00:00,3.389,0.2501476232654266,7.381163271331562,0.014762326542661498,-0.4853852967227651,0.05904930617064599,0.03333333333333333,roc_peak_drop,3.389,0.9538002980626015
3574,IP-USD,roc_momentum,buy,2026-01-13 13:58:00+00:00,3.389,0.25,2026-01-13 13:59:00+00:00,3.346,0.2468279728533491,7.37680731779286,-0.3172027146650908,-0.8140306875184399,-1.2688108586603632,0.016666666666666666,roc_peak_drop,3.389,0.1773573751108426
3575,IP-USD,roc_momentum,buy,2026-01-13 13:59:00+00:00,3.346,0.25,2026-01-13 14:00:00+00:00,3.346,0.25,7.471607890017932,0.0,-0.5,0.0,0.016666666666666666,roc_reversal,3.346,-0.8886255924170583
3576,IP-USD,roc_momentum,buy,2026-01-13 14:00:00+00:00,3.346,0.25,2026-01-13 14:01:00+00:00,3.349,0.2502241482367005,7.471607890017932,0.022414823670054644,-0.4778093245666459,0.08965929468021858,0.016666666666666666,roc_reversal,3.349,-1.1219368172423971
3577,IP-USD,roc_momentum,buy,2026-01-13 14:01:00+00:00,3.349,0.25,2026-01-13 14:02:00+00:00,3.334,0.24888026276500447,7.46491489997014,-0.11197372349955302,-0.6108539862645574,-0.4478948939982121,0.016666666666666666,roc_reversal,3.349,-1.1219368172423971
3578,IP-USD,roc_momentum,buy,2026-01-13 14:02:00+00:00,3.334,0.25,2026-01-13 14:03:00+00:00,3.338,0.2502999400119976,7.498500299940011,0.029994001199760072,-0.47030593881223753,0.11997600479904029,0.016666666666666666,roc_reversal,3.338,-1.3901212658976592
3579,IP-USD,roc_momentum,buy,2026-01-13 14:03:00+00:00,3.338,0.25,2026-01-13 14:04:00+00:00,3.344,0.2504493708807669,7.489514679448772,0.04493708807669101,-0.4555122828040759,0.17974835230676403,0.016666666666666666,roc_reversal,3.344,-0.059772863120155506
3580,IP-USD,roc_momentum,buy,2026-01-13 14:04:00+00:00,3.344,0.25,2026-01-13 14:05:00+00:00,3.339,0.24962619617224882,7.476076555023924,-0.03738038277511882,-0.5370065789473676,-0.14952153110047528,0.016666666666666666,roc_reversal,3.344,-0.059772863120155506
3581,IP-USD,roc_momentum,buy,2026-01-13 14:05:00+00:00,3.339,0.25,2026-01-13 14:06:00+00:00,3.33,0.24932614555256066,7.487271638215034,-0.06738544474393454,-0.5667115902964952,-0.26954177897573817,0.016666666666666666,roc_reversal,3.339,-0.20920502092051096
3582,IP-USD,roc_momentum,buy,2026-01-13 14:06:00+00:00,3.33,0.25,2026-01-13 14:07:00+00:00,3.325,0.24962462462462462,7.5075075075075075,-0.03753753753753673,-0.5371621621621614,-0.15015015015014693,0.016666666666666666,roc_reversal,3.33,-0.2699460107978391
3583,IP-USD,roc_momentum,buy,2026-01-13 14:07:00+00:00,3.325,0.25,2026-01-13 14:08:00+00:00,3.333,0.2506015037593985,7.518796992481203,0.060150375939849676,-0.4404511278195488,0.2406015037593987,0.016666666666666666,roc_reversal,3.333,-0.14979029358896945
3584,IP-USD,roc_momentum,buy,2026-01-13 14:08:00+00:00,3.333,0.25,2026-01-13 14:09:00+00:00,3.313,0.2484998499849985,7.500750075007501,-0.15001500150015015,-0.6485148514851486,-0.6000600060006006,0.016666666666666666,roc_reversal,3.333,-0.14979029358896945
3585,IP-USD,roc_momentum,buy,2026-01-13 14:09:00+00:00,3.313,0.25,2026-01-13 14:10:00+00:00,3.326,0.2509809840024147,7.546030787805614,0.09809840024147223,-0.4028825837609425,0.39239360096588893,0.016666666666666666,roc_reversal,3.326,-0.3893381251871775
3586,IP-USD,roc_momentum,buy,2026-01-13 14:10:00+00:00,3.326,0.25,2026-01-13 14:11:00+00:00,3.322,0.24969933854479856,7.516536380036079,-0.030066145520144343,-0.529765484064943,-0.12026458208057737,0.016666666666666666,roc_reversal,3.326,-0.2402402402402415
3587,IP-USD,roc_momentum,buy,2026-01-13 14:11:00+00:00,3.322,0.25,2026-01-13 14:12:00+00:00,3.315,0.249473208910295,7.525586995785671,-0.05267910897050058,-0.5521523178807956,-0.2107164358820023,0.016666666666666666,roc_reversal,3.322,-0.2402402402402415
3588,IP-USD,roc_momentum,buy,2026-01-13 14:12:00+00:00,3.315,0.25,2026-01-13 14:13:00+00:00,3.305,0.24924585218702866,7.541478129713424,-0.07541478129713264,-0.5746606334841613,-0.30165912518853055,0.016666666666666666,roc_reversal,3.315,-0.300751879699257
3589,IP-USD,roc_momentum,buy,2026-01-13 14:13:00+00:00,3.305,0.25,2026-01-13 14:14:00+00:00,3.305,0.25,7.5642965204236,0.0,-0.5,0.0,0.016666666666666666,roc_reversal,3.305,-0.24147298520977856
3590,FARTCOIN-USD,roc_momentum,buy,2026-01-13 14:18:00+00:00,0.397,0.25,2026-01-13 14:19:00+00:00,0.3966,0.24974811083123424,62.97229219143576,-0.025188916876575027,-0.5249370277078093,-0.1007556675063001,0.016666666666666666,roc_peak_drop,0.397,0.8638211382113958
3591,IP-USD,roc_momentum,buy,2026-01-13 14:14:00+00:00,3.305,0.25,2026-01-13 14:20:00+00:00,3.353,0.2536308623298033,7.5642965204236,0.36308623298033316,-0.1405446293494702,1.4523449319213326,0.1,roc_peak_drop,3.369,1.628959276018116
3592,FARTCOIN-USD,roc_momentum,buy,2026-01-13 14:19:00+00:00,0.3966,0.25,2026-01-13 14:21:00+00:00,0.3963,0.2498108925869894,63.035804336863336,-0.018910741301060418,-0.5187216338880498,-0.07564296520424167,0.03333333333333333,roc_peak_drop,0.3968,0.5575266092245235
3593,FARTCOIN-USD,roc_momentum,buy,2026-01-13 14:24:00+00:00,0.3966,0.25,2026-01-13 14:25:00+00:00,0.3942,0.24848714069591527,63.035804336863336,-0.15128593040847285,-0.6497730711043881,-0.6051437216338914,0.016666666666666666,roc_reversal,0.3966,
3594,IP-USD,roc_momentum,buy,2026-01-13 14:20:00+00:00,3.353,0.25,2026-01-13 14:28:00+00:00,3.476,0.2591708917387414,7.456009543692216,0.9170891738741408,0.40791828213539943,3.668356695496563,0.13333333333333333,take_profit,3.476,2.205233754778013
3595,IP-USD,roc_momentum,buy,2026-01-13 14:28:00+00:00,3.476,0.25,2026-01-13 14:30:00+00:00,3.49,0.2510069044879172,7.1921749136939015,0.1006904487917163,-0.40031645569620083,0.4027617951668652,0.03333333333333333,roc_peak_drop,3.516,3.8700147710487576
3596,IP-USD,roc_momentum,buy,2026-01-13 14:30:00+00:00,3.49,0.25,2026-01-13 14:31:00+00:00,3.469,0.24849570200573062,7.163323782234957,-0.1504297994269366,-0.6489255014326673,-0.6017191977077464,0.016666666666666666,roc_peak_drop,3.49,2.2261277094317578
3597,FARTCOIN-USD,roc_momentum,buy,2026-01-13 14:29:00+00:00,0.3966,0.25,2026-01-13 14:32:00+00:00,0.3954,0.2492435703479576,63.035804336863336,-0.07564296520423817,-0.5748865355521958,-0.3025718608169527,0.05,roc_peak_drop,0.3973,0.9913573970513401
3598,IP-USD,roc_momentum,buy,2026-01-13 14:31:00+00:00,3.469,0.25,2026-01-13 14:32:00+00:00,3.445,0.24827039492649178,7.206687806284232,-0.17296050735082172,-0.6712309022773135,-0.6918420294032869,0.016666666666666666,roc_peak_drop,3.469,0.6382361473745268
3599,IP-USD,roc_momentum,buy,2026-01-13 14:32:00+00:00,3.445,0.25,2026-01-13 14:33:00+00:00,3.452,0.2505079825834543,7.25689404934688,0.05079825834542901,-0.4497097242380253,0.20319303338171604,0.016666666666666666,roc_reversal,3.452,-0.3182870370370461
3600,IP-USD,roc_momentum,buy,2026-01-13 14:33:00+00:00,3.452,0.25,2026-01-13 14:34:00+00:00,3.457,0.2503621089223638,7.242178447276941,0.036210892236383935,-0.4641512166859799,0.14484356894553574,0.016666666666666666,roc_reversal,3.457,-0.6904487917146152
3601,IP-USD,roc_momentum,buy,2026-01-13 14:34:00+00:00,3.457,0.25,2026-01-13 14:35:00+00:00,3.456,0.24992768296210588,7.231703789412786,-0.00723170378941199,-0.5071593867515178,-0.02892681515764796,0.016666666666666666,roc_reversal,3.457,-0.9742120343839589
3602,FARTCOIN-USD,roc_momentum,buy,2026-01-13 14:36:00+00:00,0.3981,0.25,2026-01-13 14:38:00+00:00,0.3968,0.249183622205476,62.79829188646069,-0.08163777945240036,-0.5808214016578763,-0.32655111780960144,0.03333333333333333,roc_peak_drop,0.3981,0.5816894284269125
3603,PUMP-USD,roc_momentum,buy,2026-01-13 14:37:00+00:00,0.002679,0.25,2026-01-13 14:38:00+00:00,0.002654,0.24766703994027622,9331.84023889511,-0.23329600597237635,-0.7309630459126526,-0.9331840238895054,0.016666666666666666,roc_peak_drop,0.002679,1.5542077331311521
3604,FARTCOIN-USD,roc_momentum,buy,2026-01-13 14:38:00+00:00,0.3968,0.25,2026-01-13 14:40:00+00:00,0.3963,0.2496849798387097,63.00403225806452,-0.031502016129032286,-0.531186995967742,-0.12600806451612914,0.03333333333333333,roc_peak_drop,0.3968,0.2780586450960465
3605,IP-USD,roc_momentum,buy,2026-01-13 14:35:00+00:00,3.456,0.25,2026-01-13 14:41:00+00:00,3.565,0.25788483796296297,7.233796296296297,0.7884837962962962,0.28059895833333326,3.1539351851851847,0.1,roc_peak_drop,3.566,3.182870370370372
3606,PUMP-USD,roc_momentum,buy,2026-01-13 14:39:00+00:00,0.002683,0.25,2026-01-13 14:41:00+00:00,0.00268,0.24972046216921356,9317.927692881103,-0.027953783078642977,-0.5276742452478566,-0.11181513231457191,0.03333333333333333,roc_peak_drop,0.002683,1.9764348156594336
3607,FARTCOIN-USD,roc_momentum,buy,2026-01-13 14:41:00+00:00,0.3975,0.25,2026-01-13 14:42:00+00:00,0.3974,0.24993710691823898,62.893081761006286,-0.006289308176103427,-0.5062264150943424,-0.02515723270441371,0.016666666666666666,roc_reversal,0.3975,-0.07543374402816383
3608,PUMP-USD,roc_momentum,buy,2026-01-13 14:41:00+00:00,0.00268,0.25,2026-01-13 14:42:00+00:00,0.002676,0.24962686567164177,9328.358208955224,-0.0373134328358218,-0.5369402985074636,-0.1492537313432872,0.016666666666666666,roc_peak_drop,0.00268,0.9416195856873921
3609,ZKP-USD,roc_momentum,buy,2025-12-22 13:10:00+00:00,0.19263,0.25,2026-01-13 14:43:23.613833+00:00,0.19263,0.25,129.78248455588434,0.0,-0.5,0.0,529.5565593980556,end_of_backtest,0.19263,-0.706185567010309
3610,THQ-USD,roc_momentum,buy,2025-12-24 02:12:00+00:00,0.06793,0.25,2026-01-13 14:43:23.613833+00:00,0.06793,0.25,368.02590902399527,0.0,-0.5,0.0,492.5232260647222,end_of_backtest,0.06793,-1.4936194895591504
3611,SQD-USD,roc_momentum,buy,2026-01-02 07:32:00+00:00,0.0902,0.25,2026-01-13 14:43:23.613833+00:00,0.0902,0.25,277.16186252771615,0.0,-0.5,0.0,271.18989273138885,end_of_backtest,0.0902,-0.44150110375276164
3612,EDGE-USD,roc_momentum,buy,2026-01-04 20:20:00+00:00,0.15372,0.25,2026-01-13 14:43:23.613833+00:00,0.15372,0.25,162.63335935467083,0.0,-0.5,0.0,210.38989273138887,end_of_backtest,0.15372,-1.3033707865168553
3613,BREV-USD,roc_momentum,buy,2026-01-08 00:30:00+00:00,0.4776,0.25,2026-01-13 14:43:23.613833+00:00,0.4776,0.25,52.34505862646566,0.0,-0.5,0.0,134.2232260647222,end_of_backtest,0.4776,-2.030769230769225
3614,IP-USD,roc_momentum,buy,2026-01-13 14:41:00+00:00,3.565,0.25,2026-01-13 14:43:23.613833+00:00,3.565,0.25,7.012622720897616,0.0,-0.5,0.0,0.03989273138888889,end_of_backtest,3.575,1.0743567995476377
3615,FARTCOIN-USD,roc_momentum,buy,2026-01-13 14:42:00+00:00,0.3974,0.25,2026-01-13 14:43:23.613833+00:00,0.3974,0.25,62.90890790135884,0.0,-0.5,0.0,0.02322606472222222,end_of_backtest,0.3974,0.05040322580645018
3616,PUMP-USD,roc_momentum,buy,2026-01-13 14:42:00+00:00,0.002676,0.25,2026-01-13 14:43:23.613833+00:00,0.002676,0.25,9342.301943198805,0.0,-0.5,0.0,0.02322606472222222,end_of_backtest,0.002676,0.8289374529012683
