Running QUICK optimization...
(Use --comprehensive for full parameter sweep)

================================================================================
4H HYBRID STRATEGY GRID SEARCH
================================================================================
Symbol: BTC-USD
Period: 60 days
Parameters: ['donch_len', 'vol_min_mult', 'tp1_fee_mult', 'tp2_fee_mult']
Total combinations: 180
================================================================================

[1/180] Testing: {'donch_len': 10, 'vol_min_mult': 1.0, 'tp1_fee_mult': 1.5, 'tp2_fee_mult': 3.0}

Backtesting BTC-USD...
  BTC-USD: 86398 bars (1m)
  Indicators calculated (4h: 361 bars, 1D: 61 bars)
  Processing 86398 1m bars...
    Processed 10000/86398 bars...
    Processed 20000/86398 bars...
    Processed 30000/86398 bars...
    Processed 40000/86398 bars...
    Processed 50000/86398 bars...
    Processed 60000/86398 bars...
    Processed 70000/86398 bars...
    Processed 80000/86398 bars...
  ✅ Backtest complete
  → Trades: 7, Net P&L: $-5.42, Win Rate: 28.6%, TP1 Hit: 71.4%

[2/180] Testing: {'donch_len': 10, 'vol_min_mult': 1.0, 'tp1_fee_mult': 1.5, 'tp2_fee_mult': 4.0}

Backtesting BTC-USD...
  BTC-USD: 86398 bars (1m)
  Indicators calculated (4h: 361 bars, 1D: 61 bars)
  Processing 86398 1m bars...
    Processed 10000/86398 bars...
    Processed 20000/86398 bars...
    Processed 30000/86398 bars...
    Processed 40000/86398 bars...
    Processed 50000/86398 bars...
    Processed 60000/86398 bars...
    Processed 70000/86398 bars...
    Processed 80000/86398 bars...
  ✅ Backtest complete
  → Trades: 7, Net P&L: $-4.92, Win Rate: 28.6%, TP1 Hit: 71.4%

[3/180] Testing: {'donch_len': 10, 'vol_min_mult': 1.0, 'tp1_fee_mult': 1.5, 'tp2_fee_mult': 5.0}

Backtesting BTC-USD...
  BTC-USD: 86398 bars (1m)
  Indicators calculated (4h: 361 bars, 1D: 61 bars)
  Processing 86398 1m bars...
    Processed 10000/86398 bars...
    Processed 20000/86398 bars...
    Processed 30000/86398 bars...
    Processed 40000/86398 bars...
    Processed 50000/86398 bars...
    Processed 60000/86398 bars...
    Processed 70000/86398 bars...
    Processed 80000/86398 bars...
  ✅ Backtest complete
  → Trades: 7, Net P&L: $-4.28, Win Rate: 28.6%, TP1 Hit: 71.4%

[4/180] Testing: {'donch_len': 10, 'vol_min_mult': 1.0, 'tp1_fee_mult': 2.0, 'tp2_fee_mult': 3.0}

Backtesting BTC-USD...
  BTC-USD: 86398 bars (1m)
  Indicators calculated (4h: 361 bars, 1D: 61 bars)
  Processing 86398 1m bars...
    Processed 10000/86398 bars...
    Processed 20000/86398 bars...
    Processed 30000/86398 bars...
    Processed 40000/86398 bars...
    Processed 50000/86398 bars...
    Processed 60000/86398 bars...
    Processed 70000/86398 bars...
    Processed 80000/86398 bars...
  ✅ Backtest complete
  → Trades: 7, Net P&L: $-7.48, Win Rate: 28.6%, TP1 Hit: 57.1%

[5/180] Testing: {'donch_len': 10, 'vol_min_mult': 1.0, 'tp1_fee_mult': 2.0, 'tp2_fee_mult': 4.0}

Backtesting BTC-USD...
  BTC-USD: 86398 bars (1m)
  Indicators calculated (4h: 361 bars, 1D: 61 bars)
  Processing 86398 1m bars...
    Processed 10000/86398 bars...
    Processed 20000/86398 bars...
    Processed 30000/86398 bars...
    Processed 40000/86398 bars...
    Processed 50000/86398 bars...
    Processed 60000/86398 bars...
    Processed 70000/86398 bars...
    Processed 80000/86398 bars...
  ✅ Backtest complete
  → Trades: 7, Net P&L: $-6.97, Win Rate: 28.6%, TP1 Hit: 57.1%

[6/180] Testing: {'donch_len': 10, 'vol_min_mult': 1.0, 'tp1_fee_mult': 2.0, 'tp2_fee_mult': 5.0}

Backtesting BTC-USD...
  BTC-USD: 86398 bars (1m)
  Indicators calculated (4h: 361 bars, 1D: 61 bars)
  Processing 86398 1m bars...
    Processed 10000/86398 bars...
    Processed 20000/86398 bars...
    Processed 30000/86398 bars...
    Processed 40000/86398 bars...
    Processed 50000/86398 bars...
    Processed 60000/86398 bars...
    Processed 70000/86398 bars...
    Processed 80000/86398 bars...
  ✅ Backtest complete
  → Trades: 7, Net P&L: $-6.34, Win Rate: 28.6%, TP1 Hit: 57.1%

[7/180] Testing: {'donch_len': 10, 'vol_min_mult': 1.0, 'tp1_fee_mult': 2.5, 'tp2_fee_mult': 3.0}

Backtesting BTC-USD...
  BTC-USD: 86398 bars (1m)
  Indicators calculated (4h: 361 bars, 1D: 61 bars)
  Processing 86398 1m bars...
    Processed 10000/86398 bars...
    Processed 20000/86398 bars...
    Processed 30000/86398 bars...
    Processed 40000/86398 bars...
    Processed 50000/86398 bars...
    Processed 60000/86398 bars...
    Processed 70000/86398 bars...
    Processed 80000/86398 bars...
  ✅ Backtest complete
  → Trades: 6, Net P&L: $-4.74, Win Rate: 50.0%, TP1 Hit: 50.0%

[8/180] Testing: {'donch_len': 10, 'vol_min_mult': 1.0, 'tp1_fee_mult': 2.5, 'tp2_fee_mult': 4.0}

Backtesting BTC-USD...
  BTC-USD: 86398 bars (1m)
  Indicators calculated (4h: 361 bars, 1D: 61 bars)
  Processing 86398 1m bars...
    Processed 10000/86398 bars...
    Processed 20000/86398 bars...
    Processed 30000/86398 bars...
    Processed 40000/86398 bars...
    Processed 50000/86398 bars...
    Processed 60000/86398 bars...
    Processed 70000/86398 bars...
    Processed 80000/86398 bars...
  ✅ Backtest complete
  → Trades: 6, Net P&L: $-3.92, Win Rate: 50.0%, TP1 Hit: 50.0%

[9/180] Testing: {'donch_len': 10, 'vol_min_mult': 1.0, 'tp1_fee_mult': 2.5, 'tp2_fee_mult': 5.0}

Backtesting BTC-USD...
  BTC-USD: 86398 bars (1m)
  Indicators calculated (4h: 361 bars, 1D: 61 bars)
  Processing 86398 1m bars...
    Processed 10000/86398 bars...
    Processed 20000/86398 bars...
    Processed 30000/86398 bars...
    Processed 40000/86398 bars...
    Processed 50000/86398 bars...
    Processed 60000/86398 bars...
    Processed 70000/86398 bars...
    Processed 80000/86398 bars...
  ✅ Backtest complete
  → Trades: 6, Net P&L: $-2.96, Win Rate: 50.0%, TP1 Hit: 50.0%

[10/180] Testing: {'donch_len': 10, 'vol_min_mult': 1.5, 'tp1_fee_mult': 1.5, 'tp2_fee_mult': 3.0}

Backtesting BTC-USD...
  BTC-USD: 86398 bars (1m)
  Indicators calculated (4h: 361 bars, 1D: 61 bars)
  Processing 86398 1m bars...
    Processed 10000/86398 bars...
    Processed 20000/86398 bars...
    Processed 30000/86398 bars...
    Processed 40000/86398 bars...
    Processed 50000/86398 bars...
    Processed 60000/86398 bars...
    Processed 70000/86398 bars...
    Processed 80000/86398 bars...
  ✅ Backtest complete
  → Trades: 2, Net P&L: $-2.87, Win Rate: 50.0%, TP1 Hit: 50.0%

[11/180] Testing: {'donch_len': 10, 'vol_min_mult': 1.5, 'tp1_fee_mult': 1.5, 'tp2_fee_mult': 4.0}

Backtesting BTC-USD...
  BTC-USD: 86398 bars (1m)
  Indicators calculated (4h: 361 bars, 1D: 61 bars)
  Processing 86398 1m bars...
    Processed 10000/86398 bars...
    Processed 20000/86398 bars...
    Processed 30000/86398 bars...
    Processed 40000/86398 bars...
    Processed 50000/86398 bars...
    Processed 60000/86398 bars...
    Processed 70000/86398 bars...
    Processed 80000/86398 bars...
  ✅ Backtest complete
  → Trades: 2, Net P&L: $-2.69, Win Rate: 50.0%, TP1 Hit: 50.0%

[12/180] Testing: {'donch_len': 10, 'vol_min_mult': 1.5, 'tp1_fee_mult': 1.5, 'tp2_fee_mult': 5.0}

Backtesting BTC-USD...
  BTC-USD: 86398 bars (1m)
  Indicators calculated (4h: 361 bars, 1D: 61 bars)
  Processing 86398 1m bars...
    Processed 10000/86398 bars...
    Processed 20000/86398 bars...
    Processed 30000/86398 bars...
    Processed 40000/86398 bars...
    Processed 50000/86398 bars...
    Processed 60000/86398 bars...
    Processed 70000/86398 bars...
    Processed 80000/86398 bars...
  ✅ Backtest complete
  → Trades: 2, Net P&L: $-2.37, Win Rate: 50.0%, TP1 Hit: 50.0%

[13/180] Testing: {'donch_len': 10, 'vol_min_mult': 1.5, 'tp1_fee_mult': 2.0, 'tp2_fee_mult': 3.0}

Backtesting BTC-USD...
  BTC-USD: 86398 bars (1m)
  Indicators calculated (4h: 361 bars, 1D: 61 bars)
  Processing 86398 1m bars...
    Processed 10000/86398 bars...
    Processed 20000/86398 bars...
    Processed 30000/86398 bars...
    Processed 40000/86398 bars...
    Processed 50000/86398 bars...
    Processed 60000/86398 bars...
    Processed 70000/86398 bars...
    Processed 80000/86398 bars...
  ✅ Backtest complete
  → Trades: 2, Net P&L: $-2.78, Win Rate: 50.0%, TP1 Hit: 50.0%

[14/180] Testing: {'donch_len': 10, 'vol_min_mult': 1.5, 'tp1_fee_mult': 2.0, 'tp2_fee_mult': 4.0}

Backtesting BTC-USD...
  BTC-USD: 86398 bars (1m)
  Indicators calculated (4h: 361 bars, 1D: 61 bars)
  Processing 86398 1m bars...
    Processed 10000/86398 bars...
    Processed 20000/86398 bars...
    Processed 30000/86398 bars...
    Processed 40000/86398 bars...
    Processed 50000/86398 bars...
    Processed 60000/86398 bars...
    Processed 70000/86398 bars...
    Processed 80000/86398 bars...
  ✅ Backtest complete
  → Trades: 2, Net P&L: $-2.60, Win Rate: 50.0%, TP1 Hit: 50.0%

[15/180] Testing: {'donch_len': 10, 'vol_min_mult': 1.5, 'tp1_fee_mult': 2.0, 'tp2_fee_mult': 5.0}

Backtesting BTC-USD...
  BTC-USD: 86398 bars (1m)
  Indicators calculated (4h: 361 bars, 1D: 61 bars)
  Processing 86398 1m bars...
    Processed 10000/86398 bars...
    Processed 20000/86398 bars...
    Processed 30000/86398 bars...
    Processed 40000/86398 bars...
    Processed 50000/86398 bars...
    Processed 60000/86398 bars...
    Processed 70000/86398 bars...
    Processed 80000/86398 bars...
  ✅ Backtest complete
  → Trades: 2, Net P&L: $-2.28, Win Rate: 50.0%, TP1 Hit: 50.0%

[16/180] Testing: {'donch_len': 10, 'vol_min_mult': 1.5, 'tp1_fee_mult': 2.5, 'tp2_fee_mult': 3.0}

Backtesting BTC-USD...
  BTC-USD: 86398 bars (1m)
  Indicators calculated (4h: 361 bars, 1D: 61 bars)
  Processing 86398 1m bars...
    Processed 10000/86398 bars...
    Processed 20000/86398 bars...
    Processed 30000/86398 bars...
    Processed 40000/86398 bars...
    Processed 50000/86398 bars...
    Processed 60000/86398 bars...
    Processed 70000/86398 bars...
    Processed 80000/86398 bars...
  ✅ Backtest complete
  → Trades: 2, Net P&L: $-2.62, Win Rate: 50.0%, TP1 Hit: 50.0%

[17/180] Testing: {'donch_len': 10, 'vol_min_mult': 1.5, 'tp1_fee_mult': 2.5, 'tp2_fee_mult': 4.0}

Backtesting BTC-USD...
  BTC-USD: 86398 bars (1m)
  Indicators calculated (4h: 361 bars, 1D: 61 bars)
  Processing 86398 1m bars...
    Processed 10000/86398 bars...
    Processed 20000/86398 bars...
    Processed 30000/86398 bars...
    Processed 40000/86398 bars...
    Processed 50000/86398 bars...
    Processed 60000/86398 bars...
    Processed 70000/86398 bars...
    Processed 80000/86398 bars...
  ✅ Backtest complete
  → Trades: 2, Net P&L: $-2.44, Win Rate: 50.0%, TP1 Hit: 50.0%

[18/180] Testing: {'donch_len': 10, 'vol_min_mult': 1.5, 'tp1_fee_mult': 2.5, 'tp2_fee_mult': 5.0}

Backtesting BTC-USD...
  BTC-USD: 86398 bars (1m)
  Indicators calculated (4h: 361 bars, 1D: 61 bars)
  Processing 86398 1m bars...
    Processed 10000/86398 bars...
    Processed 20000/86398 bars...
    Processed 30000/86398 bars...
    Processed 40000/86398 bars...
    Processed 50000/86398 bars...
    Processed 60000/86398 bars...
    Processed 70000/86398 bars...
    Processed 80000/86398 bars...
  ✅ Backtest complete
  → Trades: 2, Net P&L: $-2.12, Win Rate: 50.0%, TP1 Hit: 50.0%

[19/180] Testing: {'donch_len': 10, 'vol_min_mult': 2.0, 'tp1_fee_mult': 1.5, 'tp2_fee_mult': 3.0}

Backtesting BTC-USD...
  BTC-USD: 86398 bars (1m)
  Indicators calculated (4h: 361 bars, 1D: 61 bars)
  Processing 86398 1m bars...
    Processed 10000/86398 bars...
    Processed 20000/86398 bars...
    Processed 30000/86398 bars...
    Processed 40000/86398 bars...
    Processed 50000/86398 bars...
    Processed 60000/86398 bars...
    Processed 70000/86398 bars...
    Processed 80000/86398 bars...
  ✅ Backtest complete
  → Trades: 1, Net P&L: $-0.71, Win Rate: 0.0%, TP1 Hit: 100.0%

[20/180] Testing: {'donch_len': 10, 'vol_min_mult': 2.0, 'tp1_fee_mult': 1.5, 'tp2_fee_mult': 4.0}

Backtesting BTC-USD...
  BTC-USD: 86398 bars (1m)
  Indicators calculated (4h: 361 bars, 1D: 61 bars)
  Processing 86398 1m bars...
    Processed 10000/86398 bars...
    Processed 20000/86398 bars...
    Processed 30000/86398 bars...
    Processed 40000/86398 bars...
    Processed 50000/86398 bars...
    Processed 60000/86398 bars...
    Processed 70000/86398 bars...
    Processed 80000/86398 bars...
  ✅ Backtest complete
  → Trades: 1, Net P&L: $-0.71, Win Rate: 0.0%, TP1 Hit: 100.0%

[21/180] Testing: {'donch_len': 10, 'vol_min_mult': 2.0, 'tp1_fee_mult': 1.5, 'tp2_fee_mult': 5.0}

Backtesting BTC-USD...
  BTC-USD: 86398 bars (1m)
  Indicators calculated (4h: 361 bars, 1D: 61 bars)
  Processing 86398 1m bars...
    Processed 10000/86398 bars...
    Processed 20000/86398 bars...
    Processed 30000/86398 bars...
    Processed 40000/86398 bars...
    Processed 50000/86398 bars...
    Processed 60000/86398 bars...
    Processed 70000/86398 bars...
    Processed 80000/86398 bars...
  ✅ Backtest complete
  → Trades: 1, Net P&L: $-0.71, Win Rate: 0.0%, TP1 Hit: 100.0%

[22/180] Testing: {'donch_len': 10, 'vol_min_mult': 2.0, 'tp1_fee_mult': 2.0, 'tp2_fee_mult': 3.0}

Backtesting BTC-USD...
  BTC-USD: 86398 bars (1m)
  Indicators calculated (4h: 361 bars, 1D: 61 bars)
  Processing 86398 1m bars...
    Processed 10000/86398 bars...
    Processed 20000/86398 bars...
    Processed 30000/86398 bars...
    Processed 40000/86398 bars...
    Processed 50000/86398 bars...
    Processed 60000/86398 bars...
    Processed 70000/86398 bars...
    Processed 80000/86398 bars...
  ✅ Backtest complete
  → Trades: 1, Net P&L: $-0.71, Win Rate: 0.0%, TP1 Hit: 100.0%

[23/180] Testing: {'donch_len': 10, 'vol_min_mult': 2.0, 'tp1_fee_mult': 2.0, 'tp2_fee_mult': 4.0}

Backtesting BTC-USD...
  BTC-USD: 86398 bars (1m)
  Indicators calculated (4h: 361 bars, 1D: 61 bars)
  Processing 86398 1m bars...
    Processed 10000/86398 bars...
    Processed 20000/86398 bars...
    Processed 30000/86398 bars...
    Processed 40000/86398 bars...
    Processed 50000/86398 bars...
    Processed 60000/86398 bars...
    Processed 70000/86398 bars...
    Processed 80000/86398 bars...
  ✅ Backtest complete
  → Trades: 1, Net P&L: $-0.71, Win Rate: 0.0%, TP1 Hit: 100.0%

[24/180] Testing: {'donch_len': 10, 'vol_min_mult': 2.0, 'tp1_fee_mult': 2.0, 'tp2_fee_mult': 5.0}

Backtesting BTC-USD...
  BTC-USD: 86398 bars (1m)
  Indicators calculated (4h: 361 bars, 1D: 61 bars)
  Processing 86398 1m bars...
    Processed 10000/86398 bars...
    Processed 20000/86398 bars...
    Processed 30000/86398 bars...
    Processed 40000/86398 bars...
    Processed 50000/86398 bars...
    Processed 60000/86398 bars...
    Processed 70000/86398 bars...
    Processed 80000/86398 bars...
  ✅ Backtest complete
  → Trades: 1, Net P&L: $-0.71, Win Rate: 0.0%, TP1 Hit: 100.0%

[25/180] Testing: {'donch_len': 10, 'vol_min_mult': 2.0, 'tp1_fee_mult': 2.5, 'tp2_fee_mult': 3.0}

Backtesting BTC-USD...
  BTC-USD: 86398 bars (1m)
  Indicators calculated (4h: 361 bars, 1D: 61 bars)
  Processing 86398 1m bars...
    Processed 10000/86398 bars...
    Processed 20000/86398 bars...
    Processed 30000/86398 bars...
    Processed 40000/86398 bars...
    Processed 50000/86398 bars...
    Processed 60000/86398 bars...
    Processed 70000/86398 bars...
    Processed 80000/86398 bars...
  ✅ Backtest complete
  → Trades: 1, Net P&L: $-4.39, Win Rate: 0.0%, TP1 Hit: 0.0%

[26/180] Testing: {'donch_len': 10, 'vol_min_mult': 2.0, 'tp1_fee_mult': 2.5, 'tp2_fee_mult': 4.0}

Backtesting BTC-USD...
  BTC-USD: 86398 bars (1m)
  Indicators calculated (4h: 361 bars, 1D: 61 bars)
  Processing 86398 1m bars...
    Processed 10000/86398 bars...
    Processed 20000/86398 bars...
    Processed 30000/86398 bars...
    Processed 40000/86398 bars...
    Processed 50000/86398 bars...
    Processed 60000/86398 bars...
    Processed 70000/86398 bars...
    Processed 80000/86398 bars...
  ✅ Backtest complete
  → Trades: 1, Net P&L: $-4.39, Win Rate: 0.0%, TP1 Hit: 0.0%

[27/180] Testing: {'donch_len': 10, 'vol_min_mult': 2.0, 'tp1_fee_mult': 2.5, 'tp2_fee_mult': 5.0}

Backtesting BTC-USD...
  BTC-USD: 86398 bars (1m)
  Indicators calculated (4h: 361 bars, 1D: 61 bars)
  Processing 86398 1m bars...
    Processed 10000/86398 bars...
    Processed 20000/86398 bars...
    Processed 30000/86398 bars...
    Processed 40000/86398 bars...
    Processed 50000/86398 bars...
    Processed 60000/86398 bars...
    Processed 70000/86398 bars...
    Processed 80000/86398 bars...
  ✅ Backtest complete
  → Trades: 1, Net P&L: $-4.39, Win Rate: 0.0%, TP1 Hit: 0.0%

[28/180] Testing: {'donch_len': 10, 'vol_min_mult': 2.5, 'tp1_fee_mult': 1.5, 'tp2_fee_mult': 3.0}

Backtesting BTC-USD...
  BTC-USD: 86398 bars (1m)
  Indicators calculated (4h: 361 bars, 1D: 61 bars)
  Processing 86398 1m bars...
    Processed 10000/86398 bars...
    Processed 20000/86398 bars...
    Processed 30000/86398 bars...
    Processed 40000/86398 bars...
    Processed 50000/86398 bars...
    Processed 60000/86398 bars...
    Processed 70000/86398 bars...
    Processed 80000/86398 bars...
  ✅ Backtest complete
  → Trades: 0, Net P&L: $0.00, Win Rate: 0.0%, TP1 Hit: 0.0%

[29/180] Testing: {'donch_len': 10, 'vol_min_mult': 2.5, 'tp1_fee_mult': 1.5, 'tp2_fee_mult': 4.0}

Backtesting BTC-USD...
  BTC-USD: 86398 bars (1m)
  Indicators calculated (4h: 361 bars, 1D: 61 bars)
  Processing 86398 1m bars...
    Processed 10000/86398 bars...
    Processed 20000/86398 bars...
    Processed 30000/86398 bars...
    Processed 40000/86398 bars...
    Processed 50000/86398 bars...
    Processed 60000/86398 bars...
    Processed 70000/86398 bars...
    Processed 80000/86398 bars...
  ✅ Backtest complete
  → Trades: 0, Net P&L: $0.00, Win Rate: 0.0%, TP1 Hit: 0.0%

[30/180] Testing: {'donch_len': 10, 'vol_min_mult': 2.5, 'tp1_fee_mult': 1.5, 'tp2_fee_mult': 5.0}

Backtesting BTC-USD...
  BTC-USD: 86398 bars (1m)
  Indicators calculated (4h: 361 bars, 1D: 61 bars)
  Processing 86398 1m bars...
    Processed 10000/86398 bars...
    Processed 20000/86398 bars...
    Processed 30000/86398 bars...
    Processed 40000/86398 bars...
    Processed 50000/86398 bars...
    Processed 60000/86398 bars...
    Processed 70000/86398 bars...
    Processed 80000/86398 bars...
  ✅ Backtest complete
  → Trades: 0, Net P&L: $0.00, Win Rate: 0.0%, TP1 Hit: 0.0%

[31/180] Testing: {'donch_len': 10, 'vol_min_mult': 2.5, 'tp1_fee_mult': 2.0, 'tp2_fee_mult': 3.0}

Backtesting BTC-USD...
  BTC-USD: 86398 bars (1m)
  Indicators calculated (4h: 361 bars, 1D: 61 bars)
  Processing 86398 1m bars...
    Processed 10000/86398 bars...
    Processed 20000/86398 bars...
    Processed 30000/86398 bars...
    Processed 40000/86398 bars...
    Processed 50000/86398 bars...
    Processed 60000/86398 bars...
    Processed 70000/86398 bars...
    Processed 80000/86398 bars...
  ✅ Backtest complete
  → Trades: 0, Net P&L: $0.00, Win Rate: 0.0%, TP1 Hit: 0.0%

[32/180] Testing: {'donch_len': 10, 'vol_min_mult': 2.5, 'tp1_fee_mult': 2.0, 'tp2_fee_mult': 4.0}

Backtesting BTC-USD...
  BTC-USD: 86398 bars (1m)
  Indicators calculated (4h: 361 bars, 1D: 61 bars)
  Processing 86398 1m bars...
    Processed 10000/86398 bars...
    Processed 20000/86398 bars...
    Processed 30000/86398 bars...
    Processed 40000/86398 bars...
    Processed 50000/86398 bars...
    Processed 60000/86398 bars...
    Processed 70000/86398 bars...
    Processed 80000/86398 bars...
  ✅ Backtest complete
  → Trades: 0, Net P&L: $0.00, Win Rate: 0.0%, TP1 Hit: 0.0%

[33/180] Testing: {'donch_len': 10, 'vol_min_mult': 2.5, 'tp1_fee_mult': 2.0, 'tp2_fee_mult': 5.0}

Backtesting BTC-USD...
  BTC-USD: 86398 bars (1m)
  Indicators calculated (4h: 361 bars, 1D: 61 bars)
  Processing 86398 1m bars...
    Processed 10000/86398 bars...
    Processed 20000/86398 bars...
    Processed 30000/86398 bars...
    Processed 40000/86398 bars...
    Processed 50000/86398 bars...
    Processed 60000/86398 bars...
    Processed 70000/86398 bars...
    Processed 80000/86398 bars...
  ✅ Backtest complete
  → Trades: 0, Net P&L: $0.00, Win Rate: 0.0%, TP1 Hit: 0.0%

[34/180] Testing: {'donch_len': 10, 'vol_min_mult': 2.5, 'tp1_fee_mult': 2.5, 'tp2_fee_mult': 3.0}

Backtesting BTC-USD...
  BTC-USD: 86398 bars (1m)
  Indicators calculated (4h: 361 bars, 1D: 61 bars)
  Processing 86398 1m bars...
    Processed 10000/86398 bars...
    Processed 20000/86398 bars...
    Processed 30000/86398 bars...
    Processed 40000/86398 bars...
    Processed 50000/86398 bars...
    Processed 60000/86398 bars...
    Processed 70000/86398 bars...
    Processed 80000/86398 bars...
  ✅ Backtest complete
  → Trades: 0, Net P&L: $0.00, Win Rate: 0.0%, TP1 Hit: 0.0%

[35/180] Testing: {'donch_len': 10, 'vol_min_mult': 2.5, 'tp1_fee_mult': 2.5, 'tp2_fee_mult': 4.0}

Backtesting BTC-USD...
  BTC-USD: 86398 bars (1m)
  Indicators calculated (4h: 361 bars, 1D: 61 bars)
  Processing 86398 1m bars...
    Processed 10000/86398 bars...
    Processed 20000/86398 bars...
    Processed 30000/86398 bars...
    Processed 40000/86398 bars...
    Processed 50000/86398 bars...
    Processed 60000/86398 bars...
    Processed 70000/86398 bars...
    Processed 80000/86398 bars...
  ✅ Backtest complete
  → Trades: 0, Net P&L: $0.00, Win Rate: 0.0%, TP1 Hit: 0.0%

[36/180] Testing: {'donch_len': 10, 'vol_min_mult': 2.5, 'tp1_fee_mult': 2.5, 'tp2_fee_mult': 5.0}

Backtesting BTC-USD...
  BTC-USD: 86398 bars (1m)
  Indicators calculated (4h: 361 bars, 1D: 61 bars)
  Processing 86398 1m bars...
    Processed 10000/86398 bars...
    Processed 20000/86398 bars...
    Processed 30000/86398 bars...
    Processed 40000/86398 bars...
    Processed 50000/86398 bars...
    Processed 60000/86398 bars...
    Processed 70000/86398 bars...
    Processed 80000/86398 bars...
  ✅ Backtest complete
  → Trades: 0, Net P&L: $0.00, Win Rate: 0.0%, TP1 Hit: 0.0%

[37/180] Testing: {'donch_len': 15, 'vol_min_mult': 1.0, 'tp1_fee_mult': 1.5, 'tp2_fee_mult': 3.0}

Backtesting BTC-USD...
  BTC-USD: 86398 bars (1m)
  Indicators calculated (4h: 361 bars, 1D: 61 bars)
  Processing 86398 1m bars...
    Processed 10000/86398 bars...
    Processed 20000/86398 bars...
    Processed 30000/86398 bars...
    Processed 40000/86398 bars...
    Processed 50000/86398 bars...
    Processed 60000/86398 bars...
    Processed 70000/86398 bars...
    Processed 80000/86398 bars...
  ✅ Backtest complete
  → Trades: 6, Net P&L: $-10.26, Win Rate: 16.7%, TP1 Hit: 50.0%

[38/180] Testing: {'donch_len': 15, 'vol_min_mult': 1.0, 'tp1_fee_mult': 1.5, 'tp2_fee_mult': 4.0}

Backtesting BTC-USD...
  BTC-USD: 86398 bars (1m)
  Indicators calculated (4h: 361 bars, 1D: 61 bars)
  Processing 86398 1m bars...
    Processed 10000/86398 bars...
    Processed 20000/86398 bars...
    Processed 30000/86398 bars...
    Processed 40000/86398 bars...
    Processed 50000/86398 bars...
    Processed 60000/86398 bars...
    Processed 70000/86398 bars...
    Processed 80000/86398 bars...
  ✅ Backtest complete
  → Trades: 6, Net P&L: $-11.24, Win Rate: 0.0%, TP1 Hit: 50.0%

[39/180] Testing: {'donch_len': 15, 'vol_min_mult': 1.0, 'tp1_fee_mult': 1.5, 'tp2_fee_mult': 5.0}

Backtesting BTC-USD...
  BTC-USD: 86398 bars (1m)
  Indicators calculated (4h: 361 bars, 1D: 61 bars)
  Processing 86398 1m bars...
    Processed 10000/86398 bars...
    Processed 20000/86398 bars...
    Processed 30000/86398 bars...
    Processed 40000/86398 bars...
    Processed 50000/86398 bars...
    Processed 60000/86398 bars...
    Processed 70000/86398 bars...
    Processed 80000/86398 bars...
  ✅ Backtest complete
  → Trades: 6, Net P&L: $-11.24, Win Rate: 0.0%, TP1 Hit: 50.0%

[40/180] Testing: {'donch_len': 15, 'vol_min_mult': 1.0, 'tp1_fee_mult': 2.0, 'tp2_fee_mult': 3.0}

Backtesting BTC-USD...
  BTC-USD: 86398 bars (1m)
  Indicators calculated (4h: 361 bars, 1D: 61 bars)
  Processing 86398 1m bars...
    Processed 10000/86398 bars...
    Processed 20000/86398 bars...
    Processed 30000/86398 bars...
    Processed 40000/86398 bars...
    Processed 50000/86398 bars...
    Processed 60000/86398 bars...
    Processed 70000/86398 bars...
    Processed 80000/86398 bars...
  ✅ Backtest complete
  → Trades: 6, Net P&L: $-10.03, Win Rate: 16.7%, TP1 Hit: 50.0%

[41/180] Testing: {'donch_len': 15, 'vol_min_mult': 1.0, 'tp1_fee_mult': 2.0, 'tp2_fee_mult': 4.0}

Backtesting BTC-USD...
  BTC-USD: 86398 bars (1m)
  Indicators calculated (4h: 361 bars, 1D: 61 bars)
  Processing 86398 1m bars...
    Processed 10000/86398 bars...
    Processed 20000/86398 bars...
    Processed 30000/86398 bars...
    Processed 40000/86398 bars...
    Processed 50000/86398 bars...
    Processed 60000/86398 bars...
    Processed 70000/86398 bars...
    Processed 80000/86398 bars...
  ✅ Backtest complete
  → Trades: 6, Net P&L: $-11.02, Win Rate: 0.0%, TP1 Hit: 50.0%

[42/180] Testing: {'donch_len': 15, 'vol_min_mult': 1.0, 'tp1_fee_mult': 2.0, 'tp2_fee_mult': 5.0}

Backtesting BTC-USD...
  BTC-USD: 86398 bars (1m)
  Indicators calculated (4h: 361 bars, 1D: 61 bars)
  Processing 86398 1m bars...
    Processed 10000/86398 bars...
    Processed 20000/86398 bars...
    Processed 30000/86398 bars...
    Processed 40000/86398 bars...
    Processed 50000/86398 bars...
    Processed 60000/86398 bars...
    Processed 70000/86398 bars...
    Processed 80000/86398 bars...
  ✅ Backtest complete
  → Trades: 6, Net P&L: $-11.02, Win Rate: 0.0%, TP1 Hit: 50.0%

[43/180] Testing: {'donch_len': 15, 'vol_min_mult': 1.0, 'tp1_fee_mult': 2.5, 'tp2_fee_mult': 3.0}

Backtesting BTC-USD...
  BTC-USD: 86398 bars (1m)
  Indicators calculated (4h: 361 bars, 1D: 61 bars)
  Processing 86398 1m bars...
    Processed 10000/86398 bars...
    Processed 20000/86398 bars...
    Processed 30000/86398 bars...
    Processed 40000/86398 bars...
    Processed 50000/86398 bars...
    Processed 60000/86398 bars...
    Processed 70000/86398 bars...
    Processed 80000/86398 bars...
  ✅ Backtest complete
  → Trades: 6, Net P&L: $-12.78, Win Rate: 16.7%, TP1 Hit: 33.3%

[44/180] Testing: {'donch_len': 15, 'vol_min_mult': 1.0, 'tp1_fee_mult': 2.5, 'tp2_fee_mult': 4.0}

Backtesting BTC-USD...
  BTC-USD: 86398 bars (1m)
  Indicators calculated (4h: 361 bars, 1D: 61 bars)
  Processing 86398 1m bars...
    Processed 10000/86398 bars...
    Processed 20000/86398 bars...
    Processed 30000/86398 bars...
    Processed 40000/86398 bars...
    Processed 50000/86398 bars...
    Processed 60000/86398 bars...
    Processed 70000/86398 bars...
    Processed 80000/86398 bars...
  ✅ Backtest complete
  → Trades: 6, Net P&L: $-13.76, Win Rate: 0.0%, TP1 Hit: 33.3%

[45/180] Testing: {'donch_len': 15, 'vol_min_mult': 1.0, 'tp1_fee_mult': 2.5, 'tp2_fee_mult': 5.0}

Backtesting BTC-USD...
  BTC-USD: 86398 bars (1m)
  Indicators calculated (4h: 361 bars, 1D: 61 bars)
  Processing 86398 1m bars...
    Processed 10000/86398 bars...
    Processed 20000/86398 bars...
    Processed 30000/86398 bars...
    Processed 40000/86398 bars...
    Processed 50000/86398 bars...
    Processed 60000/86398 bars...
    Processed 70000/86398 bars...
    Processed 80000/86398 bars...
  ✅ Backtest complete
  → Trades: 6, Net P&L: $-13.76, Win Rate: 0.0%, TP1 Hit: 33.3%

[46/180] Testing: {'donch_len': 15, 'vol_min_mult': 1.5, 'tp1_fee_mult': 1.5, 'tp2_fee_mult': 3.0}

Backtesting BTC-USD...
  BTC-USD: 86398 bars (1m)
  Indicators calculated (4h: 361 bars, 1D: 61 bars)
  Processing 86398 1m bars...
    Processed 10000/86398 bars...
    Processed 20000/86398 bars...
    Processed 30000/86398 bars...
    Processed 40000/86398 bars...
    Processed 50000/86398 bars...
    Processed 60000/86398 bars...
    Processed 70000/86398 bars...
    Processed 80000/86398 bars...
  ✅ Backtest complete
  → Trades: 2, Net P&L: $-3.14, Win Rate: 50.0%, TP1 Hit: 50.0%

[47/180] Testing: {'donch_len': 15, 'vol_min_mult': 1.5, 'tp1_fee_mult': 1.5, 'tp2_fee_mult': 4.0}

Backtesting BTC-USD...
  BTC-USD: 86398 bars (1m)
  Indicators calculated (4h: 361 bars, 1D: 61 bars)
  Processing 86398 1m bars...
    Processed 10000/86398 bars...
    Processed 20000/86398 bars...
    Processed 30000/86398 bars...
    Processed 40000/86398 bars...
    Processed 50000/86398 bars...
    Processed 60000/86398 bars...
    Processed 70000/86398 bars...
    Processed 80000/86398 bars...
  ✅ Backtest complete
  → Trades: 2, Net P&L: $-4.12, Win Rate: 0.0%, TP1 Hit: 50.0%

[48/180] Testing: {'donch_len': 15, 'vol_min_mult': 1.5, 'tp1_fee_mult': 1.5, 'tp2_fee_mult': 5.0}

Backtesting BTC-USD...
  BTC-USD: 86398 bars (1m)
  Indicators calculated (4h: 361 bars, 1D: 61 bars)
  Processing 86398 1m bars...
    Processed 10000/86398 bars...
    Processed 20000/86398 bars...
    Processed 30000/86398 bars...
    Processed 40000/86398 bars...
    Processed 50000/86398 bars...
    Processed 60000/86398 bars...
    Processed 70000/86398 bars...
    Processed 80000/86398 bars...
  ✅ Backtest complete
  → Trades: 2, Net P&L: $-4.12, Win Rate: 0.0%, TP1 Hit: 50.0%

[49/180] Testing: {'donch_len': 15, 'vol_min_mult': 1.5, 'tp1_fee_mult': 2.0, 'tp2_fee_mult': 3.0}

Backtesting BTC-USD...
  BTC-USD: 86398 bars (1m)
  Indicators calculated (4h: 361 bars, 1D: 61 bars)
  Processing 86398 1m bars...
    Processed 10000/86398 bars...
    Processed 20000/86398 bars...
    Processed 30000/86398 bars...
    Processed 40000/86398 bars...
    Processed 50000/86398 bars...
    Processed 60000/86398 bars...
    Processed 70000/86398 bars...
    Processed 80000/86398 bars...
  ✅ Backtest complete
  → Trades: 2, Net P&L: $-3.07, Win Rate: 50.0%, TP1 Hit: 50.0%

[50/180] Testing: {'donch_len': 15, 'vol_min_mult': 1.5, 'tp1_fee_mult': 2.0, 'tp2_fee_mult': 4.0}

Backtesting BTC-USD...
  BTC-USD: 86398 bars (1m)
  Indicators calculated (4h: 361 bars, 1D: 61 bars)
  Processing 86398 1m bars...
    Processed 10000/86398 bars...
    Processed 20000/86398 bars...
    Processed 30000/86398 bars...
    Processed 40000/86398 bars...
    Processed 50000/86398 bars...
    Processed 60000/86398 bars...
    Processed 70000/86398 bars...
    Processed 80000/86398 bars...
  ✅ Backtest complete
  → Trades: 2, Net P&L: $-4.06, Win Rate: 0.0%, TP1 Hit: 50.0%

[51/180] Testing: {'donch_len': 15, 'vol_min_mult': 1.5, 'tp1_fee_mult': 2.0, 'tp2_fee_mult': 5.0}

Backtesting BTC-USD...
  BTC-USD: 86398 bars (1m)
  Indicators calculated (4h: 361 bars, 1D: 61 bars)
  Processing 86398 1m bars...
    Processed 10000/86398 bars...
    Processed 20000/86398 bars...
    Processed 30000/86398 bars...
    Processed 40000/86398 bars...
    Processed 50000/86398 bars...
    Processed 60000/86398 bars...
    Processed 70000/86398 bars...
    Processed 80000/86398 bars...
  ✅ Backtest complete
  → Trades: 2, Net P&L: $-4.06, Win Rate: 0.0%, TP1 Hit: 50.0%

[52/180] Testing: {'donch_len': 15, 'vol_min_mult': 1.5, 'tp1_fee_mult': 2.5, 'tp2_fee_mult': 3.0}

Backtesting BTC-USD...
  BTC-USD: 86398 bars (1m)
  Indicators calculated (4h: 361 bars, 1D: 61 bars)
  Processing 86398 1m bars...
    Processed 10000/86398 bars...
    Processed 20000/86398 bars...
    Processed 30000/86398 bars...
    Processed 40000/86398 bars...
    Processed 50000/86398 bars...
    Processed 60000/86398 bars...
    Processed 70000/86398 bars...
    Processed 80000/86398 bars...
  ✅ Backtest complete
  → Trades: 2, Net P&L: $-2.91, Win Rate: 50.0%, TP1 Hit: 50.0%

[53/180] Testing: {'donch_len': 15, 'vol_min_mult': 1.5, 'tp1_fee_mult': 2.5, 'tp2_fee_mult': 4.0}

Backtesting BTC-USD...
  BTC-USD: 86398 bars (1m)
  Indicators calculated (4h: 361 bars, 1D: 61 bars)
  Processing 86398 1m bars...
    Processed 10000/86398 bars...
    Processed 20000/86398 bars...
    Processed 30000/86398 bars...
    Processed 40000/86398 bars...
    Processed 50000/86398 bars...
    Processed 60000/86398 bars...
    Processed 70000/86398 bars...
    Processed 80000/86398 bars...
  ✅ Backtest complete
  → Trades: 2, Net P&L: $-3.90, Win Rate: 0.0%, TP1 Hit: 50.0%

[54/180] Testing: {'donch_len': 15, 'vol_min_mult': 1.5, 'tp1_fee_mult': 2.5, 'tp2_fee_mult': 5.0}

Backtesting BTC-USD...
  BTC-USD: 86398 bars (1m)
  Indicators calculated (4h: 361 bars, 1D: 61 bars)
  Processing 86398 1m bars...
    Processed 10000/86398 bars...
    Processed 20000/86398 bars...
    Processed 30000/86398 bars...
    Processed 40000/86398 bars...
    Processed 50000/86398 bars...
    Processed 60000/86398 bars...
    Processed 70000/86398 bars...
    Processed 80000/86398 bars...
  ✅ Backtest complete
  → Trades: 2, Net P&L: $-3.90, Win Rate: 0.0%, TP1 Hit: 50.0%

[55/180] Testing: {'donch_len': 15, 'vol_min_mult': 2.0, 'tp1_fee_mult': 1.5, 'tp2_fee_mult': 3.0}

Backtesting BTC-USD...
  BTC-USD: 86398 bars (1m)
  Indicators calculated (4h: 361 bars, 1D: 61 bars)
  Processing 86398 1m bars...
    Processed 10000/86398 bars...
    Processed 20000/86398 bars...
    Processed 30000/86398 bars...
    Processed 40000/86398 bars...
    Processed 50000/86398 bars...
    Processed 60000/86398 bars...
    Processed 70000/86398 bars...
    Processed 80000/86398 bars...
  ✅ Backtest complete
  → Trades: 1, Net P&L: $-0.71, Win Rate: 0.0%, TP1 Hit: 100.0%

[56/180] Testing: {'donch_len': 15, 'vol_min_mult': 2.0, 'tp1_fee_mult': 1.5, 'tp2_fee_mult': 4.0}

Backtesting BTC-USD...
  BTC-USD: 86398 bars (1m)
  Indicators calculated (4h: 361 bars, 1D: 61 bars)
  Processing 86398 1m bars...
    Processed 10000/86398 bars...
    Processed 20000/86398 bars...
    Processed 30000/86398 bars...
    Processed 40000/86398 bars...
    Processed 50000/86398 bars...
    Processed 60000/86398 bars...
    Processed 70000/86398 bars...
    Processed 80000/86398 bars...
  ✅ Backtest complete
  → Trades: 1, Net P&L: $-0.71, Win Rate: 0.0%, TP1 Hit: 100.0%

[57/180] Testing: {'donch_len': 15, 'vol_min_mult': 2.0, 'tp1_fee_mult': 1.5, 'tp2_fee_mult': 5.0}

Backtesting BTC-USD...
  BTC-USD: 86398 bars (1m)
  Indicators calculated (4h: 361 bars, 1D: 61 bars)
  Processing 86398 1m bars...
    Processed 10000/86398 bars...
    Processed 20000/86398 bars...
    Processed 30000/86398 bars...
    Processed 40000/86398 bars...
    Processed 50000/86398 bars...
    Processed 60000/86398 bars...
    Processed 70000/86398 bars...
    Processed 80000/86398 bars...
  ✅ Backtest complete
  → Trades: 1, Net P&L: $-0.71, Win Rate: 0.0%, TP1 Hit: 100.0%

[58/180] Testing: {'donch_len': 15, 'vol_min_mult': 2.0, 'tp1_fee_mult': 2.0, 'tp2_fee_mult': 3.0}

Backtesting BTC-USD...
  BTC-USD: 86398 bars (1m)
  Indicators calculated (4h: 361 bars, 1D: 61 bars)
  Processing 86398 1m bars...
    Processed 10000/86398 bars...
    Processed 20000/86398 bars...
    Processed 30000/86398 bars...
    Processed 40000/86398 bars...
    Processed 50000/86398 bars...
    Processed 60000/86398 bars...
    Processed 70000/86398 bars...
    Processed 80000/86398 bars...
  ✅ Backtest complete
  → Trades: 1, Net P&L: $-0.71, Win Rate: 0.0%, TP1 Hit: 100.0%

[59/180] Testing: {'donch_len': 15, 'vol_min_mult': 2.0, 'tp1_fee_mult': 2.0, 'tp2_fee_mult': 4.0}

Backtesting BTC-USD...
  BTC-USD: 86398 bars (1m)
  Indicators calculated (4h: 361 bars, 1D: 61 bars)
  Processing 86398 1m bars...
    Processed 10000/86398 bars...
    Processed 20000/86398 bars...
    Processed 30000/86398 bars...
    Processed 40000/86398 bars...
    Processed 50000/86398 bars...
    Processed 60000/86398 bars...
    Processed 70000/86398 bars...
    Processed 80000/86398 bars...
  ✅ Backtest complete
  → Trades: 1, Net P&L: $-0.71, Win Rate: 0.0%, TP1 Hit: 100.0%

[60/180] Testing: {'donch_len': 15, 'vol_min_mult': 2.0, 'tp1_fee_mult': 2.0, 'tp2_fee_mult': 5.0}

Backtesting BTC-USD...
  BTC-USD: 86398 bars (1m)
  Indicators calculated (4h: 361 bars, 1D: 61 bars)
  Processing 86398 1m bars...
    Processed 10000/86398 bars...
    Processed 20000/86398 bars...
    Processed 30000/86398 bars...
    Processed 40000/86398 bars...
    Processed 50000/86398 bars...
    Processed 60000/86398 bars...
    Processed 70000/86398 bars...
    Processed 80000/86398 bars...
  ✅ Backtest complete
  → Trades: 1, Net P&L: $-0.71, Win Rate: 0.0%, TP1 Hit: 100.0%

[61/180] Testing: {'donch_len': 15, 'vol_min_mult': 2.0, 'tp1_fee_mult': 2.5, 'tp2_fee_mult': 3.0}

Backtesting BTC-USD...
  BTC-USD: 86398 bars (1m)
  Indicators calculated (4h: 361 bars, 1D: 61 bars)
  Processing 86398 1m bars...
    Processed 10000/86398 bars...
    Processed 20000/86398 bars...
    Processed 30000/86398 bars...
    Processed 40000/86398 bars...
    Processed 50000/86398 bars...
    Processed 60000/86398 bars...
    Processed 70000/86398 bars...
    Processed 80000/86398 bars...
  ✅ Backtest complete
  → Trades: 1, Net P&L: $-4.39, Win Rate: 0.0%, TP1 Hit: 0.0%

[62/180] Testing: {'donch_len': 15, 'vol_min_mult': 2.0, 'tp1_fee_mult': 2.5, 'tp2_fee_mult': 4.0}

Backtesting BTC-USD...
  BTC-USD: 86398 bars (1m)
  Indicators calculated (4h: 361 bars, 1D: 61 bars)
  Processing 86398 1m bars...
    Processed 10000/86398 bars...
    Processed 20000/86398 bars...
    Processed 30000/86398 bars...
    Processed 40000/86398 bars...
    Processed 50000/86398 bars...
    Processed 60000/86398 bars...
    Processed 70000/86398 bars...
    Processed 80000/86398 bars...
  ✅ Backtest complete
  → Trades: 1, Net P&L: $-4.39, Win Rate: 0.0%, TP1 Hit: 0.0%

[63/180] Testing: {'donch_len': 15, 'vol_min_mult': 2.0, 'tp1_fee_mult': 2.5, 'tp2_fee_mult': 5.0}

Backtesting BTC-USD...
  BTC-USD: 86398 bars (1m)
  Indicators calculated (4h: 361 bars, 1D: 61 bars)
  Processing 86398 1m bars...
    Processed 10000/86398 bars...
    Processed 20000/86398 bars...
    Processed 30000/86398 bars...
    Processed 40000/86398 bars...
    Processed 50000/86398 bars...
    Processed 60000/86398 bars...
    Processed 70000/86398 bars...
    Processed 80000/86398 bars...
  ✅ Backtest complete
  → Trades: 1, Net P&L: $-4.39, Win Rate: 0.0%, TP1 Hit: 0.0%

[64/180] Testing: {'donch_len': 15, 'vol_min_mult': 2.5, 'tp1_fee_mult': 1.5, 'tp2_fee_mult': 3.0}

Backtesting BTC-USD...
  BTC-USD: 86398 bars (1m)
  Indicators calculated (4h: 361 bars, 1D: 61 bars)
  Processing 86398 1m bars...
    Processed 10000/86398 bars...
    Processed 20000/86398 bars...
    Processed 30000/86398 bars...
    Processed 40000/86398 bars...
    Processed 50000/86398 bars...
    Processed 60000/86398 bars...
    Processed 70000/86398 bars...
    Processed 80000/86398 bars...
  ✅ Backtest complete
  → Trades: 0, Net P&L: $0.00, Win Rate: 0.0%, TP1 Hit: 0.0%

[65/180] Testing: {'donch_len': 15, 'vol_min_mult': 2.5, 'tp1_fee_mult': 1.5, 'tp2_fee_mult': 4.0}

Backtesting BTC-USD...
  BTC-USD: 86398 bars (1m)
  Indicators calculated (4h: 361 bars, 1D: 61 bars)
  Processing 86398 1m bars...
    Processed 10000/86398 bars...
    Processed 20000/86398 bars...
    Processed 30000/86398 bars...
    Processed 40000/86398 bars...
    Processed 50000/86398 bars...
    Processed 60000/86398 bars...
    Processed 70000/86398 bars...
    Processed 80000/86398 bars...
  ✅ Backtest complete
  → Trades: 0, Net P&L: $0.00, Win Rate: 0.0%, TP1 Hit: 0.0%

[66/180] Testing: {'donch_len': 15, 'vol_min_mult': 2.5, 'tp1_fee_mult': 1.5, 'tp2_fee_mult': 5.0}

Backtesting BTC-USD...
  BTC-USD: 86398 bars (1m)
  Indicators calculated (4h: 361 bars, 1D: 61 bars)
  Processing 86398 1m bars...
    Processed 10000/86398 bars...
    Processed 20000/86398 bars...
    Processed 30000/86398 bars...
    Processed 40000/86398 bars...
    Processed 50000/86398 bars...
    Processed 60000/86398 bars...
    Processed 70000/86398 bars...
    Processed 80000/86398 bars...
  ✅ Backtest complete
  → Trades: 0, Net P&L: $0.00, Win Rate: 0.0%, TP1 Hit: 0.0%

[67/180] Testing: {'donch_len': 15, 'vol_min_mult': 2.5, 'tp1_fee_mult': 2.0, 'tp2_fee_mult': 3.0}

Backtesting BTC-USD...
  BTC-USD: 86398 bars (1m)
  Indicators calculated (4h: 361 bars, 1D: 61 bars)
  Processing 86398 1m bars...
    Processed 10000/86398 bars...
    Processed 20000/86398 bars...
    Processed 30000/86398 bars...
    Processed 40000/86398 bars...
    Processed 50000/86398 bars...
    Processed 60000/86398 bars...
    Processed 70000/86398 bars...
    Processed 80000/86398 bars...
  ✅ Backtest complete
  → Trades: 0, Net P&L: $0.00, Win Rate: 0.0%, TP1 Hit: 0.0%

[68/180] Testing: {'donch_len': 15, 'vol_min_mult': 2.5, 'tp1_fee_mult': 2.0, 'tp2_fee_mult': 4.0}

Backtesting BTC-USD...
  BTC-USD: 86398 bars (1m)
  Indicators calculated (4h: 361 bars, 1D: 61 bars)
  Processing 86398 1m bars...
    Processed 10000/86398 bars...
    Processed 20000/86398 bars...
    Processed 30000/86398 bars...
    Processed 40000/86398 bars...
    Processed 50000/86398 bars...
    Processed 60000/86398 bars...
    Processed 70000/86398 bars...
    Processed 80000/86398 bars...
  ✅ Backtest complete
  → Trades: 0, Net P&L: $0.00, Win Rate: 0.0%, TP1 Hit: 0.0%

[69/180] Testing: {'donch_len': 15, 'vol_min_mult': 2.5, 'tp1_fee_mult': 2.0, 'tp2_fee_mult': 5.0}

Backtesting BTC-USD...
  BTC-USD: 86398 bars (1m)
  Indicators calculated (4h: 361 bars, 1D: 61 bars)
  Processing 86398 1m bars...
    Processed 10000/86398 bars...
    Processed 20000/86398 bars...
    Processed 30000/86398 bars...
    Processed 40000/86398 bars...
    Processed 50000/86398 bars...
    Processed 60000/86398 bars...
    Processed 70000/86398 bars...
    Processed 80000/86398 bars...
  ✅ Backtest complete
  → Trades: 0, Net P&L: $0.00, Win Rate: 0.0%, TP1 Hit: 0.0%

[70/180] Testing: {'donch_len': 15, 'vol_min_mult': 2.5, 'tp1_fee_mult': 2.5, 'tp2_fee_mult': 3.0}

Backtesting BTC-USD...
  BTC-USD: 86398 bars (1m)
  Indicators calculated (4h: 361 bars, 1D: 61 bars)
  Processing 86398 1m bars...
    Processed 10000/86398 bars...
    Processed 20000/86398 bars...
    Processed 30000/86398 bars...
    Processed 40000/86398 bars...
    Processed 50000/86398 bars...
    Processed 60000/86398 bars...
    Processed 70000/86398 bars...
    Processed 80000/86398 bars...
  ✅ Backtest complete
  → Trades: 0, Net P&L: $0.00, Win Rate: 0.0%, TP1 Hit: 0.0%

[71/180] Testing: {'donch_len': 15, 'vol_min_mult': 2.5, 'tp1_fee_mult': 2.5, 'tp2_fee_mult': 4.0}

Backtesting BTC-USD...
  BTC-USD: 86398 bars (1m)
  Indicators calculated (4h: 361 bars, 1D: 61 bars)
  Processing 86398 1m bars...
    Processed 10000/86398 bars...
    Processed 20000/86398 bars...
    Processed 30000/86398 bars...
    Processed 40000/86398 bars...
    Processed 50000/86398 bars...
    Processed 60000/86398 bars...
    Processed 70000/86398 bars...
    Processed 80000/86398 bars...
  ✅ Backtest complete
  → Trades: 0, Net P&L: $0.00, Win Rate: 0.0%, TP1 Hit: 0.0%

[72/180] Testing: {'donch_len': 15, 'vol_min_mult': 2.5, 'tp1_fee_mult': 2.5, 'tp2_fee_mult': 5.0}

Backtesting BTC-USD...
  BTC-USD: 86398 bars (1m)
  Indicators calculated (4h: 361 bars, 1D: 61 bars)
  Processing 86398 1m bars...
    Processed 10000/86398 bars...
    Processed 20000/86398 bars...
    Processed 30000/86398 bars...
    Processed 40000/86398 bars...
    Processed 50000/86398 bars...
    Processed 60000/86398 bars...
    Processed 70000/86398 bars...
    Processed 80000/86398 bars...
  ✅ Backtest complete
  → Trades: 0, Net P&L: $0.00, Win Rate: 0.0%, TP1 Hit: 0.0%

[73/180] Testing: {'donch_len': 20, 'vol_min_mult': 1.0, 'tp1_fee_mult': 1.5, 'tp2_fee_mult': 3.0}

Backtesting BTC-USD...
  BTC-USD: 86398 bars (1m)
  Indicators calculated (4h: 361 bars, 1D: 61 bars)
  Processing 86398 1m bars...
    Processed 10000/86398 bars...
    Processed 20000/86398 bars...
    Processed 30000/86398 bars...
    Processed 40000/86398 bars...
    Processed 50000/86398 bars...
    Processed 60000/86398 bars...
    Processed 70000/86398 bars...
    Processed 80000/86398 bars...
  ✅ Backtest complete
  → Trades: 6, Net P&L: $-17.34, Win Rate: 0.0%, TP1 Hit: 16.7%

[74/180] Testing: {'donch_len': 20, 'vol_min_mult': 1.0, 'tp1_fee_mult': 1.5, 'tp2_fee_mult': 4.0}

Backtesting BTC-USD...
  BTC-USD: 86398 bars (1m)
  Indicators calculated (4h: 361 bars, 1D: 61 bars)
  Processing 86398 1m bars...
    Processed 10000/86398 bars...
    Processed 20000/86398 bars...
    Processed 30000/86398 bars...
    Processed 40000/86398 bars...
    Processed 50000/86398 bars...
    Processed 60000/86398 bars...
    Processed 70000/86398 bars...
    Processed 80000/86398 bars...
  ✅ Backtest complete
  → Trades: 6, Net P&L: $-17.34, Win Rate: 0.0%, TP1 Hit: 16.7%

[75/180] Testing: {'donch_len': 20, 'vol_min_mult': 1.0, 'tp1_fee_mult': 1.5, 'tp2_fee_mult': 5.0}

Backtesting BTC-USD...
  BTC-USD: 86398 bars (1m)
  Indicators calculated (4h: 361 bars, 1D: 61 bars)
  Processing 86398 1m bars...
    Processed 10000/86398 bars...
    Processed 20000/86398 bars...
    Processed 30000/86398 bars...
    Processed 40000/86398 bars...
    Processed 50000/86398 bars...
    Processed 60000/86398 bars...
    Processed 70000/86398 bars...
    Processed 80000/86398 bars...
  ✅ Backtest complete
  → Trades: 6, Net P&L: $-17.34, Win Rate: 0.0%, TP1 Hit: 16.7%

[76/180] Testing: {'donch_len': 20, 'vol_min_mult': 1.0, 'tp1_fee_mult': 2.0, 'tp2_fee_mult': 3.0}

Backtesting BTC-USD...
  BTC-USD: 86398 bars (1m)
  Indicators calculated (4h: 361 bars, 1D: 61 bars)
  Processing 86398 1m bars...
    Processed 10000/86398 bars...
    Processed 20000/86398 bars...
    Processed 30000/86398 bars...
    Processed 40000/86398 bars...
    Processed 50000/86398 bars...
    Processed 60000/86398 bars...
    Processed 70000/86398 bars...
    Processed 80000/86398 bars...
  ✅ Backtest complete
  → Trades: 6, Net P&L: $-17.18, Win Rate: 0.0%, TP1 Hit: 16.7%

[77/180] Testing: {'donch_len': 20, 'vol_min_mult': 1.0, 'tp1_fee_mult': 2.0, 'tp2_fee_mult': 4.0}

Backtesting BTC-USD...
  BTC-USD: 86398 bars (1m)
  Indicators calculated (4h: 361 bars, 1D: 61 bars)
  Processing 86398 1m bars...
    Processed 10000/86398 bars...
    Processed 20000/86398 bars...
    Processed 30000/86398 bars...
    Processed 40000/86398 bars...
    Processed 50000/86398 bars...
    Processed 60000/86398 bars...
    Processed 70000/86398 bars...
    Processed 80000/86398 bars...
  ✅ Backtest complete
  → Trades: 6, Net P&L: $-17.18, Win Rate: 0.0%, TP1 Hit: 16.7%

[78/180] Testing: {'donch_len': 20, 'vol_min_mult': 1.0, 'tp1_fee_mult': 2.0, 'tp2_fee_mult': 5.0}

Backtesting BTC-USD...
  BTC-USD: 86398 bars (1m)
  Indicators calculated (4h: 361 bars, 1D: 61 bars)
  Processing 86398 1m bars...
    Processed 10000/86398 bars...
    Processed 20000/86398 bars...
    Processed 30000/86398 bars...
    Processed 40000/86398 bars...
    Processed 50000/86398 bars...
    Processed 60000/86398 bars...
    Processed 70000/86398 bars...
    Processed 80000/86398 bars...
  ✅ Backtest complete
  → Trades: 6, Net P&L: $-17.18, Win Rate: 0.0%, TP1 Hit: 16.7%

[79/180] Testing: {'donch_len': 20, 'vol_min_mult': 1.0, 'tp1_fee_mult': 2.5, 'tp2_fee_mult': 3.0}

Backtesting BTC-USD...
  BTC-USD: 86398 bars (1m)
  Indicators calculated (4h: 361 bars, 1D: 61 bars)
  Processing 86398 1m bars...
    Processed 10000/86398 bars...
    Processed 20000/86398 bars...
    Processed 30000/86398 bars...
    Processed 40000/86398 bars...
    Processed 50000/86398 bars...
    Processed 60000/86398 bars...
    Processed 70000/86398 bars...
    Processed 80000/86398 bars...
  ✅ Backtest complete
  → Trades: 6, Net P&L: $-17.03, Win Rate: 0.0%, TP1 Hit: 16.7%

[80/180] Testing: {'donch_len': 20, 'vol_min_mult': 1.0, 'tp1_fee_mult': 2.5, 'tp2_fee_mult': 4.0}

Backtesting BTC-USD...
  BTC-USD: 86398 bars (1m)
  Indicators calculated (4h: 361 bars, 1D: 61 bars)
  Processing 86398 1m bars...
    Processed 10000/86398 bars...
    Processed 20000/86398 bars...
    Processed 30000/86398 bars...
    Processed 40000/86398 bars...
    Processed 50000/86398 bars...
    Processed 60000/86398 bars...
    Processed 70000/86398 bars...
    Processed 80000/86398 bars...
  ✅ Backtest complete
  → Trades: 6, Net P&L: $-17.03, Win Rate: 0.0%, TP1 Hit: 16.7%

[81/180] Testing: {'donch_len': 20, 'vol_min_mult': 1.0, 'tp1_fee_mult': 2.5, 'tp2_fee_mult': 5.0}

Backtesting BTC-USD...
  BTC-USD: 86398 bars (1m)
  Indicators calculated (4h: 361 bars, 1D: 61 bars)
  Processing 86398 1m bars...
    Processed 10000/86398 bars...
    Processed 20000/86398 bars...
    Processed 30000/86398 bars...
    Processed 40000/86398 bars...
    Processed 50000/86398 bars...
    Processed 60000/86398 bars...
    Processed 70000/86398 bars...
    Processed 80000/86398 bars...
  ✅ Backtest complete
  → Trades: 6, Net P&L: $-17.03, Win Rate: 0.0%, TP1 Hit: 16.7%

[82/180] Testing: {'donch_len': 20, 'vol_min_mult': 1.5, 'tp1_fee_mult': 1.5, 'tp2_fee_mult': 3.0}

Backtesting BTC-USD...
  BTC-USD: 86398 bars (1m)
  Indicators calculated (4h: 361 bars, 1D: 61 bars)
  Processing 86398 1m bars...
    Processed 10000/86398 bars...
    Processed 20000/86398 bars...
    Processed 30000/86398 bars...
    Processed 40000/86398 bars...
    Processed 50000/86398 bars...
    Processed 60000/86398 bars...
    Processed 70000/86398 bars...
    Processed 80000/86398 bars...
  ✅ Backtest complete
  → Trades: 2, Net P&L: $-4.52, Win Rate: 0.0%, TP1 Hit: 50.0%

[83/180] Testing: {'donch_len': 20, 'vol_min_mult': 1.5, 'tp1_fee_mult': 1.5, 'tp2_fee_mult': 4.0}

Backtesting BTC-USD...
  BTC-USD: 86398 bars (1m)
  Indicators calculated (4h: 361 bars, 1D: 61 bars)
  Processing 86398 1m bars...
    Processed 10000/86398 bars...
    Processed 20000/86398 bars...
    Processed 30000/86398 bars...
    Processed 40000/86398 bars...
    Processed 50000/86398 bars...
    Processed 60000/86398 bars...
    Processed 70000/86398 bars...
    Processed 80000/86398 bars...
  ✅ Backtest complete
  → Trades: 2, Net P&L: $-4.52, Win Rate: 0.0%, TP1 Hit: 50.0%

[84/180] Testing: {'donch_len': 20, 'vol_min_mult': 1.5, 'tp1_fee_mult': 1.5, 'tp2_fee_mult': 5.0}

Backtesting BTC-USD...
  BTC-USD: 86398 bars (1m)
  Indicators calculated (4h: 361 bars, 1D: 61 bars)
  Processing 86398 1m bars...
    Processed 10000/86398 bars...
    Processed 20000/86398 bars...
    Processed 30000/86398 bars...
    Processed 40000/86398 bars...
    Processed 50000/86398 bars...
    Processed 60000/86398 bars...
    Processed 70000/86398 bars...
    Processed 80000/86398 bars...
  ✅ Backtest complete
  → Trades: 2, Net P&L: $-4.52, Win Rate: 0.0%, TP1 Hit: 50.0%

[85/180] Testing: {'donch_len': 20, 'vol_min_mult': 1.5, 'tp1_fee_mult': 2.0, 'tp2_fee_mult': 3.0}

Backtesting BTC-USD...
  BTC-USD: 86398 bars (1m)
  Indicators calculated (4h: 361 bars, 1D: 61 bars)
  Processing 86398 1m bars...
    Processed 10000/86398 bars...
    Processed 20000/86398 bars...
    Processed 30000/86398 bars...
    Processed 40000/86398 bars...
    Processed 50000/86398 bars...
    Processed 60000/86398 bars...
    Processed 70000/86398 bars...
    Processed 80000/86398 bars...
  ✅ Backtest complete
  → Trades: 2, Net P&L: $-4.52, Win Rate: 0.0%, TP1 Hit: 50.0%

[86/180] Testing: {'donch_len': 20, 'vol_min_mult': 1.5, 'tp1_fee_mult': 2.0, 'tp2_fee_mult': 4.0}

Backtesting BTC-USD...
  BTC-USD: 86398 bars (1m)
  Indicators calculated (4h: 361 bars, 1D: 61 bars)
  Processing 86398 1m bars...
    Processed 10000/86398 bars...
    Processed 20000/86398 bars...
    Processed 30000/86398 bars...
    Processed 40000/86398 bars...
    Processed 50000/86398 bars...
    Processed 60000/86398 bars...
    Processed 70000/86398 bars...
    Processed 80000/86398 bars...
  ✅ Backtest complete
  → Trades: 2, Net P&L: $-4.52, Win Rate: 0.0%, TP1 Hit: 50.0%

[87/180] Testing: {'donch_len': 20, 'vol_min_mult': 1.5, 'tp1_fee_mult': 2.0, 'tp2_fee_mult': 5.0}

Backtesting BTC-USD...
  BTC-USD: 86398 bars (1m)
  Indicators calculated (4h: 361 bars, 1D: 61 bars)
  Processing 86398 1m bars...
    Processed 10000/86398 bars...
    Processed 20000/86398 bars...
    Processed 30000/86398 bars...
    Processed 40000/86398 bars...
    Processed 50000/86398 bars...
    Processed 60000/86398 bars...
    Processed 70000/86398 bars...
    Processed 80000/86398 bars...
  ✅ Backtest complete
  → Trades: 2, Net P&L: $-4.52, Win Rate: 0.0%, TP1 Hit: 50.0%

[88/180] Testing: {'donch_len': 20, 'vol_min_mult': 1.5, 'tp1_fee_mult': 2.5, 'tp2_fee_mult': 3.0}

Backtesting BTC-USD...
  BTC-USD: 86398 bars (1m)
  Indicators calculated (4h: 361 bars, 1D: 61 bars)
  Processing 86398 1m bars...
    Processed 10000/86398 bars...
    Processed 20000/86398 bars...
    Processed 30000/86398 bars...
    Processed 40000/86398 bars...
    Processed 50000/86398 bars...
    Processed 60000/86398 bars...
    Processed 70000/86398 bars...
    Processed 80000/86398 bars...
  ✅ Backtest complete
  → Trades: 2, Net P&L: $-4.38, Win Rate: 0.0%, TP1 Hit: 50.0%

[89/180] Testing: {'donch_len': 20, 'vol_min_mult': 1.5, 'tp1_fee_mult': 2.5, 'tp2_fee_mult': 4.0}

Backtesting BTC-USD...
  BTC-USD: 86398 bars (1m)
  Indicators calculated (4h: 361 bars, 1D: 61 bars)
  Processing 86398 1m bars...
    Processed 10000/86398 bars...
    Processed 20000/86398 bars...
    Processed 30000/86398 bars...
    Processed 40000/86398 bars...
    Processed 50000/86398 bars...
    Processed 60000/86398 bars...
    Processed 70000/86398 bars...
    Processed 80000/86398 bars...
  ✅ Backtest complete
  → Trades: 2, Net P&L: $-4.38, Win Rate: 0.0%, TP1 Hit: 50.0%

[90/180] Testing: {'donch_len': 20, 'vol_min_mult': 1.5, 'tp1_fee_mult': 2.5, 'tp2_fee_mult': 5.0}

Backtesting BTC-USD...
  BTC-USD: 86398 bars (1m)
  Indicators calculated (4h: 361 bars, 1D: 61 bars)
  Processing 86398 1m bars...
    Processed 10000/86398 bars...
    Processed 20000/86398 bars...
    Processed 30000/86398 bars...
    Processed 40000/86398 bars...
    Processed 50000/86398 bars...
    Processed 60000/86398 bars...
    Processed 70000/86398 bars...
    Processed 80000/86398 bars...
  ✅ Backtest complete
  → Trades: 2, Net P&L: $-4.38, Win Rate: 0.0%, TP1 Hit: 50.0%

[91/180] Testing: {'donch_len': 20, 'vol_min_mult': 2.0, 'tp1_fee_mult': 1.5, 'tp2_fee_mult': 3.0}

Backtesting BTC-USD...
  BTC-USD: 86398 bars (1m)
  Indicators calculated (4h: 361 bars, 1D: 61 bars)
  Processing 86398 1m bars...
    Processed 10000/86398 bars...
    Processed 20000/86398 bars...
    Processed 30000/86398 bars...
    Processed 40000/86398 bars...
    Processed 50000/86398 bars...
    Processed 60000/86398 bars...
    Processed 70000/86398 bars...
    Processed 80000/86398 bars...
  ✅ Backtest complete
  → Trades: 1, Net P&L: $-0.71, Win Rate: 0.0%, TP1 Hit: 100.0%

[92/180] Testing: {'donch_len': 20, 'vol_min_mult': 2.0, 'tp1_fee_mult': 1.5, 'tp2_fee_mult': 4.0}

Backtesting BTC-USD...
  BTC-USD: 86398 bars (1m)
  Indicators calculated (4h: 361 bars, 1D: 61 bars)
  Processing 86398 1m bars...
    Processed 10000/86398 bars...
    Processed 20000/86398 bars...
    Processed 30000/86398 bars...
    Processed 40000/86398 bars...
    Processed 50000/86398 bars...
    Processed 60000/86398 bars...
    Processed 70000/86398 bars...
    Processed 80000/86398 bars...
  ✅ Backtest complete
  → Trades: 1, Net P&L: $-0.71, Win Rate: 0.0%, TP1 Hit: 100.0%

[93/180] Testing: {'donch_len': 20, 'vol_min_mult': 2.0, 'tp1_fee_mult': 1.5, 'tp2_fee_mult': 5.0}

Backtesting BTC-USD...
  BTC-USD: 86398 bars (1m)
  Indicators calculated (4h: 361 bars, 1D: 61 bars)
  Processing 86398 1m bars...
    Processed 10000/86398 bars...
    Processed 20000/86398 bars...
    Processed 30000/86398 bars...
    Processed 40000/86398 bars...
    Processed 50000/86398 bars...
    Processed 60000/86398 bars...
    Processed 70000/86398 bars...
    Processed 80000/86398 bars...
  ✅ Backtest complete
  → Trades: 1, Net P&L: $-0.71, Win Rate: 0.0%, TP1 Hit: 100.0%

[94/180] Testing: {'donch_len': 20, 'vol_min_mult': 2.0, 'tp1_fee_mult': 2.0, 'tp2_fee_mult': 3.0}

Backtesting BTC-USD...
  BTC-USD: 86398 bars (1m)
  Indicators calculated (4h: 361 bars, 1D: 61 bars)
  Processing 86398 1m bars...
    Processed 10000/86398 bars...
    Processed 20000/86398 bars...
    Processed 30000/86398 bars...
    Processed 40000/86398 bars...
    Processed 50000/86398 bars...
    Processed 60000/86398 bars...
    Processed 70000/86398 bars...
    Processed 80000/86398 bars...
  ✅ Backtest complete
  → Trades: 1, Net P&L: $-0.71, Win Rate: 0.0%, TP1 Hit: 100.0%

[95/180] Testing: {'donch_len': 20, 'vol_min_mult': 2.0, 'tp1_fee_mult': 2.0, 'tp2_fee_mult': 4.0}

Backtesting BTC-USD...
  BTC-USD: 86398 bars (1m)
  Indicators calculated (4h: 361 bars, 1D: 61 bars)
  Processing 86398 1m bars...
    Processed 10000/86398 bars...
    Processed 20000/86398 bars...
    Processed 30000/86398 bars...
    Processed 40000/86398 bars...
    Processed 50000/86398 bars...
    Processed 60000/86398 bars...
    Processed 70000/86398 bars...
    Processed 80000/86398 bars...
  ✅ Backtest complete
  → Trades: 1, Net P&L: $-0.71, Win Rate: 0.0%, TP1 Hit: 100.0%

[96/180] Testing: {'donch_len': 20, 'vol_min_mult': 2.0, 'tp1_fee_mult': 2.0, 'tp2_fee_mult': 5.0}

Backtesting BTC-USD...
  BTC-USD: 86398 bars (1m)
  Indicators calculated (4h: 361 bars, 1D: 61 bars)
  Processing 86398 1m bars...
    Processed 10000/86398 bars...
    Processed 20000/86398 bars...
    Processed 30000/86398 bars...
    Processed 40000/86398 bars...
    Processed 50000/86398 bars...
    Processed 60000/86398 bars...
    Processed 70000/86398 bars...
    Processed 80000/86398 bars...
  ✅ Backtest complete
  → Trades: 1, Net P&L: $-0.71, Win Rate: 0.0%, TP1 Hit: 100.0%

[97/180] Testing: {'donch_len': 20, 'vol_min_mult': 2.0, 'tp1_fee_mult': 2.5, 'tp2_fee_mult': 3.0}

Backtesting BTC-USD...
  BTC-USD: 86398 bars (1m)
  Indicators calculated (4h: 361 bars, 1D: 61 bars)
  Processing 86398 1m bars...
    Processed 10000/86398 bars...
    Processed 20000/86398 bars...
    Processed 30000/86398 bars...
    Processed 40000/86398 bars...
    Processed 50000/86398 bars...
    Processed 60000/86398 bars...
    Processed 70000/86398 bars...
    Processed 80000/86398 bars...
  ✅ Backtest complete
  → Trades: 1, Net P&L: $-4.39, Win Rate: 0.0%, TP1 Hit: 0.0%

[98/180] Testing: {'donch_len': 20, 'vol_min_mult': 2.0, 'tp1_fee_mult': 2.5, 'tp2_fee_mult': 4.0}

Backtesting BTC-USD...
  BTC-USD: 86398 bars (1m)
  Indicators calculated (4h: 361 bars, 1D: 61 bars)
  Processing 86398 1m bars...
    Processed 10000/86398 bars...
    Processed 20000/86398 bars...
    Processed 30000/86398 bars...
    Processed 40000/86398 bars...
    Processed 50000/86398 bars...
    Processed 60000/86398 bars...
    Processed 70000/86398 bars...
    Processed 80000/86398 bars...
  ✅ Backtest complete
  → Trades: 1, Net P&L: $-4.39, Win Rate: 0.0%, TP1 Hit: 0.0%

[99/180] Testing: {'donch_len': 20, 'vol_min_mult': 2.0, 'tp1_fee_mult': 2.5, 'tp2_fee_mult': 5.0}

Backtesting BTC-USD...
  BTC-USD: 86398 bars (1m)
  Indicators calculated (4h: 361 bars, 1D: 61 bars)
  Processing 86398 1m bars...
    Processed 10000/86398 bars...
    Processed 20000/86398 bars...
    Processed 30000/86398 bars...
    Processed 40000/86398 bars...
    Processed 50000/86398 bars...
    Processed 60000/86398 bars...
    Processed 70000/86398 bars...
    Processed 80000/86398 bars...
  ✅ Backtest complete
  → Trades: 1, Net P&L: $-4.39, Win Rate: 0.0%, TP1 Hit: 0.0%

[100/180] Testing: {'donch_len': 20, 'vol_min_mult': 2.5, 'tp1_fee_mult': 1.5, 'tp2_fee_mult': 3.0}

Backtesting BTC-USD...
  BTC-USD: 86398 bars (1m)
  Indicators calculated (4h: 361 bars, 1D: 61 bars)
  Processing 86398 1m bars...
    Processed 10000/86398 bars...
    Processed 20000/86398 bars...
    Processed 30000/86398 bars...
    Processed 40000/86398 bars...
    Processed 50000/86398 bars...
    Processed 60000/86398 bars...
    Processed 70000/86398 bars...
    Processed 80000/86398 bars...
  ✅ Backtest complete
  → Trades: 0, Net P&L: $0.00, Win Rate: 0.0%, TP1 Hit: 0.0%

[101/180] Testing: {'donch_len': 20, 'vol_min_mult': 2.5, 'tp1_fee_mult': 1.5, 'tp2_fee_mult': 4.0}

Backtesting BTC-USD...
  BTC-USD: 86398 bars (1m)
  Indicators calculated (4h: 361 bars, 1D: 61 bars)
  Processing 86398 1m bars...
    Processed 10000/86398 bars...
    Processed 20000/86398 bars...
    Processed 30000/86398 bars...
    Processed 40000/86398 bars...
    Processed 50000/86398 bars...
    Processed 60000/86398 bars...
    Processed 70000/86398 bars...
    Processed 80000/86398 bars...
  ✅ Backtest complete
  → Trades: 0, Net P&L: $0.00, Win Rate: 0.0%, TP1 Hit: 0.0%

[102/180] Testing: {'donch_len': 20, 'vol_min_mult': 2.5, 'tp1_fee_mult': 1.5, 'tp2_fee_mult': 5.0}

Backtesting BTC-USD...
  BTC-USD: 86398 bars (1m)
  Indicators calculated (4h: 361 bars, 1D: 61 bars)
  Processing 86398 1m bars...
    Processed 10000/86398 bars...
    Processed 20000/86398 bars...
    Processed 30000/86398 bars...
    Processed 40000/86398 bars...
    Processed 50000/86398 bars...
    Processed 60000/86398 bars...
    Processed 70000/86398 bars...
    Processed 80000/86398 bars...
  ✅ Backtest complete
  → Trades: 0, Net P&L: $0.00, Win Rate: 0.0%, TP1 Hit: 0.0%

[103/180] Testing: {'donch_len': 20, 'vol_min_mult': 2.5, 'tp1_fee_mult': 2.0, 'tp2_fee_mult': 3.0}

Backtesting BTC-USD...
  BTC-USD: 86398 bars (1m)
  Indicators calculated (4h: 361 bars, 1D: 61 bars)
  Processing 86398 1m bars...
    Processed 10000/86398 bars...
    Processed 20000/86398 bars...
    Processed 30000/86398 bars...
    Processed 40000/86398 bars...
    Processed 50000/86398 bars...
    Processed 60000/86398 bars...
    Processed 70000/86398 bars...
    Processed 80000/86398 bars...
  ✅ Backtest complete
  → Trades: 0, Net P&L: $0.00, Win Rate: 0.0%, TP1 Hit: 0.0%

[104/180] Testing: {'donch_len': 20, 'vol_min_mult': 2.5, 'tp1_fee_mult': 2.0, 'tp2_fee_mult': 4.0}

Backtesting BTC-USD...
  BTC-USD: 86398 bars (1m)
  Indicators calculated (4h: 361 bars, 1D: 61 bars)
  Processing 86398 1m bars...
    Processed 10000/86398 bars...
    Processed 20000/86398 bars...
    Processed 30000/86398 bars...
    Processed 40000/86398 bars...
    Processed 50000/86398 bars...
    Processed 60000/86398 bars...
    Processed 70000/86398 bars...
    Processed 80000/86398 bars...
  ✅ Backtest complete
  → Trades: 0, Net P&L: $0.00, Win Rate: 0.0%, TP1 Hit: 0.0%

[105/180] Testing: {'donch_len': 20, 'vol_min_mult': 2.5, 'tp1_fee_mult': 2.0, 'tp2_fee_mult': 5.0}

Backtesting BTC-USD...
  BTC-USD: 86398 bars (1m)
  Indicators calculated (4h: 361 bars, 1D: 61 bars)
  Processing 86398 1m bars...
    Processed 10000/86398 bars...
    Processed 20000/86398 bars...
    Processed 30000/86398 bars...
    Processed 40000/86398 bars...
    Processed 50000/86398 bars...
    Processed 60000/86398 bars...
    Processed 70000/86398 bars...
    Processed 80000/86398 bars...
  ✅ Backtest complete
  → Trades: 0, Net P&L: $0.00, Win Rate: 0.0%, TP1 Hit: 0.0%

[106/180] Testing: {'donch_len': 20, 'vol_min_mult': 2.5, 'tp1_fee_mult': 2.5, 'tp2_fee_mult': 3.0}

Backtesting BTC-USD...
  BTC-USD: 86398 bars (1m)
  Indicators calculated (4h: 361 bars, 1D: 61 bars)
  Processing 86398 1m bars...
    Processed 10000/86398 bars...
    Processed 20000/86398 bars...
    Processed 30000/86398 bars...
    Processed 40000/86398 bars...
    Processed 50000/86398 bars...
    Processed 60000/86398 bars...
    Processed 70000/86398 bars...
    Processed 80000/86398 bars...
  ✅ Backtest complete
  → Trades: 0, Net P&L: $0.00, Win Rate: 0.0%, TP1 Hit: 0.0%

[107/180] Testing: {'donch_len': 20, 'vol_min_mult': 2.5, 'tp1_fee_mult': 2.5, 'tp2_fee_mult': 4.0}

Backtesting BTC-USD...
  BTC-USD: 86398 bars (1m)
  Indicators calculated (4h: 361 bars, 1D: 61 bars)
  Processing 86398 1m bars...
    Processed 10000/86398 bars...
    Processed 20000/86398 bars...
    Processed 30000/86398 bars...
    Processed 40000/86398 bars...
    Processed 50000/86398 bars...
    Processed 60000/86398 bars...
    Processed 70000/86398 bars...
    Processed 80000/86398 bars...
  ✅ Backtest complete
  → Trades: 0, Net P&L: $0.00, Win Rate: 0.0%, TP1 Hit: 0.0%

[108/180] Testing: {'donch_len': 20, 'vol_min_mult': 2.5, 'tp1_fee_mult': 2.5, 'tp2_fee_mult': 5.0}

Backtesting BTC-USD...
  BTC-USD: 86398 bars (1m)
  Indicators calculated (4h: 361 bars, 1D: 61 bars)
  Processing 86398 1m bars...
    Processed 10000/86398 bars...
    Processed 20000/86398 bars...
    Processed 30000/86398 bars...
    Processed 40000/86398 bars...
    Processed 50000/86398 bars...
    Processed 60000/86398 bars...
    Processed 70000/86398 bars...
    Processed 80000/86398 bars...
  ✅ Backtest complete
  → Trades: 0, Net P&L: $0.00, Win Rate: 0.0%, TP1 Hit: 0.0%

[109/180] Testing: {'donch_len': 25, 'vol_min_mult': 1.0, 'tp1_fee_mult': 1.5, 'tp2_fee_mult': 3.0}

Backtesting BTC-USD...
  BTC-USD: 86398 bars (1m)
  Indicators calculated (4h: 361 bars, 1D: 61 bars)
  Processing 86398 1m bars...
    Processed 10000/86398 bars...
    Processed 20000/86398 bars...
    Processed 30000/86398 bars...
    Processed 40000/86398 bars...
    Processed 50000/86398 bars...
    Processed 60000/86398 bars...
    Processed 70000/86398 bars...
    Processed 80000/86398 bars...
  ✅ Backtest complete
  → Trades: 6, Net P&L: $-17.18, Win Rate: 0.0%, TP1 Hit: 16.7%

[110/180] Testing: {'donch_len': 25, 'vol_min_mult': 1.0, 'tp1_fee_mult': 1.5, 'tp2_fee_mult': 4.0}

Backtesting BTC-USD...
  BTC-USD: 86398 bars (1m)
  Indicators calculated (4h: 361 bars, 1D: 61 bars)
  Processing 86398 1m bars...
    Processed 10000/86398 bars...
    Processed 20000/86398 bars...
    Processed 30000/86398 bars...
    Processed 40000/86398 bars...
    Processed 50000/86398 bars...
    Processed 60000/86398 bars...
    Processed 70000/86398 bars...
    Processed 80000/86398 bars...
  ✅ Backtest complete
  → Trades: 6, Net P&L: $-17.18, Win Rate: 0.0%, TP1 Hit: 16.7%

[111/180] Testing: {'donch_len': 25, 'vol_min_mult': 1.0, 'tp1_fee_mult': 1.5, 'tp2_fee_mult': 5.0}

Backtesting BTC-USD...
  BTC-USD: 86398 bars (1m)
  Indicators calculated (4h: 361 bars, 1D: 61 bars)
  Processing 86398 1m bars...
    Processed 10000/86398 bars...
    Processed 20000/86398 bars...
    Processed 30000/86398 bars...
    Processed 40000/86398 bars...
    Processed 50000/86398 bars...
    Processed 60000/86398 bars...
    Processed 70000/86398 bars...
    Processed 80000/86398 bars...
  ✅ Backtest complete
  → Trades: 6, Net P&L: $-17.18, Win Rate: 0.0%, TP1 Hit: 16.7%

[112/180] Testing: {'donch_len': 25, 'vol_min_mult': 1.0, 'tp1_fee_mult': 2.0, 'tp2_fee_mult': 3.0}

Backtesting BTC-USD...
  BTC-USD: 86398 bars (1m)
  Indicators calculated (4h: 361 bars, 1D: 61 bars)
  Processing 86398 1m bars...
    Processed 10000/86398 bars...
    Processed 20000/86398 bars...
    Processed 30000/86398 bars...
    Processed 40000/86398 bars...
    Processed 50000/86398 bars...
    Processed 60000/86398 bars...
    Processed 70000/86398 bars...
    Processed 80000/86398 bars...
  ✅ Backtest complete
  → Trades: 6, Net P&L: $-17.18, Win Rate: 0.0%, TP1 Hit: 16.7%

[113/180] Testing: {'donch_len': 25, 'vol_min_mult': 1.0, 'tp1_fee_mult': 2.0, 'tp2_fee_mult': 4.0}

Backtesting BTC-USD...
  BTC-USD: 86398 bars (1m)
  Indicators calculated (4h: 361 bars, 1D: 61 bars)
  Processing 86398 1m bars...
    Processed 10000/86398 bars...
    Processed 20000/86398 bars...
    Processed 30000/86398 bars...
    Processed 40000/86398 bars...
    Processed 50000/86398 bars...
    Processed 60000/86398 bars...
    Processed 70000/86398 bars...
    Processed 80000/86398 bars...
  ✅ Backtest complete
  → Trades: 6, Net P&L: $-17.18, Win Rate: 0.0%, TP1 Hit: 16.7%

[114/180] Testing: {'donch_len': 25, 'vol_min_mult': 1.0, 'tp1_fee_mult': 2.0, 'tp2_fee_mult': 5.0}

Backtesting BTC-USD...
  BTC-USD: 86398 bars (1m)
  Indicators calculated (4h: 361 bars, 1D: 61 bars)
  Processing 86398 1m bars...
    Processed 10000/86398 bars...
    Processed 20000/86398 bars...
    Processed 30000/86398 bars...
    Processed 40000/86398 bars...
    Processed 50000/86398 bars...
    Processed 60000/86398 bars...
    Processed 70000/86398 bars...
    Processed 80000/86398 bars...
  ✅ Backtest complete
  → Trades: 6, Net P&L: $-17.18, Win Rate: 0.0%, TP1 Hit: 16.7%

[115/180] Testing: {'donch_len': 25, 'vol_min_mult': 1.0, 'tp1_fee_mult': 2.5, 'tp2_fee_mult': 3.0}

Backtesting BTC-USD...
  BTC-USD: 86398 bars (1m)
  Indicators calculated (4h: 361 bars, 1D: 61 bars)
  Processing 86398 1m bars...
    Processed 10000/86398 bars...
    Processed 20000/86398 bars...
    Processed 30000/86398 bars...
    Processed 40000/86398 bars...
    Processed 50000/86398 bars...
    Processed 60000/86398 bars...
    Processed 70000/86398 bars...
    Processed 80000/86398 bars...
  ✅ Backtest complete
  → Trades: 6, Net P&L: $-17.03, Win Rate: 0.0%, TP1 Hit: 16.7%

[116/180] Testing: {'donch_len': 25, 'vol_min_mult': 1.0, 'tp1_fee_mult': 2.5, 'tp2_fee_mult': 4.0}

Backtesting BTC-USD...
  BTC-USD: 86398 bars (1m)
  Indicators calculated (4h: 361 bars, 1D: 61 bars)
  Processing 86398 1m bars...
    Processed 10000/86398 bars...
    Processed 20000/86398 bars...
    Processed 30000/86398 bars...
    Processed 40000/86398 bars...
    Processed 50000/86398 bars...
    Processed 60000/86398 bars...
    Processed 70000/86398 bars...
    Processed 80000/86398 bars...
  ✅ Backtest complete
  → Trades: 6, Net P&L: $-17.03, Win Rate: 0.0%, TP1 Hit: 16.7%

[117/180] Testing: {'donch_len': 25, 'vol_min_mult': 1.0, 'tp1_fee_mult': 2.5, 'tp2_fee_mult': 5.0}

Backtesting BTC-USD...
  BTC-USD: 86398 bars (1m)
  Indicators calculated (4h: 361 bars, 1D: 61 bars)
  Processing 86398 1m bars...
    Processed 10000/86398 bars...
    Processed 20000/86398 bars...
    Processed 30000/86398 bars...
    Processed 40000/86398 bars...
    Processed 50000/86398 bars...
    Processed 60000/86398 bars...
    Processed 70000/86398 bars...
    Processed 80000/86398 bars...
  ✅ Backtest complete
  → Trades: 6, Net P&L: $-17.03, Win Rate: 0.0%, TP1 Hit: 16.7%

[118/180] Testing: {'donch_len': 25, 'vol_min_mult': 1.5, 'tp1_fee_mult': 1.5, 'tp2_fee_mult': 3.0}

Backtesting BTC-USD...
  BTC-USD: 86398 bars (1m)
  Indicators calculated (4h: 361 bars, 1D: 61 bars)
  Processing 86398 1m bars...
    Processed 10000/86398 bars...
    Processed 20000/86398 bars...
    Processed 30000/86398 bars...
    Processed 40000/86398 bars...
    Processed 50000/86398 bars...
    Processed 60000/86398 bars...
    Processed 70000/86398 bars...
    Processed 80000/86398 bars...
  ✅ Backtest complete
  → Trades: 2, Net P&L: $-4.52, Win Rate: 0.0%, TP1 Hit: 50.0%

[119/180] Testing: {'donch_len': 25, 'vol_min_mult': 1.5, 'tp1_fee_mult': 1.5, 'tp2_fee_mult': 4.0}

Backtesting BTC-USD...
  BTC-USD: 86398 bars (1m)
  Indicators calculated (4h: 361 bars, 1D: 61 bars)
  Processing 86398 1m bars...
    Processed 10000/86398 bars...
    Processed 20000/86398 bars...
    Processed 30000/86398 bars...
    Processed 40000/86398 bars...
    Processed 50000/86398 bars...
    Processed 60000/86398 bars...
    Processed 70000/86398 bars...
    Processed 80000/86398 bars...
  ✅ Backtest complete
  → Trades: 2, Net P&L: $-4.52, Win Rate: 0.0%, TP1 Hit: 50.0%

[120/180] Testing: {'donch_len': 25, 'vol_min_mult': 1.5, 'tp1_fee_mult': 1.5, 'tp2_fee_mult': 5.0}

Backtesting BTC-USD...
  BTC-USD: 86398 bars (1m)
  Indicators calculated (4h: 361 bars, 1D: 61 bars)
  Processing 86398 1m bars...
    Processed 10000/86398 bars...
    Processed 20000/86398 bars...
    Processed 30000/86398 bars...
    Processed 40000/86398 bars...
    Processed 50000/86398 bars...
    Processed 60000/86398 bars...
    Processed 70000/86398 bars...
    Processed 80000/86398 bars...
  ✅ Backtest complete
  → Trades: 2, Net P&L: $-4.52, Win Rate: 0.0%, TP1 Hit: 50.0%

[121/180] Testing: {'donch_len': 25, 'vol_min_mult': 1.5, 'tp1_fee_mult': 2.0, 'tp2_fee_mult': 3.0}

Backtesting BTC-USD...
  BTC-USD: 86398 bars (1m)
  Indicators calculated (4h: 361 bars, 1D: 61 bars)
  Processing 86398 1m bars...
    Processed 10000/86398 bars...
    Processed 20000/86398 bars...
    Processed 30000/86398 bars...
    Processed 40000/86398 bars...
    Processed 50000/86398 bars...
    Processed 60000/86398 bars...
    Processed 70000/86398 bars...
    Processed 80000/86398 bars...
  ✅ Backtest complete
  → Trades: 2, Net P&L: $-4.52, Win Rate: 0.0%, TP1 Hit: 50.0%

[122/180] Testing: {'donch_len': 25, 'vol_min_mult': 1.5, 'tp1_fee_mult': 2.0, 'tp2_fee_mult': 4.0}

Backtesting BTC-USD...
  BTC-USD: 86398 bars (1m)
  Indicators calculated (4h: 361 bars, 1D: 61 bars)
  Processing 86398 1m bars...
    Processed 10000/86398 bars...
    Processed 20000/86398 bars...
    Processed 30000/86398 bars...
    Processed 40000/86398 bars...
    Processed 50000/86398 bars...
    Processed 60000/86398 bars...
    Processed 70000/86398 bars...
    Processed 80000/86398 bars...
  ✅ Backtest complete
  → Trades: 2, Net P&L: $-4.52, Win Rate: 0.0%, TP1 Hit: 50.0%

[123/180] Testing: {'donch_len': 25, 'vol_min_mult': 1.5, 'tp1_fee_mult': 2.0, 'tp2_fee_mult': 5.0}

Backtesting BTC-USD...
  BTC-USD: 86398 bars (1m)
  Indicators calculated (4h: 361 bars, 1D: 61 bars)
  Processing 86398 1m bars...
    Processed 10000/86398 bars...
    Processed 20000/86398 bars...
    Processed 30000/86398 bars...
    Processed 40000/86398 bars...
    Processed 50000/86398 bars...
    Processed 60000/86398 bars...
    Processed 70000/86398 bars...
    Processed 80000/86398 bars...
  ✅ Backtest complete
  → Trades: 2, Net P&L: $-4.52, Win Rate: 0.0%, TP1 Hit: 50.0%

[124/180] Testing: {'donch_len': 25, 'vol_min_mult': 1.5, 'tp1_fee_mult': 2.5, 'tp2_fee_mult': 3.0}

Backtesting BTC-USD...
  BTC-USD: 86398 bars (1m)
  Indicators calculated (4h: 361 bars, 1D: 61 bars)
  Processing 86398 1m bars...
    Processed 10000/86398 bars...
    Processed 20000/86398 bars...
    Processed 30000/86398 bars...
    Processed 40000/86398 bars...
    Processed 50000/86398 bars...
    Processed 60000/86398 bars...
    Processed 70000/86398 bars...
    Processed 80000/86398 bars...
  ✅ Backtest complete
  → Trades: 2, Net P&L: $-4.38, Win Rate: 0.0%, TP1 Hit: 50.0%

[125/180] Testing: {'donch_len': 25, 'vol_min_mult': 1.5, 'tp1_fee_mult': 2.5, 'tp2_fee_mult': 4.0}

Backtesting BTC-USD...
  BTC-USD: 86398 bars (1m)
  Indicators calculated (4h: 361 bars, 1D: 61 bars)
  Processing 86398 1m bars...
    Processed 10000/86398 bars...
    Processed 20000/86398 bars...
    Processed 30000/86398 bars...
    Processed 40000/86398 bars...
    Processed 50000/86398 bars...
    Processed 60000/86398 bars...
    Processed 70000/86398 bars...
    Processed 80000/86398 bars...
  ✅ Backtest complete
  → Trades: 2, Net P&L: $-4.38, Win Rate: 0.0%, TP1 Hit: 50.0%

[126/180] Testing: {'donch_len': 25, 'vol_min_mult': 1.5, 'tp1_fee_mult': 2.5, 'tp2_fee_mult': 5.0}

Backtesting BTC-USD...
  BTC-USD: 86398 bars (1m)
  Indicators calculated (4h: 361 bars, 1D: 61 bars)
  Processing 86398 1m bars...
    Processed 10000/86398 bars...
    Processed 20000/86398 bars...
    Processed 30000/86398 bars...
    Processed 40000/86398 bars...
    Processed 50000/86398 bars...
    Processed 60000/86398 bars...
    Processed 70000/86398 bars...
    Processed 80000/86398 bars...
  ✅ Backtest complete
  → Trades: 2, Net P&L: $-4.38, Win Rate: 0.0%, TP1 Hit: 50.0%

[127/180] Testing: {'donch_len': 25, 'vol_min_mult': 2.0, 'tp1_fee_mult': 1.5, 'tp2_fee_mult': 3.0}

Backtesting BTC-USD...
  BTC-USD: 86398 bars (1m)
  Indicators calculated (4h: 361 bars, 1D: 61 bars)
  Processing 86398 1m bars...
    Processed 10000/86398 bars...
    Processed 20000/86398 bars...
    Processed 30000/86398 bars...
    Processed 40000/86398 bars...
    Processed 50000/86398 bars...
    Processed 60000/86398 bars...
    Processed 70000/86398 bars...
    Processed 80000/86398 bars...
  ✅ Backtest complete
  → Trades: 1, Net P&L: $-0.71, Win Rate: 0.0%, TP1 Hit: 100.0%

[128/180] Testing: {'donch_len': 25, 'vol_min_mult': 2.0, 'tp1_fee_mult': 1.5, 'tp2_fee_mult': 4.0}

Backtesting BTC-USD...
  BTC-USD: 86398 bars (1m)
  Indicators calculated (4h: 361 bars, 1D: 61 bars)
  Processing 86398 1m bars...
    Processed 10000/86398 bars...
    Processed 20000/86398 bars...
    Processed 30000/86398 bars...
    Processed 40000/86398 bars...
    Processed 50000/86398 bars...
    Processed 60000/86398 bars...
    Processed 70000/86398 bars...
    Processed 80000/86398 bars...
  ✅ Backtest complete
  → Trades: 1, Net P&L: $-0.71, Win Rate: 0.0%, TP1 Hit: 100.0%

[129/180] Testing: {'donch_len': 25, 'vol_min_mult': 2.0, 'tp1_fee_mult': 1.5, 'tp2_fee_mult': 5.0}

Backtesting BTC-USD...
  BTC-USD: 86398 bars (1m)
  Indicators calculated (4h: 361 bars, 1D: 61 bars)
  Processing 86398 1m bars...
    Processed 10000/86398 bars...
    Processed 20000/86398 bars...
    Processed 30000/86398 bars...
    Processed 40000/86398 bars...
    Processed 50000/86398 bars...
    Processed 60000/86398 bars...
    Processed 70000/86398 bars...
    Processed 80000/86398 bars...
  ✅ Backtest complete
  → Trades: 1, Net P&L: $-0.71, Win Rate: 0.0%, TP1 Hit: 100.0%

[130/180] Testing: {'donch_len': 25, 'vol_min_mult': 2.0, 'tp1_fee_mult': 2.0, 'tp2_fee_mult': 3.0}

Backtesting BTC-USD...
  BTC-USD: 86398 bars (1m)
  Indicators calculated (4h: 361 bars, 1D: 61 bars)
  Processing 86398 1m bars...
    Processed 10000/86398 bars...
    Processed 20000/86398 bars...
    Processed 30000/86398 bars...
    Processed 40000/86398 bars...
    Processed 50000/86398 bars...
    Processed 60000/86398 bars...
    Processed 70000/86398 bars...
    Processed 80000/86398 bars...
  ✅ Backtest complete
  → Trades: 1, Net P&L: $-0.71, Win Rate: 0.0%, TP1 Hit: 100.0%

[131/180] Testing: {'donch_len': 25, 'vol_min_mult': 2.0, 'tp1_fee_mult': 2.0, 'tp2_fee_mult': 4.0}

Backtesting BTC-USD...
  BTC-USD: 86398 bars (1m)
  Indicators calculated (4h: 361 bars, 1D: 61 bars)
  Processing 86398 1m bars...
    Processed 10000/86398 bars...
    Processed 20000/86398 bars...
    Processed 30000/86398 bars...
    Processed 40000/86398 bars...
    Processed 50000/86398 bars...
    Processed 60000/86398 bars...
    Processed 70000/86398 bars...
    Processed 80000/86398 bars...
  ✅ Backtest complete
  → Trades: 1, Net P&L: $-0.71, Win Rate: 0.0%, TP1 Hit: 100.0%

[132/180] Testing: {'donch_len': 25, 'vol_min_mult': 2.0, 'tp1_fee_mult': 2.0, 'tp2_fee_mult': 5.0}

Backtesting BTC-USD...
  BTC-USD: 86398 bars (1m)
  Indicators calculated (4h: 361 bars, 1D: 61 bars)
  Processing 86398 1m bars...
    Processed 10000/86398 bars...
    Processed 20000/86398 bars...
    Processed 30000/86398 bars...
    Processed 40000/86398 bars...
    Processed 50000/86398 bars...
    Processed 60000/86398 bars...
    Processed 70000/86398 bars...
    Processed 80000/86398 bars...
  ✅ Backtest complete
  → Trades: 1, Net P&L: $-0.71, Win Rate: 0.0%, TP1 Hit: 100.0%

[133/180] Testing: {'donch_len': 25, 'vol_min_mult': 2.0, 'tp1_fee_mult': 2.5, 'tp2_fee_mult': 3.0}

Backtesting BTC-USD...
  BTC-USD: 86398 bars (1m)
  Indicators calculated (4h: 361 bars, 1D: 61 bars)
  Processing 86398 1m bars...
    Processed 10000/86398 bars...
    Processed 20000/86398 bars...
    Processed 30000/86398 bars...
    Processed 40000/86398 bars...
    Processed 50000/86398 bars...
    Processed 60000/86398 bars...
    Processed 70000/86398 bars...
    Processed 80000/86398 bars...
  ✅ Backtest complete
  → Trades: 1, Net P&L: $-4.39, Win Rate: 0.0%, TP1 Hit: 0.0%

[134/180] Testing: {'donch_len': 25, 'vol_min_mult': 2.0, 'tp1_fee_mult': 2.5, 'tp2_fee_mult': 4.0}

Backtesting BTC-USD...
  BTC-USD: 86398 bars (1m)
  Indicators calculated (4h: 361 bars, 1D: 61 bars)
  Processing 86398 1m bars...
    Processed 10000/86398 bars...
    Processed 20000/86398 bars...
    Processed 30000/86398 bars...
    Processed 40000/86398 bars...
    Processed 50000/86398 bars...
    Processed 60000/86398 bars...
    Processed 70000/86398 bars...
    Processed 80000/86398 bars...
  ✅ Backtest complete
  → Trades: 1, Net P&L: $-4.39, Win Rate: 0.0%, TP1 Hit: 0.0%

[135/180] Testing: {'donch_len': 25, 'vol_min_mult': 2.0, 'tp1_fee_mult': 2.5, 'tp2_fee_mult': 5.0}

Backtesting BTC-USD...
  BTC-USD: 86398 bars (1m)
  Indicators calculated (4h: 361 bars, 1D: 61 bars)
  Processing 86398 1m bars...
    Processed 10000/86398 bars...
    Processed 20000/86398 bars...
    Processed 30000/86398 bars...
    Processed 40000/86398 bars...
    Processed 50000/86398 bars...
    Processed 60000/86398 bars...
    Processed 70000/86398 bars...
    Processed 80000/86398 bars...
  ✅ Backtest complete
  → Trades: 1, Net P&L: $-4.39, Win Rate: 0.0%, TP1 Hit: 0.0%

[136/180] Testing: {'donch_len': 25, 'vol_min_mult': 2.5, 'tp1_fee_mult': 1.5, 'tp2_fee_mult': 3.0}

Backtesting BTC-USD...
  BTC-USD: 86398 bars (1m)
  Indicators calculated (4h: 361 bars, 1D: 61 bars)
  Processing 86398 1m bars...
    Processed 10000/86398 bars...
    Processed 20000/86398 bars...
    Processed 30000/86398 bars...
    Processed 40000/86398 bars...
    Processed 50000/86398 bars...
    Processed 60000/86398 bars...
    Processed 70000/86398 bars...
    Processed 80000/86398 bars...
  ✅ Backtest complete
  → Trades: 0, Net P&L: $0.00, Win Rate: 0.0%, TP1 Hit: 0.0%

[137/180] Testing: {'donch_len': 25, 'vol_min_mult': 2.5, 'tp1_fee_mult': 1.5, 'tp2_fee_mult': 4.0}

Backtesting BTC-USD...
  BTC-USD: 86398 bars (1m)
  Indicators calculated (4h: 361 bars, 1D: 61 bars)
  Processing 86398 1m bars...
    Processed 10000/86398 bars...
    Processed 20000/86398 bars...
    Processed 30000/86398 bars...
    Processed 40000/86398 bars...
    Processed 50000/86398 bars...
    Processed 60000/86398 bars...
    Processed 70000/86398 bars...
    Processed 80000/86398 bars...
  ✅ Backtest complete
  → Trades: 0, Net P&L: $0.00, Win Rate: 0.0%, TP1 Hit: 0.0%

[138/180] Testing: {'donch_len': 25, 'vol_min_mult': 2.5, 'tp1_fee_mult': 1.5, 'tp2_fee_mult': 5.0}

Backtesting BTC-USD...
  BTC-USD: 86398 bars (1m)
  Indicators calculated (4h: 361 bars, 1D: 61 bars)
  Processing 86398 1m bars...
    Processed 10000/86398 bars...
    Processed 20000/86398 bars...
    Processed 30000/86398 bars...
    Processed 40000/86398 bars...
    Processed 50000/86398 bars...
    Processed 60000/86398 bars...
    Processed 70000/86398 bars...
    Processed 80000/86398 bars...
  ✅ Backtest complete
  → Trades: 0, Net P&L: $0.00, Win Rate: 0.0%, TP1 Hit: 0.0%

[139/180] Testing: {'donch_len': 25, 'vol_min_mult': 2.5, 'tp1_fee_mult': 2.0, 'tp2_fee_mult': 3.0}

Backtesting BTC-USD...
  BTC-USD: 86398 bars (1m)
  Indicators calculated (4h: 361 bars, 1D: 61 bars)
  Processing 86398 1m bars...
    Processed 10000/86398 bars...
    Processed 20000/86398 bars...
    Processed 30000/86398 bars...
    Processed 40000/86398 bars...
    Processed 50000/86398 bars...
    Processed 60000/86398 bars...
    Processed 70000/86398 bars...
    Processed 80000/86398 bars...
  ✅ Backtest complete
  → Trades: 0, Net P&L: $0.00, Win Rate: 0.0%, TP1 Hit: 0.0%

[140/180] Testing: {'donch_len': 25, 'vol_min_mult': 2.5, 'tp1_fee_mult': 2.0, 'tp2_fee_mult': 4.0}

Backtesting BTC-USD...
  BTC-USD: 86398 bars (1m)
  Indicators calculated (4h: 361 bars, 1D: 61 bars)
  Processing 86398 1m bars...
    Processed 10000/86398 bars...
    Processed 20000/86398 bars...
    Processed 30000/86398 bars...
    Processed 40000/86398 bars...
    Processed 50000/86398 bars...
    Processed 60000/86398 bars...
    Processed 70000/86398 bars...
    Processed 80000/86398 bars...
  ✅ Backtest complete
  → Trades: 0, Net P&L: $0.00, Win Rate: 0.0%, TP1 Hit: 0.0%

[141/180] Testing: {'donch_len': 25, 'vol_min_mult': 2.5, 'tp1_fee_mult': 2.0, 'tp2_fee_mult': 5.0}

Backtesting BTC-USD...
  BTC-USD: 86398 bars (1m)
  Indicators calculated (4h: 361 bars, 1D: 61 bars)
  Processing 86398 1m bars...
    Processed 10000/86398 bars...
    Processed 20000/86398 bars...
    Processed 30000/86398 bars...
    Processed 40000/86398 bars...
    Processed 50000/86398 bars...
    Processed 60000/86398 bars...
    Processed 70000/86398 bars...
    Processed 80000/86398 bars...
  ✅ Backtest complete
  → Trades: 0, Net P&L: $0.00, Win Rate: 0.0%, TP1 Hit: 0.0%

[142/180] Testing: {'donch_len': 25, 'vol_min_mult': 2.5, 'tp1_fee_mult': 2.5, 'tp2_fee_mult': 3.0}

Backtesting BTC-USD...
  BTC-USD: 86398 bars (1m)
  Indicators calculated (4h: 361 bars, 1D: 61 bars)
  Processing 86398 1m bars...
    Processed 10000/86398 bars...
    Processed 20000/86398 bars...
    Processed 30000/86398 bars...
    Processed 40000/86398 bars...
    Processed 50000/86398 bars...
    Processed 60000/86398 bars...
    Processed 70000/86398 bars...
    Processed 80000/86398 bars...
  ✅ Backtest complete
  → Trades: 0, Net P&L: $0.00, Win Rate: 0.0%, TP1 Hit: 0.0%

[143/180] Testing: {'donch_len': 25, 'vol_min_mult': 2.5, 'tp1_fee_mult': 2.5, 'tp2_fee_mult': 4.0}

Backtesting BTC-USD...
  BTC-USD: 86398 bars (1m)
  Indicators calculated (4h: 361 bars, 1D: 61 bars)
  Processing 86398 1m bars...
    Processed 10000/86398 bars...
    Processed 20000/86398 bars...
    Processed 30000/86398 bars...
    Processed 40000/86398 bars...
    Processed 50000/86398 bars...
    Processed 60000/86398 bars...
    Processed 70000/86398 bars...
    Processed 80000/86398 bars...
  ✅ Backtest complete
  → Trades: 0, Net P&L: $0.00, Win Rate: 0.0%, TP1 Hit: 0.0%

[144/180] Testing: {'donch_len': 25, 'vol_min_mult': 2.5, 'tp1_fee_mult': 2.5, 'tp2_fee_mult': 5.0}

Backtesting BTC-USD...
  BTC-USD: 86398 bars (1m)
  Indicators calculated (4h: 361 bars, 1D: 61 bars)
  Processing 86398 1m bars...
    Processed 10000/86398 bars...
    Processed 20000/86398 bars...
    Processed 30000/86398 bars...
    Processed 40000/86398 bars...
    Processed 50000/86398 bars...
    Processed 60000/86398 bars...
    Processed 70000/86398 bars...
    Processed 80000/86398 bars...
  ✅ Backtest complete
  → Trades: 0, Net P&L: $0.00, Win Rate: 0.0%, TP1 Hit: 0.0%

[145/180] Testing: {'donch_len': 30, 'vol_min_mult': 1.0, 'tp1_fee_mult': 1.5, 'tp2_fee_mult': 3.0}

Backtesting BTC-USD...
  BTC-USD: 86398 bars (1m)
  Indicators calculated (4h: 361 bars, 1D: 61 bars)
  Processing 86398 1m bars...
    Processed 10000/86398 bars...
    Processed 20000/86398 bars...
    Processed 30000/86398 bars...
    Processed 40000/86398 bars...
    Processed 50000/86398 bars...
    Processed 60000/86398 bars...
    Processed 70000/86398 bars...
    Processed 80000/86398 bars...
  ✅ Backtest complete
  → Trades: 4, Net P&L: $-14.35, Win Rate: 0.0%, TP1 Hit: 0.0%

[146/180] Testing: {'donch_len': 30, 'vol_min_mult': 1.0, 'tp1_fee_mult': 1.5, 'tp2_fee_mult': 4.0}

Backtesting BTC-USD...
  BTC-USD: 86398 bars (1m)
  Indicators calculated (4h: 361 bars, 1D: 61 bars)
  Processing 86398 1m bars...
    Processed 10000/86398 bars...
    Processed 20000/86398 bars...
    Processed 30000/86398 bars...
    Processed 40000/86398 bars...
    Processed 50000/86398 bars...
    Processed 60000/86398 bars...
    Processed 70000/86398 bars...
    Processed 80000/86398 bars...
  ✅ Backtest complete
  → Trades: 4, Net P&L: $-14.35, Win Rate: 0.0%, TP1 Hit: 0.0%

[147/180] Testing: {'donch_len': 30, 'vol_min_mult': 1.0, 'tp1_fee_mult': 1.5, 'tp2_fee_mult': 5.0}

Backtesting BTC-USD...
  BTC-USD: 86398 bars (1m)
  Indicators calculated (4h: 361 bars, 1D: 61 bars)
  Processing 86398 1m bars...
    Processed 10000/86398 bars...
    Processed 20000/86398 bars...
    Processed 30000/86398 bars...
    Processed 40000/86398 bars...
    Processed 50000/86398 bars...
    Processed 60000/86398 bars...
    Processed 70000/86398 bars...
    Processed 80000/86398 bars...
  ✅ Backtest complete
  → Trades: 4, Net P&L: $-14.35, Win Rate: 0.0%, TP1 Hit: 0.0%

[148/180] Testing: {'donch_len': 30, 'vol_min_mult': 1.0, 'tp1_fee_mult': 2.0, 'tp2_fee_mult': 3.0}

Backtesting BTC-USD...
  BTC-USD: 86398 bars (1m)
  Indicators calculated (4h: 361 bars, 1D: 61 bars)
  Processing 86398 1m bars...
    Processed 10000/86398 bars...
    Processed 20000/86398 bars...
    Processed 30000/86398 bars...
    Processed 40000/86398 bars...
    Processed 50000/86398 bars...
    Processed 60000/86398 bars...
    Processed 70000/86398 bars...
    Processed 80000/86398 bars...
  ✅ Backtest complete
  → Trades: 4, Net P&L: $-14.35, Win Rate: 0.0%, TP1 Hit: 0.0%

[149/180] Testing: {'donch_len': 30, 'vol_min_mult': 1.0, 'tp1_fee_mult': 2.0, 'tp2_fee_mult': 4.0}

Backtesting BTC-USD...
  BTC-USD: 86398 bars (1m)
  Indicators calculated (4h: 361 bars, 1D: 61 bars)
  Processing 86398 1m bars...
    Processed 10000/86398 bars...
    Processed 20000/86398 bars...
    Processed 30000/86398 bars...
    Processed 40000/86398 bars...
    Processed 50000/86398 bars...
    Processed 60000/86398 bars...
    Processed 70000/86398 bars...
    Processed 80000/86398 bars...
  ✅ Backtest complete
  → Trades: 4, Net P&L: $-14.35, Win Rate: 0.0%, TP1 Hit: 0.0%

[150/180] Testing: {'donch_len': 30, 'vol_min_mult': 1.0, 'tp1_fee_mult': 2.0, 'tp2_fee_mult': 5.0}

Backtesting BTC-USD...
  BTC-USD: 86398 bars (1m)
  Indicators calculated (4h: 361 bars, 1D: 61 bars)
  Processing 86398 1m bars...
    Processed 10000/86398 bars...
    Processed 20000/86398 bars...
    Processed 30000/86398 bars...
    Processed 40000/86398 bars...
    Processed 50000/86398 bars...
    Processed 60000/86398 bars...
    Processed 70000/86398 bars...
    Processed 80000/86398 bars...
  ✅ Backtest complete
  → Trades: 4, Net P&L: $-14.35, Win Rate: 0.0%, TP1 Hit: 0.0%

[151/180] Testing: {'donch_len': 30, 'vol_min_mult': 1.0, 'tp1_fee_mult': 2.5, 'tp2_fee_mult': 3.0}

Backtesting BTC-USD...
  BTC-USD: 86398 bars (1m)
  Indicators calculated (4h: 361 bars, 1D: 61 bars)
  Processing 86398 1m bars...
    Processed 10000/86398 bars...
    Processed 20000/86398 bars...
    Processed 30000/86398 bars...
    Processed 40000/86398 bars...
    Processed 50000/86398 bars...
    Processed 60000/86398 bars...
    Processed 70000/86398 bars...
    Processed 80000/86398 bars...
  ✅ Backtest complete
  → Trades: 4, Net P&L: $-14.35, Win Rate: 0.0%, TP1 Hit: 0.0%

[152/180] Testing: {'donch_len': 30, 'vol_min_mult': 1.0, 'tp1_fee_mult': 2.5, 'tp2_fee_mult': 4.0}

Backtesting BTC-USD...
  BTC-USD: 86398 bars (1m)
  Indicators calculated (4h: 361 bars, 1D: 61 bars)
  Processing 86398 1m bars...
    Processed 10000/86398 bars...
    Processed 20000/86398 bars...
    Processed 30000/86398 bars...
    Processed 40000/86398 bars...
    Processed 50000/86398 bars...
    Processed 60000/86398 bars...
    Processed 70000/86398 bars...
    Processed 80000/86398 bars...
  ✅ Backtest complete
  → Trades: 4, Net P&L: $-14.35, Win Rate: 0.0%, TP1 Hit: 0.0%

[153/180] Testing: {'donch_len': 30, 'vol_min_mult': 1.0, 'tp1_fee_mult': 2.5, 'tp2_fee_mult': 5.0}

Backtesting BTC-USD...
  BTC-USD: 86398 bars (1m)
  Indicators calculated (4h: 361 bars, 1D: 61 bars)
  Processing 86398 1m bars...
    Processed 10000/86398 bars...
    Processed 20000/86398 bars...
    Processed 30000/86398 bars...
    Processed 40000/86398 bars...
    Processed 50000/86398 bars...
    Processed 60000/86398 bars...
    Processed 70000/86398 bars...
    Processed 80000/86398 bars...
  ✅ Backtest complete
  → Trades: 4, Net P&L: $-14.35, Win Rate: 0.0%, TP1 Hit: 0.0%

[154/180] Testing: {'donch_len': 30, 'vol_min_mult': 1.5, 'tp1_fee_mult': 1.5, 'tp2_fee_mult': 3.0}

Backtesting BTC-USD...
  BTC-USD: 86398 bars (1m)
  Indicators calculated (4h: 361 bars, 1D: 61 bars)
  Processing 86398 1m bars...
    Processed 10000/86398 bars...
    Processed 20000/86398 bars...
    Processed 30000/86398 bars...
    Processed 40000/86398 bars...
    Processed 50000/86398 bars...
    Processed 60000/86398 bars...
    Processed 70000/86398 bars...
    Processed 80000/86398 bars...
  ✅ Backtest complete
  → Trades: 2, Net P&L: $-8.24, Win Rate: 0.0%, TP1 Hit: 0.0%

[155/180] Testing: {'donch_len': 30, 'vol_min_mult': 1.5, 'tp1_fee_mult': 1.5, 'tp2_fee_mult': 4.0}

Backtesting BTC-USD...
  BTC-USD: 86398 bars (1m)
  Indicators calculated (4h: 361 bars, 1D: 61 bars)
  Processing 86398 1m bars...
    Processed 10000/86398 bars...
    Processed 20000/86398 bars...
    Processed 30000/86398 bars...
    Processed 40000/86398 bars...
    Processed 50000/86398 bars...
    Processed 60000/86398 bars...
    Processed 70000/86398 bars...
    Processed 80000/86398 bars...
  ✅ Backtest complete
  → Trades: 2, Net P&L: $-8.24, Win Rate: 0.0%, TP1 Hit: 0.0%

[156/180] Testing: {'donch_len': 30, 'vol_min_mult': 1.5, 'tp1_fee_mult': 1.5, 'tp2_fee_mult': 5.0}

Backtesting BTC-USD...
  BTC-USD: 86398 bars (1m)
  Indicators calculated (4h: 361 bars, 1D: 61 bars)
  Processing 86398 1m bars...
    Processed 10000/86398 bars...
    Processed 20000/86398 bars...
    Processed 30000/86398 bars...
    Processed 40000/86398 bars...
    Processed 50000/86398 bars...
    Processed 60000/86398 bars...
    Processed 70000/86398 bars...
    Processed 80000/86398 bars...
  ✅ Backtest complete
  → Trades: 2, Net P&L: $-8.24, Win Rate: 0.0%, TP1 Hit: 0.0%

[157/180] Testing: {'donch_len': 30, 'vol_min_mult': 1.5, 'tp1_fee_mult': 2.0, 'tp2_fee_mult': 3.0}

Backtesting BTC-USD...
  BTC-USD: 86398 bars (1m)
  Indicators calculated (4h: 361 bars, 1D: 61 bars)
  Processing 86398 1m bars...
    Processed 10000/86398 bars...
    Processed 20000/86398 bars...
    Processed 30000/86398 bars...
    Processed 40000/86398 bars...
    Processed 50000/86398 bars...
    Processed 60000/86398 bars...
    Processed 70000/86398 bars...
    Processed 80000/86398 bars...
  ✅ Backtest complete
  → Trades: 2, Net P&L: $-8.24, Win Rate: 0.0%, TP1 Hit: 0.0%

[158/180] Testing: {'donch_len': 30, 'vol_min_mult': 1.5, 'tp1_fee_mult': 2.0, 'tp2_fee_mult': 4.0}

Backtesting BTC-USD...
  BTC-USD: 86398 bars (1m)
  Indicators calculated (4h: 361 bars, 1D: 61 bars)
  Processing 86398 1m bars...
    Processed 10000/86398 bars...
    Processed 20000/86398 bars...
    Processed 30000/86398 bars...
    Processed 40000/86398 bars...
    Processed 50000/86398 bars...
    Processed 60000/86398 bars...
    Processed 70000/86398 bars...
    Processed 80000/86398 bars...
  ✅ Backtest complete
  → Trades: 2, Net P&L: $-8.24, Win Rate: 0.0%, TP1 Hit: 0.0%

[159/180] Testing: {'donch_len': 30, 'vol_min_mult': 1.5, 'tp1_fee_mult': 2.0, 'tp2_fee_mult': 5.0}

Backtesting BTC-USD...
  BTC-USD: 86398 bars (1m)
  Indicators calculated (4h: 361 bars, 1D: 61 bars)
  Processing 86398 1m bars...
    Processed 10000/86398 bars...
    Processed 20000/86398 bars...
    Processed 30000/86398 bars...
    Processed 40000/86398 bars...
    Processed 50000/86398 bars...
    Processed 60000/86398 bars...
    Processed 70000/86398 bars...
    Processed 80000/86398 bars...
  ✅ Backtest complete
  → Trades: 2, Net P&L: $-8.24, Win Rate: 0.0%, TP1 Hit: 0.0%

[160/180] Testing: {'donch_len': 30, 'vol_min_mult': 1.5, 'tp1_fee_mult': 2.5, 'tp2_fee_mult': 3.0}

Backtesting BTC-USD...
  BTC-USD: 86398 bars (1m)
  Indicators calculated (4h: 361 bars, 1D: 61 bars)
  Processing 86398 1m bars...
    Processed 10000/86398 bars...
    Processed 20000/86398 bars...
    Processed 30000/86398 bars...
    Processed 40000/86398 bars...
    Processed 50000/86398 bars...
    Processed 60000/86398 bars...
    Processed 70000/86398 bars...
    Processed 80000/86398 bars...
  ✅ Backtest complete
  → Trades: 2, Net P&L: $-8.24, Win Rate: 0.0%, TP1 Hit: 0.0%

[161/180] Testing: {'donch_len': 30, 'vol_min_mult': 1.5, 'tp1_fee_mult': 2.5, 'tp2_fee_mult': 4.0}

Backtesting BTC-USD...
  BTC-USD: 86398 bars (1m)
  Indicators calculated (4h: 361 bars, 1D: 61 bars)
  Processing 86398 1m bars...
    Processed 10000/86398 bars...
    Processed 20000/86398 bars...
    Processed 30000/86398 bars...
    Processed 40000/86398 bars...
    Processed 50000/86398 bars...
    Processed 60000/86398 bars...
    Processed 70000/86398 bars...
    Processed 80000/86398 bars...
  ✅ Backtest complete
  → Trades: 2, Net P&L: $-8.24, Win Rate: 0.0%, TP1 Hit: 0.0%

[162/180] Testing: {'donch_len': 30, 'vol_min_mult': 1.5, 'tp1_fee_mult': 2.5, 'tp2_fee_mult': 5.0}

Backtesting BTC-USD...
  BTC-USD: 86398 bars (1m)
  Indicators calculated (4h: 361 bars, 1D: 61 bars)
  Processing 86398 1m bars...
    Processed 10000/86398 bars...
    Processed 20000/86398 bars...
    Processed 30000/86398 bars...
    Processed 40000/86398 bars...
    Processed 50000/86398 bars...
    Processed 60000/86398 bars...
    Processed 70000/86398 bars...
    Processed 80000/86398 bars...
  ✅ Backtest complete
  → Trades: 2, Net P&L: $-8.24, Win Rate: 0.0%, TP1 Hit: 0.0%

[163/180] Testing: {'donch_len': 30, 'vol_min_mult': 2.0, 'tp1_fee_mult': 1.5, 'tp2_fee_mult': 3.0}

Backtesting BTC-USD...
  BTC-USD: 86398 bars (1m)
  Indicators calculated (4h: 361 bars, 1D: 61 bars)
  Processing 86398 1m bars...
    Processed 10000/86398 bars...
    Processed 20000/86398 bars...
    Processed 30000/86398 bars...
    Processed 40000/86398 bars...
    Processed 50000/86398 bars...
    Processed 60000/86398 bars...
    Processed 70000/86398 bars...
    Processed 80000/86398 bars...
  ✅ Backtest complete
  → Trades: 1, Net P&L: $-4.39, Win Rate: 0.0%, TP1 Hit: 0.0%

[164/180] Testing: {'donch_len': 30, 'vol_min_mult': 2.0, 'tp1_fee_mult': 1.5, 'tp2_fee_mult': 4.0}

Backtesting BTC-USD...
  BTC-USD: 86398 bars (1m)
  Indicators calculated (4h: 361 bars, 1D: 61 bars)
  Processing 86398 1m bars...
    Processed 10000/86398 bars...
    Processed 20000/86398 bars...
    Processed 30000/86398 bars...
    Processed 40000/86398 bars...
    Processed 50000/86398 bars...
    Processed 60000/86398 bars...
    Processed 70000/86398 bars...
    Processed 80000/86398 bars...
  ✅ Backtest complete
  → Trades: 1, Net P&L: $-4.39, Win Rate: 0.0%, TP1 Hit: 0.0%

[165/180] Testing: {'donch_len': 30, 'vol_min_mult': 2.0, 'tp1_fee_mult': 1.5, 'tp2_fee_mult': 5.0}

Backtesting BTC-USD...
  BTC-USD: 86398 bars (1m)
  Indicators calculated (4h: 361 bars, 1D: 61 bars)
  Processing 86398 1m bars...
    Processed 10000/86398 bars...
    Processed 20000/86398 bars...
    Processed 30000/86398 bars...
    Processed 40000/86398 bars...
    Processed 50000/86398 bars...
    Processed 60000/86398 bars...
    Processed 70000/86398 bars...
    Processed 80000/86398 bars...
  ✅ Backtest complete
  → Trades: 1, Net P&L: $-4.39, Win Rate: 0.0%, TP1 Hit: 0.0%

[166/180] Testing: {'donch_len': 30, 'vol_min_mult': 2.0, 'tp1_fee_mult': 2.0, 'tp2_fee_mult': 3.0}

Backtesting BTC-USD...
  BTC-USD: 86398 bars (1m)
  Indicators calculated (4h: 361 bars, 1D: 61 bars)
  Processing 86398 1m bars...
    Processed 10000/86398 bars...
    Processed 20000/86398 bars...
    Processed 30000/86398 bars...
    Processed 40000/86398 bars...
    Processed 50000/86398 bars...
    Processed 60000/86398 bars...
    Processed 70000/86398 bars...
    Processed 80000/86398 bars...
  ✅ Backtest complete
  → Trades: 1, Net P&L: $-4.39, Win Rate: 0.0%, TP1 Hit: 0.0%

[167/180] Testing: {'donch_len': 30, 'vol_min_mult': 2.0, 'tp1_fee_mult': 2.0, 'tp2_fee_mult': 4.0}

Backtesting BTC-USD...
  BTC-USD: 86398 bars (1m)
  Indicators calculated (4h: 361 bars, 1D: 61 bars)
  Processing 86398 1m bars...
    Processed 10000/86398 bars...
    Processed 20000/86398 bars...
    Processed 30000/86398 bars...
    Processed 40000/86398 bars...
    Processed 50000/86398 bars...
    Processed 60000/86398 bars...
    Processed 70000/86398 bars...
    Processed 80000/86398 bars...
  ✅ Backtest complete
  → Trades: 1, Net P&L: $-4.39, Win Rate: 0.0%, TP1 Hit: 0.0%

[168/180] Testing: {'donch_len': 30, 'vol_min_mult': 2.0, 'tp1_fee_mult': 2.0, 'tp2_fee_mult': 5.0}

Backtesting BTC-USD...
  BTC-USD: 86398 bars (1m)
  Indicators calculated (4h: 361 bars, 1D: 61 bars)
  Processing 86398 1m bars...
    Processed 10000/86398 bars...
    Processed 20000/86398 bars...
    Processed 30000/86398 bars...
    Processed 40000/86398 bars...
    Processed 50000/86398 bars...
    Processed 60000/86398 bars...
    Processed 70000/86398 bars...
    Processed 80000/86398 bars...
  ✅ Backtest complete
  → Trades: 1, Net P&L: $-4.39, Win Rate: 0.0%, TP1 Hit: 0.0%

[169/180] Testing: {'donch_len': 30, 'vol_min_mult': 2.0, 'tp1_fee_mult': 2.5, 'tp2_fee_mult': 3.0}

Backtesting BTC-USD...
  BTC-USD: 86398 bars (1m)
  Indicators calculated (4h: 361 bars, 1D: 61 bars)
  Processing 86398 1m bars...
    Processed 10000/86398 bars...
    Processed 20000/86398 bars...
    Processed 30000/86398 bars...
    Processed 40000/86398 bars...
    Processed 50000/86398 bars...
    Processed 60000/86398 bars...
    Processed 70000/86398 bars...
    Processed 80000/86398 bars...
  ✅ Backtest complete
  → Trades: 1, Net P&L: $-4.39, Win Rate: 0.0%, TP1 Hit: 0.0%

[170/180] Testing: {'donch_len': 30, 'vol_min_mult': 2.0, 'tp1_fee_mult': 2.5, 'tp2_fee_mult': 4.0}

Backtesting BTC-USD...
  BTC-USD: 86398 bars (1m)
  Indicators calculated (4h: 361 bars, 1D: 61 bars)
  Processing 86398 1m bars...
    Processed 10000/86398 bars...
    Processed 20000/86398 bars...
    Processed 30000/86398 bars...
    Processed 40000/86398 bars...
    Processed 50000/86398 bars...
    Processed 60000/86398 bars...
    Processed 70000/86398 bars...
    Processed 80000/86398 bars...
  ✅ Backtest complete
  → Trades: 1, Net P&L: $-4.39, Win Rate: 0.0%, TP1 Hit: 0.0%

[171/180] Testing: {'donch_len': 30, 'vol_min_mult': 2.0, 'tp1_fee_mult': 2.5, 'tp2_fee_mult': 5.0}

Backtesting BTC-USD...
  BTC-USD: 86398 bars (1m)
  Indicators calculated (4h: 361 bars, 1D: 61 bars)
  Processing 86398 1m bars...
    Processed 10000/86398 bars...
    Processed 20000/86398 bars...
    Processed 30000/86398 bars...
    Processed 40000/86398 bars...
    Processed 50000/86398 bars...
    Processed 60000/86398 bars...
    Processed 70000/86398 bars...
    Processed 80000/86398 bars...
  ✅ Backtest complete
  → Trades: 1, Net P&L: $-4.39, Win Rate: 0.0%, TP1 Hit: 0.0%

[172/180] Testing: {'donch_len': 30, 'vol_min_mult': 2.5, 'tp1_fee_mult': 1.5, 'tp2_fee_mult': 3.0}

Backtesting BTC-USD...
  BTC-USD: 86398 bars (1m)
  Indicators calculated (4h: 361 bars, 1D: 61 bars)
  Processing 86398 1m bars...
    Processed 10000/86398 bars...
    Processed 20000/86398 bars...
    Processed 30000/86398 bars...
    Processed 40000/86398 bars...
    Processed 50000/86398 bars...
    Processed 60000/86398 bars...
    Processed 70000/86398 bars...
    Processed 80000/86398 bars...
  ✅ Backtest complete
  → Trades: 0, Net P&L: $0.00, Win Rate: 0.0%, TP1 Hit: 0.0%

[173/180] Testing: {'donch_len': 30, 'vol_min_mult': 2.5, 'tp1_fee_mult': 1.5, 'tp2_fee_mult': 4.0}

Backtesting BTC-USD...
  BTC-USD: 86398 bars (1m)
  Indicators calculated (4h: 361 bars, 1D: 61 bars)
  Processing 86398 1m bars...
    Processed 10000/86398 bars...
    Processed 20000/86398 bars...
    Processed 30000/86398 bars...
    Processed 40000/86398 bars...
    Processed 50000/86398 bars...
    Processed 60000/86398 bars...
    Processed 70000/86398 bars...
    Processed 80000/86398 bars...
  ✅ Backtest complete
  → Trades: 0, Net P&L: $0.00, Win Rate: 0.0%, TP1 Hit: 0.0%

[174/180] Testing: {'donch_len': 30, 'vol_min_mult': 2.5, 'tp1_fee_mult': 1.5, 'tp2_fee_mult': 5.0}

Backtesting BTC-USD...
  BTC-USD: 86398 bars (1m)
  Indicators calculated (4h: 361 bars, 1D: 61 bars)
  Processing 86398 1m bars...
    Processed 10000/86398 bars...
    Processed 20000/86398 bars...
    Processed 30000/86398 bars...
    Processed 40000/86398 bars...
    Processed 50000/86398 bars...
    Processed 60000/86398 bars...
    Processed 70000/86398 bars...
    Processed 80000/86398 bars...
  ✅ Backtest complete
  → Trades: 0, Net P&L: $0.00, Win Rate: 0.0%, TP1 Hit: 0.0%

[175/180] Testing: {'donch_len': 30, 'vol_min_mult': 2.5, 'tp1_fee_mult': 2.0, 'tp2_fee_mult': 3.0}

Backtesting BTC-USD...
  BTC-USD: 86398 bars (1m)
  Indicators calculated (4h: 361 bars, 1D: 61 bars)
  Processing 86398 1m bars...
    Processed 10000/86398 bars...
    Processed 20000/86398 bars...
    Processed 30000/86398 bars...
    Processed 40000/86398 bars...
    Processed 50000/86398 bars...
    Processed 60000/86398 bars...
    Processed 70000/86398 bars...
    Processed 80000/86398 bars...
  ✅ Backtest complete
  → Trades: 0, Net P&L: $0.00, Win Rate: 0.0%, TP1 Hit: 0.0%

[176/180] Testing: {'donch_len': 30, 'vol_min_mult': 2.5, 'tp1_fee_mult': 2.0, 'tp2_fee_mult': 4.0}

Backtesting BTC-USD...
  BTC-USD: 86398 bars (1m)
  Indicators calculated (4h: 361 bars, 1D: 61 bars)
  Processing 86398 1m bars...
    Processed 10000/86398 bars...
    Processed 20000/86398 bars...
    Processed 30000/86398 bars...
    Processed 40000/86398 bars...
    Processed 50000/86398 bars...
    Processed 60000/86398 bars...
    Processed 70000/86398 bars...
    Processed 80000/86398 bars...
  ✅ Backtest complete
  → Trades: 0, Net P&L: $0.00, Win Rate: 0.0%, TP1 Hit: 0.0%

[177/180] Testing: {'donch_len': 30, 'vol_min_mult': 2.5, 'tp1_fee_mult': 2.0, 'tp2_fee_mult': 5.0}

Backtesting BTC-USD...
  BTC-USD: 86398 bars (1m)
  Indicators calculated (4h: 361 bars, 1D: 61 bars)
  Processing 86398 1m bars...
    Processed 10000/86398 bars...
    Processed 20000/86398 bars...
    Processed 30000/86398 bars...
    Processed 40000/86398 bars...
    Processed 50000/86398 bars...
    Processed 60000/86398 bars...
    Processed 70000/86398 bars...
    Processed 80000/86398 bars...
  ✅ Backtest complete
  → Trades: 0, Net P&L: $0.00, Win Rate: 0.0%, TP1 Hit: 0.0%

[178/180] Testing: {'donch_len': 30, 'vol_min_mult': 2.5, 'tp1_fee_mult': 2.5, 'tp2_fee_mult': 3.0}

Backtesting BTC-USD...
  BTC-USD: 86398 bars (1m)
  Indicators calculated (4h: 361 bars, 1D: 61 bars)
  Processing 86398 1m bars...
    Processed 10000/86398 bars...
    Processed 20000/86398 bars...
    Processed 30000/86398 bars...
    Processed 40000/86398 bars...
    Processed 50000/86398 bars...
    Processed 60000/86398 bars...
    Processed 70000/86398 bars...
    Processed 80000/86398 bars...
  ✅ Backtest complete
  → Trades: 0, Net P&L: $0.00, Win Rate: 0.0%, TP1 Hit: 0.0%

[179/180] Testing: {'donch_len': 30, 'vol_min_mult': 2.5, 'tp1_fee_mult': 2.5, 'tp2_fee_mult': 4.0}

Backtesting BTC-USD...
  BTC-USD: 86398 bars (1m)
  Indicators calculated (4h: 361 bars, 1D: 61 bars)
  Processing 86398 1m bars...
    Processed 10000/86398 bars...
    Processed 20000/86398 bars...
    Processed 30000/86398 bars...
    Processed 40000/86398 bars...
    Processed 50000/86398 bars...
    Processed 60000/86398 bars...
    Processed 70000/86398 bars...
    Processed 80000/86398 bars...
  ✅ Backtest complete
  → Trades: 0, Net P&L: $0.00, Win Rate: 0.0%, TP1 Hit: 0.0%

[180/180] Testing: {'donch_len': 30, 'vol_min_mult': 2.5, 'tp1_fee_mult': 2.5, 'tp2_fee_mult': 5.0}

Backtesting BTC-USD...
  BTC-USD: 86398 bars (1m)
  Indicators calculated (4h: 361 bars, 1D: 61 bars)
  Processing 86398 1m bars...
    Processed 10000/86398 bars...
    Processed 20000/86398 bars...
    Processed 30000/86398 bars...
    Processed 40000/86398 bars...
    Processed 50000/86398 bars...
    Processed 60000/86398 bars...
    Processed 70000/86398 bars...
    Processed 80000/86398 bars...
  ✅ Backtest complete
  → Trades: 0, Net P&L: $0.00, Win Rate: 0.0%, TP1 Hit: 0.0%


================================================================================
OPTIMIZATION RESULTS SUMMARY
================================================================================

Total configurations tested: 180
Configurations with positive P&L: 0
Configurations with trades: 135

================================================================================
TOP 10 CONFIGURATIONS BY NET P&L
================================================================================

1. Net P&L: $0.00
   Params: donch_len=10.0, vol_min_mult=2.5, tp1_fee_mult=2.0, tp2_fee_mult=5.0
   Trades: 0.0, Freq: 0.0/mo, Win Rate: 0.0%, TP1 Hit: 0.0%

2. Net P&L: $0.00
   Params: donch_len=10.0, vol_min_mult=2.5, tp1_fee_mult=2.5, tp2_fee_mult=3.0
   Trades: 0.0, Freq: 0.0/mo, Win Rate: 0.0%, TP1 Hit: 0.0%

3. Net P&L: $0.00
   Params: donch_len=10.0, vol_min_mult=2.5, tp1_fee_mult=2.5, tp2_fee_mult=4.0
   Trades: 0.0, Freq: 0.0/mo, Win Rate: 0.0%, TP1 Hit: 0.0%

4. Net P&L: $0.00
   Params: donch_len=10.0, vol_min_mult=2.5, tp1_fee_mult=1.5, tp2_fee_mult=3.0
   Trades: 0.0, Freq: 0.0/mo, Win Rate: 0.0%, TP1 Hit: 0.0%

5. Net P&L: $0.00
   Params: donch_len=10.0, vol_min_mult=2.5, tp1_fee_mult=1.5, tp2_fee_mult=4.0
   Trades: 0.0, Freq: 0.0/mo, Win Rate: 0.0%, TP1 Hit: 0.0%

6. Net P&L: $0.00
   Params: donch_len=10.0, vol_min_mult=2.5, tp1_fee_mult=1.5, tp2_fee_mult=5.0
   Trades: 0.0, Freq: 0.0/mo, Win Rate: 0.0%, TP1 Hit: 0.0%

7. Net P&L: $0.00
   Params: donch_len=10.0, vol_min_mult=2.5, tp1_fee_mult=2.0, tp2_fee_mult=3.0
   Trades: 0.0, Freq: 0.0/mo, Win Rate: 0.0%, TP1 Hit: 0.0%

8. Net P&L: $0.00
   Params: donch_len=10.0, vol_min_mult=2.5, tp1_fee_mult=2.0, tp2_fee_mult=4.0
   Trades: 0.0, Freq: 0.0/mo, Win Rate: 0.0%, TP1 Hit: 0.0%

9. Net P&L: $0.00
   Params: donch_len=10.0, vol_min_mult=2.5, tp1_fee_mult=2.5, tp2_fee_mult=5.0
   Trades: 0.0, Freq: 0.0/mo, Win Rate: 0.0%, TP1 Hit: 0.0%

10. Net P&L: $0.00
   Params: donch_len=20.0, vol_min_mult=2.5, tp1_fee_mult=2.0, tp2_fee_mult=3.0
   Trades: 0.0, Freq: 0.0/mo, Win Rate: 0.0%, TP1 Hit: 0.0%

================================================================================
VIABLE CONFIGURATIONS (meet all criteria): 0
================================================================================

⚠️  No configurations meet all success criteria
Consider relaxing constraints or expanding parameter grid
================================================================================
📊 Results exported: optimizer_4h_hybrid_BTC-USD_20260130_131929.csv

✅ Optimization complete!
